00001	2026-08-07 06:31:12	easy	4	{"card_id": 1, "state": 2, "step": null, "stability": 8.2956, "difficulty": 1.0, "due": "2026-08-13T21:31:12+00:00", "last_review": "2026-08-06T21:31:12+00:00"}	{"card_id": 1, "rating": 4, "review_datetime": "2026-08-06T21:31:12+00:00", "review_duration": null}
00002	2026-08-07 06:32:11	easy	4	{"card_id": 2, "state": 2, "step": null, "stability": 8.2956, "difficulty": 1.0, "due": "2026-08-15T21:32:11+00:00", "last_review": "2026-08-06T21:32:11+00:00"}	{"card_id": 2, "rating": 4, "review_datetime": "2026-08-06T21:32:11+00:00", "review_duration": null}
00003	2026-08-07 06:33:09	easy	4	{"card_id": 3, "state": 2, "step": null, "stability": 8.2956, "difficulty": 1.0, "due": "2026-08-15T21:33:09+00:00", "last_review": "2026-08-06T21:33:09+00:00"}	{"card_id": 3, "rating": 4, "review_datetime": "2026-08-06T21:33:09+00:00", "review_duration": null}
00004	2026-08-07 06:33:41	easy	4	{"card_id": 4, "state": 2, "step": null, "stability": 8.2956, "difficulty": 1.0, "due": "2026-08-14T21:33:41+00:00", "last_review": "2026-08-06T21:33:41+00:00"}	{"card_id": 4, "rating": 4, "review_datetime": "2026-08-06T21:33:41+00:00", "review_duration": null}
00005	2026-08-07 06:34:16	good	3	{"card_id": 5, "state": 1, "step": 1, "stability": 2.3065, "difficulty": 2.118103970459016, "due": "2026-08-06T21:44:16+00:00", "last_review": "2026-08-06T21:34:16+00:00"}	{"card_id": 5, "rating": 3, "review_datetime": "2026-08-06T21:34:16+00:00", "review_duration": null}
00006	2026-08-07 06:34:38	easy	4	{"card_id": 6, "state": 2, "step": null, "stability": 8.2956, "difficulty": 1.0, "due": "2026-08-15T21:34:38+00:00", "last_review": "2026-08-06T21:34:38+00:00"}	{"card_id": 6, "rating": 4, "review_datetime": "2026-08-06T21:34:38+00:00", "review_duration": null}
00007	2026-08-07 06:34:48	easy	4	{"card_id": 7, "state": 2, "step": null, "stability": 8.2956, "difficulty": 1.0, "due": "2026-08-13T21:34:48+00:00", "last_review": "2026-08-06T21:34:48+00:00"}	{"card_id": 7, "rating": 4, "review_datetime": "2026-08-06T21:34:48+00:00", "review_duration": null}
00008	2026-08-07 06:35:11	again	4	{"card_id": 8, "state": 2, "step": null, "stability": 8.2956, "difficulty": 1.0, "due": "2026-08-15T21:35:11+00:00", "last_review": "2026-08-06T21:35:11+00:00"}	{"card_id": 8, "rating": 4, "review_datetime": "2026-08-06T21:35:11+00:00", "review_duration": null}
00009	2026-08-07 06:35:21	easy	4	{"card_id": 9, "state": 2, "step": null, "stability": 8.2956, "difficulty": 1.0, "due": "2026-08-13T21:35:21+00:00", "last_review": "2026-08-06T21:35:21+00:00"}	{"card_id": 9, "rating": 4, "review_datetime": "2026-08-06T21:35:21+00:00", "review_duration": null}
00010	2026-08-07 06:35:42	again	4	{"card_id": 10, "state": 2, "step": null, "stability": 8.2956, "difficulty": 1.0, "due": "2026-08-13T21:35:42+00:00", "last_review": "2026-08-06T21:35:42+00:00"}	{"card_id": 10, "rating": 4, "review_datetime": "2026-08-06T21:35:42+00:00", "review_duration": null}
00011	2026-08-07 06:36:10	easy	4	{"card_id": 11, "state": 2, "step": null, "stability": 8.2956, "difficulty": 1.0, "due": "2026-08-15T21:36:10+00:00", "last_review": "2026-08-06T21:36:10+00:00"}	{"card_id": 11, "rating": 4, "review_datetime": "2026-08-06T21:36:10+00:00", "review_duration": null}
00012	2026-08-07 06:36:19	easy	4	{"card_id": 12, "state": 2, "step": null, "stability": 8.2956, "difficulty": 1.0, "due": "2026-08-13T21:36:19+00:00", "last_review": "2026-08-06T21:36:19+00:00"}	{"card_id": 12, "rating": 4, "review_datetime": "2026-08-06T21:36:19+00:00", "review_duration": null}
00013	2026-08-07 06:36:28	easy	4	{"card_id": 13, "state": 2, "step": null, "stability": 8.2956, "difficulty": 1.0, "due": "2026-08-16T21:36:28+00:00", "last_review": "2026-08-06T21:36:28+00:00"}	{"card_id": 13, "rating": 4, "review_datetime": "2026-08-06T21:36:28+00:00", "review_duration": null}
00014	2026-08-07 06:36:49	easy	4	{"card_id": 14, "state": 2, "step": null, "stability": 8.2956, "difficulty": 1.0, "due": "2026-08-13T21:36:49+00:00", "last_review": "2026-08-06T21:36:49+00:00"}	{"card_id": 14, "rating": 4, "review_datetime": "2026-08-06T21:36:49+00:00", "review_duration": null}
00015	2026-08-07 06:37:23	easy	4	{"card_id": 15, "state": 2, "step": null, "stability": 8.2956, "difficulty": 1.0, "due": "2026-08-12T21:37:23+00:00", "last_review": "2026-08-06T21:37:23+00:00"}	{"card_id": 15, "rating": 4, "review_datetime": "2026-08-06T21:37:23+00:00", "review_duration": null}
00016	2026-08-07 06:37:48	easy	4	{"card_id": 16, "state": 2, "step": null, "stability": 8.2956, "difficulty": 1.0, "due": "2026-08-14T21:37:48+00:00", "last_review": "2026-08-06T21:37:48+00:00"}	{"card_id": 16, "rating": 4, "review_datetime": "2026-08-06T21:37:48+00:00", "review_duration": null}
00017	2026-08-07 06:39:04	easy	3	{"card_id": 17, "state": 1, "step": 1, "stability": 2.3065, "difficulty": 2.118103970459016, "due": "2026-08-06T21:49:04+00:00", "last_review": "2026-08-06T21:39:04+00:00"}	{"card_id": 17, "rating": 3, "review_datetime": "2026-08-06T21:39:04+00:00", "review_duration": null}
00018	2026-08-07 06:39:54	easy	4	{"card_id": 18, "state": 2, "step": null, "stability": 8.2956, "difficulty": 1.0, "due": "2026-08-13T21:39:54+00:00", "last_review": "2026-08-06T21:39:54+00:00"}	{"card_id": 18, "rating": 4, "review_datetime": "2026-08-06T21:39:54+00:00", "review_duration": null}
00019	2026-08-07 06:40:19	easy	4	{"card_id": 19, "state": 2, "step": null, "stability": 8.2956, "difficulty": 1.0, "due": "2026-08-13T21:40:19+00:00", "last_review": "2026-08-06T21:40:19+00:00"}	{"card_id": 19, "rating": 4, "review_datetime": "2026-08-06T21:40:19+00:00", "review_duration": null}
00020	2026-08-07 06:41:11	easy	1	{"card_id": 20, "state": 1, "step": 0, "stability": 0.212, "difficulty": 6.4133, "due": "2026-08-06T21:42:11+00:00", "last_review": "2026-08-06T21:41:11+00:00"}	{"card_id": 20, "rating": 1, "review_datetime": "2026-08-06T21:41:11+00:00", "review_duration": null}
00021	2026-08-07 06:41:35	easy	4	{"card_id": 21, "state": 2, "step": null, "stability": 8.2956, "difficulty": 1.0, "due": "2026-08-14T21:41:35+00:00", "last_review": "2026-08-06T21:41:35+00:00"}	{"card_id": 21, "rating": 4, "review_datetime": "2026-08-06T21:41:35+00:00", "review_duration": null}
00022	2026-08-07 06:41:42	again	1	{"card_id": 22, "state": 1, "step": 0, "stability": 0.212, "difficulty": 6.4133, "due": "2026-08-06T21:42:42+00:00", "last_review": "2026-08-06T21:41:42+00:00"}	{"card_id": 22, "rating": 1, "review_datetime": "2026-08-06T21:41:42+00:00", "review_duration": null}
00023	2026-08-07 06:42:04	easy	4	{"card_id": 23, "state": 2, "step": null, "stability": 8.2956, "difficulty": 1.0, "due": "2026-08-14T21:42:04+00:00", "last_review": "2026-08-06T21:42:04+00:00"}	{"card_id": 23, "rating": 4, "review_datetime": "2026-08-06T21:42:04+00:00", "review_duration": null}
00020	2026-08-07 06:42:44	easy	4	{"card_id": 20, "state": 2, "step": null, "stability": 0.42437996387663374, "difficulty": 5.200020369516838, "due": "2026-08-07T21:42:44+00:00", "last_review": "2026-08-06T21:42:44+00:00"}	{"card_id": 20, "rating": 4, "review_datetime": "2026-08-06T21:42:44+00:00", "review_duration": null}
00022	2026-08-07 06:42:53	easy	4	{"card_id": 22, "state": 2, "step": null, "stability": 0.42437996387663374, "difficulty": 5.200020369516838, "due": "2026-08-07T21:42:53+00:00", "last_review": "2026-08-06T21:42:53+00:00"}	{"card_id": 22, "rating": 4, "review_datetime": "2026-08-06T21:42:53+00:00", "review_duration": null}
00024	2026-08-07 06:43:06	easy	4	{"card_id": 24, "state": 2, "step": null, "stability": 8.2956, "difficulty": 1.0, "due": "2026-08-17T21:43:06+00:00", "last_review": "2026-08-06T21:43:06+00:00"}	{"card_id": 24, "rating": 4, "review_datetime": "2026-08-06T21:43:06+00:00", "review_duration": null}
00025	2026-08-07 06:43:25	easy	4	{"card_id": 25, "state": 2, "step": null, "stability": 8.2956, "difficulty": 1.0, "due": "2026-08-16T21:43:25+00:00", "last_review": "2026-08-06T21:43:25+00:00"}	{"card_id": 25, "rating": 4, "review_datetime": "2026-08-06T21:43:25+00:00", "review_duration": null}
00026	2026-08-07 06:44:02	easy	4	{"card_id": 26, "state": 2, "step": null, "stability": 8.2956, "difficulty": 1.0, "due": "2026-08-14T21:44:02+00:00", "last_review": "2026-08-06T21:44:02+00:00"}	{"card_id": 26, "rating": 4, "review_datetime": "2026-08-06T21:44:02+00:00", "review_duration": null}
00005	2026-08-07 06:44:29	easy	4	{"card_id": 5, "state": 2, "step": null, "stability": 3.946054067969477, "difficulty": 1.0, "due": "2026-08-10T21:44:29+00:00", "last_review": "2026-08-06T21:44:29+00:00"}	{"card_id": 5, "rating": 4, "review_datetime": "2026-08-06T21:44:29+00:00", "review_duration": null}
00027	2026-08-07 06:44:42	again	3	{"card_id": 27, "state": 1, "step": 1, "stability": 2.3065, "difficulty": 2.118103970459016, "due": "2026-08-06T21:54:42+00:00", "last_review": "2026-08-06T21:44:42+00:00"}	{"card_id": 27, "rating": 3, "review_datetime": "2026-08-06T21:44:42+00:00", "review_duration": null}
00028	2026-08-07 06:44:58	easy	4	{"card_id": 28, "state": 2, "step": null, "stability": 8.2956, "difficulty": 1.0, "due": "2026-08-12T21:44:58+00:00", "last_review": "2026-08-06T21:44:58+00:00"}	{"card_id": 28, "rating": 4, "review_datetime": "2026-08-06T21:44:58+00:00", "review_duration": null}
00029	2026-08-07 06:45:30	easy	4	{"card_id": 29, "state": 2, "step": null, "stability": 8.2956, "difficulty": 1.0, "due": "2026-08-15T21:45:30+00:00", "last_review": "2026-08-06T21:45:30+00:00"}	{"card_id": 29, "rating": 4, "review_datetime": "2026-08-06T21:45:30+00:00", "review_duration": null}
00030	2026-08-07 06:46:02	again	1	{"card_id": 30, "state": 1, "step": 0, "stability": 0.212, "difficulty": 6.4133, "due": "2026-08-06T21:47:02+00:00", "last_review": "2026-08-06T21:46:02+00:00"}	{"card_id": 30, "rating": 1, "review_datetime": "2026-08-06T21:46:02+00:00", "review_duration": null}
00031	2026-08-07 06:46:11	again	1	{"card_id": 31, "state": 1, "step": 0, "stability": 0.212, "difficulty": 6.4133, "due": "2026-08-06T21:47:11+00:00", "last_review": "2026-08-06T21:46:11+00:00"}	{"card_id": 31, "rating": 1, "review_datetime": "2026-08-06T21:46:11+00:00", "review_duration": null}
00030	2026-08-07 06:47:32	easy	4	{"card_id": 30, "state": 2, "step": null, "stability": 0.42437996387663374, "difficulty": 5.200020369516838, "due": "2026-08-07T21:47:32+00:00", "last_review": "2026-08-06T21:47:32+00:00"}	{"card_id": 30, "rating": 4, "review_datetime": "2026-08-06T21:47:32+00:00", "review_duration": null}
00031	2026-08-07 06:47:38	easy	4	{"card_id": 31, "state": 2, "step": null, "stability": 0.42437996387663374, "difficulty": 5.200020369516838, "due": "2026-08-07T21:47:38+00:00", "last_review": "2026-08-06T21:47:38+00:00"}	{"card_id": 31, "rating": 4, "review_datetime": "2026-08-06T21:47:38+00:00", "review_duration": null}
00032	2026-08-07 06:47:47	again	4	{"card_id": 32, "state": 2, "step": null, "stability": 8.2956, "difficulty": 1.0, "due": "2026-08-15T21:47:47+00:00", "last_review": "2026-08-06T21:47:47+00:00"}	{"card_id": 32, "rating": 4, "review_datetime": "2026-08-06T21:47:47+00:00", "review_duration": null}
00033	2026-08-07 06:48:20	easy	4	{"card_id": 33, "state": 2, "step": null, "stability": 8.2956, "difficulty": 1.0, "due": "2026-08-13T21:48:20+00:00", "last_review": "2026-08-06T21:48:20+00:00"}	{"card_id": 33, "rating": 4, "review_datetime": "2026-08-06T21:48:20+00:00", "review_duration": null}
00034	2026-08-07 06:49:04	again	4	{"card_id": 34, "state": 2, "step": null, "stability": 8.2956, "difficulty": 1.0, "due": "2026-08-16T21:49:04+00:00", "last_review": "2026-08-06T21:49:04+00:00"}	{"card_id": 34, "rating": 4, "review_datetime": "2026-08-06T21:49:04+00:00", "review_duration": null}
00017	2026-08-07 06:50:46	easy	4	{"card_id": 17, "state": 2, "step": null, "stability": 3.946054067969477, "difficulty": 1.0, "due": "2026-08-11T21:50:46+00:00", "last_review": "2026-08-06T21:50:46+00:00"}	{"card_id": 17, "rating": 4, "review_datetime": "2026-08-06T21:50:46+00:00", "review_duration": null}
00035	2026-08-07 06:50:57	again	1	{"card_id": 35, "state": 1, "step": 0, "stability": 0.212, "difficulty": 6.4133, "due": "2026-08-06T21:51:57+00:00", "last_review": "2026-08-06T21:50:57+00:00"}	{"card_id": 35, "rating": 1, "review_datetime": "2026-08-06T21:50:57+00:00", "review_duration": null}
00036	2026-08-07 06:51:22	good	1	{"card_id": 36, "state": 1, "step": 0, "stability": 0.212, "difficulty": 6.4133, "due": "2026-08-06T21:52:22+00:00", "last_review": "2026-08-06T21:51:22+00:00"}	{"card_id": 36, "rating": 1, "review_datetime": "2026-08-06T21:51:22+00:00", "review_duration": null}
00037	2026-08-07 06:51:43	easy	4	{"card_id": 37, "state": 2, "step": null, "stability": 8.2956, "difficulty": 1.0, "due": "2026-08-12T21:51:43+00:00", "last_review": "2026-08-06T21:51:43+00:00"}	{"card_id": 37, "rating": 4, "review_datetime": "2026-08-06T21:51:43+00:00", "review_duration": null}
00035	2026-08-07 06:52:36	easy	4	{"card_id": 35, "state": 2, "step": null, "stability": 0.42437996387663374, "difficulty": 5.200020369516838, "due": "2026-08-07T21:52:36+00:00", "last_review": "2026-08-06T21:52:36+00:00"}	{"card_id": 35, "rating": 4, "review_datetime": "2026-08-06T21:52:36+00:00", "review_duration": null}
00036	2026-08-07 06:52:44	easy	4	{"card_id": 36, "state": 2, "step": null, "stability": 0.42437996387663374, "difficulty": 5.200020369516838, "due": "2026-08-07T21:52:44+00:00", "last_review": "2026-08-06T21:52:44+00:00"}	{"card_id": 36, "rating": 4, "review_datetime": "2026-08-06T21:52:44+00:00", "review_duration": null}
00038	2026-08-07 06:52:51	easy	4	{"card_id": 38, "state": 2, "step": null, "stability": 8.2956, "difficulty": 1.0, "due": "2026-08-14T21:52:51+00:00", "last_review": "2026-08-06T21:52:51+00:00"}	{"card_id": 38, "rating": 4, "review_datetime": "2026-08-06T21:52:51+00:00", "review_duration": null}
00039	2026-08-07 06:53:21	easy	1	{"card_id": 39, "state": 1, "step": 0, "stability": 0.212, "difficulty": 6.4133, "due": "2026-08-06T21:54:21+00:00", "last_review": "2026-08-06T21:53:21+00:00"}	{"card_id": 39, "rating": 1, "review_datetime": "2026-08-06T21:53:21+00:00", "review_duration": null}
00040	2026-08-07 06:53:44	easy	4	{"card_id": 40, "state": 2, "step": null, "stability": 8.2956, "difficulty": 1.0, "due": "2026-08-15T21:53:44+00:00", "last_review": "2026-08-06T21:53:44+00:00"}	{"card_id": 40, "rating": 4, "review_datetime": "2026-08-06T21:53:44+00:00", "review_duration": null}
00041	2026-08-07 06:54:53	easy	4	{"card_id": 41, "state": 2, "step": null, "stability": 8.2956, "difficulty": 1.0, "due": "2026-08-13T21:54:53+00:00", "last_review": "2026-08-06T21:54:53+00:00"}	{"card_id": 41, "rating": 4, "review_datetime": "2026-08-06T21:54:53+00:00", "review_duration": null}
00027	2026-08-07 06:55:17	easy	4	{"card_id": 27, "state": 2, "step": null, "stability": 3.946054067969477, "difficulty": 1.0, "due": "2026-08-12T21:55:17+00:00", "last_review": "2026-08-06T21:55:17+00:00"}	{"card_id": 27, "rating": 4, "review_datetime": "2026-08-06T21:55:17+00:00", "review_duration": null}
00039	2026-08-07 06:57:24	easy	4	{"card_id": 39, "state": 2, "step": null, "stability": 0.42437996387663374, "difficulty": 5.200020369516838, "due": "2026-08-07T21:57:24+00:00", "last_review": "2026-08-06T21:57:24+00:00"}	{"card_id": 39, "rating": 4, "review_datetime": "2026-08-06T21:57:24+00:00", "review_duration": null}
00042	2026-08-07 06:57:46	easy	4	{"card_id": 42, "state": 2, "step": null, "stability": 8.2956, "difficulty": 1.0, "due": "2026-08-17T21:57:46+00:00", "last_review": "2026-08-06T21:57:46+00:00"}	{"card_id": 42, "rating": 4, "review_datetime": "2026-08-06T21:57:46+00:00", "review_duration": null}
00043	2026-08-07 06:59:04	again	1	{"card_id": 43, "state": 1, "step": 0, "stability": 0.212, "difficulty": 6.4133, "due": "2026-08-06T22:00:04+00:00", "last_review": "2026-08-06T21:59:04+00:00"}	{"card_id": 43, "rating": 1, "review_datetime": "2026-08-06T21:59:04+00:00", "review_duration": null}
00044	2026-08-07 06:59:48	good	3	{"card_id": 44, "state": 1, "step": 1, "stability": 2.3065, "difficulty": 2.118103970459016, "due": "2026-08-06T22:09:48+00:00", "last_review": "2026-08-06T21:59:48+00:00"}	{"card_id": 44, "rating": 3, "review_datetime": "2026-08-06T21:59:48+00:00", "review_duration": null}
00045	2026-08-07 07:00:27	easy	4	{"card_id": 45, "state": 2, "step": null, "stability": 8.2956, "difficulty": 1.0, "due": "2026-08-14T22:00:27+00:00", "last_review": "2026-08-06T22:00:27+00:00"}	{"card_id": 45, "rating": 4, "review_datetime": "2026-08-06T22:00:27+00:00", "review_duration": null}
00043	2026-08-07 07:01:10	easy	4	{"card_id": 43, "state": 2, "step": null, "stability": 0.42437996387663374, "difficulty": 5.200020369516838, "due": "2026-08-07T22:01:10+00:00", "last_review": "2026-08-06T22:01:10+00:00"}	{"card_id": 43, "rating": 4, "review_datetime": "2026-08-06T22:01:10+00:00", "review_duration": null}
00046	2026-08-07 07:01:25	easy	4	{"card_id": 46, "state": 2, "step": null, "stability": 8.2956, "difficulty": 1.0, "due": "2026-08-14T22:01:25+00:00", "last_review": "2026-08-06T22:01:25+00:00"}	{"card_id": 46, "rating": 4, "review_datetime": "2026-08-06T22:01:25+00:00", "review_duration": null}
00047	2026-08-07 07:02:19	easy	4	{"card_id": 47, "state": 2, "step": null, "stability": 8.2956, "difficulty": 1.0, "due": "2026-08-16T22:02:19+00:00", "last_review": "2026-08-06T22:02:19+00:00"}	{"card_id": 47, "rating": 4, "review_datetime": "2026-08-06T22:02:19+00:00", "review_duration": null}
00048	2026-08-07 07:02:35	easy	4	{"card_id": 48, "state": 2, "step": null, "stability": 8.2956, "difficulty": 1.0, "due": "2026-08-15T22:02:35+00:00", "last_review": "2026-08-06T22:02:35+00:00"}	{"card_id": 48, "rating": 4, "review_datetime": "2026-08-06T22:02:35+00:00", "review_duration": null}
00049	2026-08-07 07:03:09	easy	1	{"card_id": 49, "state": 1, "step": 0, "stability": 0.212, "difficulty": 6.4133, "due": "2026-08-06T22:04:09+00:00", "last_review": "2026-08-06T22:03:09+00:00"}	{"card_id": 49, "rating": 1, "review_datetime": "2026-08-06T22:03:09+00:00", "review_duration": null}
00050	2026-08-07 07:03:41	easy	4	{"card_id": 50, "state": 2, "step": null, "stability": 8.2956, "difficulty": 1.0, "due": "2026-08-14T22:03:41+00:00", "last_review": "2026-08-06T22:03:41+00:00"}	{"card_id": 50, "rating": 4, "review_datetime": "2026-08-06T22:03:41+00:00", "review_duration": null}
00051	2026-08-07 07:03:59	easy	4	{"card_id": 51, "state": 2, "step": null, "stability": 8.2956, "difficulty": 1.0, "due": "2026-08-14T22:03:59+00:00", "last_review": "2026-08-06T22:03:59+00:00"}	{"card_id": 51, "rating": 4, "review_datetime": "2026-08-06T22:03:59+00:00", "review_duration": null}
00049	2026-08-07 07:04:23	easy	4	{"card_id": 49, "state": 2, "step": null, "stability": 0.42437996387663374, "difficulty": 5.200020369516838, "due": "2026-08-07T22:04:23+00:00", "last_review": "2026-08-06T22:04:23+00:00"}	{"card_id": 49, "rating": 4, "review_datetime": "2026-08-06T22:04:23+00:00", "review_duration": null}
00052	2026-08-07 07:04:46	easy	4	{"card_id": 52, "state": 2, "step": null, "stability": 8.2956, "difficulty": 1.0, "due": "2026-08-12T22:04:46+00:00", "last_review": "2026-08-06T22:04:46+00:00"}	{"card_id": 52, "rating": 4, "review_datetime": "2026-08-06T22:04:46+00:00", "review_duration": null}
00053	2026-08-07 07:05:21	easy	4	{"card_id": 53, "state": 2, "step": null, "stability": 8.2956, "difficulty": 1.0, "due": "2026-08-16T22:05:21+00:00", "last_review": "2026-08-06T22:05:21+00:00"}	{"card_id": 53, "rating": 4, "review_datetime": "2026-08-06T22:05:21+00:00", "review_duration": null}
00054	2026-08-07 07:05:41	again	4	{"card_id": 54, "state": 2, "step": null, "stability": 8.2956, "difficulty": 1.0, "due": "2026-08-15T22:05:41+00:00", "last_review": "2026-08-06T22:05:41+00:00"}	{"card_id": 54, "rating": 4, "review_datetime": "2026-08-06T22:05:41+00:00", "review_duration": null}
00055	2026-08-07 07:07:14	easy	1	{"card_id": 55, "state": 1, "step": 0, "stability": 0.212, "difficulty": 6.4133, "due": "2026-08-06T22:08:14+00:00", "last_review": "2026-08-06T22:07:14+00:00"}	{"card_id": 55, "rating": 1, "review_datetime": "2026-08-06T22:07:14+00:00", "review_duration": null}
00056	2026-08-07 07:07:39	easy	4	{"card_id": 56, "state": 2, "step": null, "stability": 8.2956, "difficulty": 1.0, "due": "2026-08-15T22:07:39+00:00", "last_review": "2026-08-06T22:07:39+00:00"}	{"card_id": 56, "rating": 4, "review_datetime": "2026-08-06T22:07:39+00:00", "review_duration": null}
00055	2026-08-07 07:08:28	easy	4	{"card_id": 55, "state": 2, "step": null, "stability": 0.42437996387663374, "difficulty": 5.200020369516838, "due": "2026-08-07T22:08:28+00:00", "last_review": "2026-08-06T22:08:28+00:00"}	{"card_id": 55, "rating": 4, "review_datetime": "2026-08-06T22:08:28+00:00", "review_duration": null}
00057	2026-08-07 07:08:37	easy	4	{"card_id": 57, "state": 2, "step": null, "stability": 8.2956, "difficulty": 1.0, "due": "2026-08-15T22:08:37+00:00", "last_review": "2026-08-06T22:08:37+00:00"}	{"card_id": 57, "rating": 4, "review_datetime": "2026-08-06T22:08:37+00:00", "review_duration": null}
00058	2026-08-07 07:08:52	easy	4	{"card_id": 58, "state": 2, "step": null, "stability": 8.2956, "difficulty": 1.0, "due": "2026-08-14T22:08:52+00:00", "last_review": "2026-08-06T22:08:52+00:00"}	{"card_id": 58, "rating": 4, "review_datetime": "2026-08-06T22:08:52+00:00", "review_duration": null}
00059	2026-08-07 07:09:29	easy	4	{"card_id": 59, "state": 2, "step": null, "stability": 8.2956, "difficulty": 1.0, "due": "2026-08-12T22:09:29+00:00", "last_review": "2026-08-06T22:09:29+00:00"}	{"card_id": 59, "rating": 4, "review_datetime": "2026-08-06T22:09:29+00:00", "review_duration": null}
00060	2026-08-07 07:09:48	easy	4	{"card_id": 60, "state": 2, "step": null, "stability": 8.2956, "difficulty": 1.0, "due": "2026-08-13T22:09:48+00:00", "last_review": "2026-08-06T22:09:48+00:00"}	{"card_id": 60, "rating": 4, "review_datetime": "2026-08-06T22:09:48+00:00", "review_duration": null}
00044	2026-08-07 07:10:02	easy	4	{"card_id": 44, "state": 2, "step": null, "stability": 3.946054067969477, "difficulty": 1.0, "due": "2026-08-09T22:10:02+00:00", "last_review": "2026-08-06T22:10:02+00:00"}	{"card_id": 44, "rating": 4, "review_datetime": "2026-08-06T22:10:02+00:00", "review_duration": null}
00061	2026-08-07 07:10:30	easy	4	{"card_id": 61, "state": 2, "step": null, "stability": 8.2956, "difficulty": 1.0, "due": "2026-08-17T22:10:30+00:00", "last_review": "2026-08-06T22:10:30+00:00"}	{"card_id": 61, "rating": 4, "review_datetime": "2026-08-06T22:10:30+00:00", "review_duration": null}
00062	2026-08-07 07:10:49	easy	4	{"card_id": 62, "state": 2, "step": null, "stability": 8.2956, "difficulty": 1.0, "due": "2026-08-15T22:10:49+00:00", "last_review": "2026-08-06T22:10:49+00:00"}	{"card_id": 62, "rating": 4, "review_datetime": "2026-08-06T22:10:49+00:00", "review_duration": null}
00063	2026-08-07 07:10:56	easy	4	{"card_id": 63, "state": 2, "step": null, "stability": 8.2956, "difficulty": 1.0, "due": "2026-08-15T22:10:56+00:00", "last_review": "2026-08-06T22:10:56+00:00"}	{"card_id": 63, "rating": 4, "review_datetime": "2026-08-06T22:10:56+00:00", "review_duration": null}
00064	2026-08-07 07:11:06	easy	4	{"card_id": 64, "state": 2, "step": null, "stability": 8.2956, "difficulty": 1.0, "due": "2026-08-15T22:11:06+00:00", "last_review": "2026-08-06T22:11:06+00:00"}	{"card_id": 64, "rating": 4, "review_datetime": "2026-08-06T22:11:06+00:00", "review_duration": null}
00065	2026-08-07 07:12:20	easy	4	{"card_id": 65, "state": 2, "step": null, "stability": 8.2956, "difficulty": 1.0, "due": "2026-08-17T22:12:20+00:00", "last_review": "2026-08-06T22:12:20+00:00"}	{"card_id": 65, "rating": 4, "review_datetime": "2026-08-06T22:12:20+00:00", "review_duration": null}
00066	2026-08-07 07:13:06	easy	4	{"card_id": 66, "state": 2, "step": null, "stability": 8.2956, "difficulty": 1.0, "due": "2026-08-13T22:13:06+00:00", "last_review": "2026-08-06T22:13:06+00:00"}	{"card_id": 66, "rating": 4, "review_datetime": "2026-08-06T22:13:06+00:00", "review_duration": null}
00067	2026-08-07 07:13:29	easy	4	{"card_id": 67, "state": 2, "step": null, "stability": 8.2956, "difficulty": 1.0, "due": "2026-08-14T22:13:29+00:00", "last_review": "2026-08-06T22:13:29+00:00"}	{"card_id": 67, "rating": 4, "review_datetime": "2026-08-06T22:13:29+00:00", "review_duration": null}
00068	2026-08-07 07:13:47	easy	4	{"card_id": 68, "state": 2, "step": null, "stability": 8.2956, "difficulty": 1.0, "due": "2026-08-13T22:13:47+00:00", "last_review": "2026-08-06T22:13:47+00:00"}	{"card_id": 68, "rating": 4, "review_datetime": "2026-08-06T22:13:47+00:00", "review_duration": null}
00069	2026-08-07 07:15:02	easy	4	{"card_id": 69, "state": 2, "step": null, "stability": 8.2956, "difficulty": 1.0, "due": "2026-08-15T22:15:02+00:00", "last_review": "2026-08-06T22:15:02+00:00"}	{"card_id": 69, "rating": 4, "review_datetime": "2026-08-06T22:15:02+00:00", "review_duration": null}
00070	2026-08-07 07:15:44	easy	4	{"card_id": 70, "state": 2, "step": null, "stability": 8.2956, "difficulty": 1.0, "due": "2026-08-15T22:15:44+00:00", "last_review": "2026-08-06T22:15:44+00:00"}	{"card_id": 70, "rating": 4, "review_datetime": "2026-08-06T22:15:44+00:00", "review_duration": null}
00071	2026-08-07 07:16:17	easy	4	{"card_id": 71, "state": 2, "step": null, "stability": 8.2956, "difficulty": 1.0, "due": "2026-08-16T22:16:17+00:00", "last_review": "2026-08-06T22:16:17+00:00"}	{"card_id": 71, "rating": 4, "review_datetime": "2026-08-06T22:16:17+00:00", "review_duration": null}
00072	2026-08-07 07:20:58	easy	4	{"card_id": 72, "state": 2, "step": null, "stability": 8.2956, "difficulty": 1.0, "due": "2026-08-14T22:20:58+00:00", "last_review": "2026-08-06T22:20:58+00:00"}	{"card_id": 72, "rating": 4, "review_datetime": "2026-08-06T22:20:58+00:00", "review_duration": null}
00073	2026-08-07 07:21:09	easy	4	{"card_id": 73, "state": 2, "step": null, "stability": 8.2956, "difficulty": 1.0, "due": "2026-08-15T22:21:09+00:00", "last_review": "2026-08-06T22:21:09+00:00"}	{"card_id": 73, "rating": 4, "review_datetime": "2026-08-06T22:21:09+00:00", "review_duration": null}
00074	2026-08-07 07:22:10	easy	1	{"card_id": 74, "state": 1, "step": 0, "stability": 0.212, "difficulty": 6.4133, "due": "2026-08-06T22:23:10+00:00", "last_review": "2026-08-06T22:22:10+00:00"}	{"card_id": 74, "rating": 1, "review_datetime": "2026-08-06T22:22:10+00:00", "review_duration": null}
00075	2026-08-07 07:22:26	easy	4	{"card_id": 75, "state": 2, "step": null, "stability": 8.2956, "difficulty": 1.0, "due": "2026-08-14T22:22:26+00:00", "last_review": "2026-08-06T22:22:26+00:00"}	{"card_id": 75, "rating": 4, "review_datetime": "2026-08-06T22:22:26+00:00", "review_duration": null}
00076	2026-08-07 07:22:50	easy	4	{"card_id": 76, "state": 2, "step": null, "stability": 8.2956, "difficulty": 1.0, "due": "2026-08-13T22:22:50+00:00", "last_review": "2026-08-06T22:22:50+00:00"}	{"card_id": 76, "rating": 4, "review_datetime": "2026-08-06T22:22:50+00:00", "review_duration": null}
00077	2026-08-07 07:23:05	easy	4	{"card_id": 77, "state": 2, "step": null, "stability": 8.2956, "difficulty": 1.0, "due": "2026-08-16T22:23:05+00:00", "last_review": "2026-08-06T22:23:05+00:00"}	{"card_id": 77, "rating": 4, "review_datetime": "2026-08-06T22:23:05+00:00", "review_duration": null}
00074	2026-08-07 07:23:27	easy	1	{"card_id": 74, "state": 1, "step": 0, "stability": 0.08335671711031604, "difficulty": 8.806304468856837, "due": "2026-08-06T22:24:27+00:00", "last_review": "2026-08-06T22:23:27+00:00"}	{"card_id": 74, "rating": 1, "review_datetime": "2026-08-06T22:23:27+00:00", "review_duration": null}
00078	2026-08-07 07:23:33	easy	4	{"card_id": 78, "state": 2, "step": null, "stability": 8.2956, "difficulty": 1.0, "due": "2026-08-13T22:23:33+00:00", "last_review": "2026-08-06T22:23:33+00:00"}	{"card_id": 78, "rating": 4, "review_datetime": "2026-08-06T22:23:33+00:00", "review_duration": null}
00079	2026-08-07 07:23:46	easy	4	{"card_id": 79, "state": 2, "step": null, "stability": 8.2956, "difficulty": 1.0, "due": "2026-08-16T22:23:46+00:00", "last_review": "2026-08-06T22:23:46+00:00"}	{"card_id": 79, "rating": 4, "review_datetime": "2026-08-06T22:23:46+00:00", "review_duration": null}
00080	2026-08-07 07:24:01	easy	4	{"card_id": 80, "state": 2, "step": null, "stability": 8.2956, "difficulty": 1.0, "due": "2026-08-15T22:24:01+00:00", "last_review": "2026-08-06T22:24:01+00:00"}	{"card_id": 80, "rating": 4, "review_datetime": "2026-08-06T22:24:01+00:00", "review_duration": null}
00081	2026-08-07 07:24:12	easy	4	{"card_id": 81, "state": 2, "step": null, "stability": 8.2956, "difficulty": 1.0, "due": "2026-08-17T22:24:12+00:00", "last_review": "2026-08-06T22:24:12+00:00"}	{"card_id": 81, "rating": 4, "review_datetime": "2026-08-06T22:24:12+00:00", "review_duration": null}
00082	2026-08-07 07:24:25	easy	4	{"card_id": 82, "state": 2, "step": null, "stability": 8.2956, "difficulty": 1.0, "due": "2026-08-12T22:24:25+00:00", "last_review": "2026-08-06T22:24:25+00:00"}	{"card_id": 82, "rating": 4, "review_datetime": "2026-08-06T22:24:25+00:00", "review_duration": null}
00083	2026-08-07 07:24:30	easy	4	{"card_id": 83, "state": 2, "step": null, "stability": 8.2956, "difficulty": 1.0, "due": "2026-08-17T22:24:30+00:00", "last_review": "2026-08-06T22:24:30+00:00"}	{"card_id": 83, "rating": 4, "review_datetime": "2026-08-06T22:24:30+00:00", "review_duration": null}
00074	2026-08-07 07:24:46	easy	4	{"card_id": 74, "state": 2, "step": null, "stability": 0.17743309201720897, "difficulty": 8.39265541785738, "due": "2026-08-07T22:24:46+00:00", "last_review": "2026-08-06T22:24:46+00:00"}	{"card_id": 74, "rating": 4, "review_datetime": "2026-08-06T22:24:46+00:00", "review_duration": null}
00084	2026-08-07 07:24:50	easy	4	{"card_id": 84, "state": 2, "step": null, "stability": 8.2956, "difficulty": 1.0, "due": "2026-08-16T22:24:50+00:00", "last_review": "2026-08-06T22:24:50+00:00"}	{"card_id": 84, "rating": 4, "review_datetime": "2026-08-06T22:24:50+00:00", "review_duration": null}
00085	2026-08-07 07:26:00	easy	4	{"card_id": 85, "state": 2, "step": null, "stability": 8.2956, "difficulty": 1.0, "due": "2026-08-14T22:26:00+00:00", "last_review": "2026-08-06T22:26:00+00:00"}	{"card_id": 85, "rating": 4, "review_datetime": "2026-08-06T22:26:00+00:00", "review_duration": null}
00086	2026-08-07 07:27:21	easy	3	{"card_id": 86, "state": 1, "step": 1, "stability": 2.3065, "difficulty": 2.118103970459016, "due": "2026-08-06T22:37:21+00:00", "last_review": "2026-08-06T22:27:21+00:00"}	{"card_id": 86, "rating": 3, "review_datetime": "2026-08-06T22:27:21+00:00", "review_duration": null}
00087	2026-08-07 07:27:54	easy	4	{"card_id": 87, "state": 2, "step": null, "stability": 8.2956, "difficulty": 1.0, "due": "2026-08-12T22:27:54+00:00", "last_review": "2026-08-06T22:27:54+00:00"}	{"card_id": 87, "rating": 4, "review_datetime": "2026-08-06T22:27:54+00:00", "review_duration": null}
00088	2026-08-07 07:29:29	easy	4	{"card_id": 88, "state": 2, "step": null, "stability": 8.2956, "difficulty": 1.0, "due": "2026-08-14T22:29:29+00:00", "last_review": "2026-08-06T22:29:29+00:00"}	{"card_id": 88, "rating": 4, "review_datetime": "2026-08-06T22:29:29+00:00", "review_duration": null}
00089	2026-08-07 07:30:24	easy	4	{"card_id": 89, "state": 2, "step": null, "stability": 8.2956, "difficulty": 1.0, "due": "2026-08-14T22:30:24+00:00", "last_review": "2026-08-06T22:30:24+00:00"}	{"card_id": 89, "rating": 4, "review_datetime": "2026-08-06T22:30:24+00:00", "review_duration": null}
00090	2026-08-07 07:34:02	easy	4	{"card_id": 90, "state": 2, "step": null, "stability": 8.2956, "difficulty": 1.0, "due": "2026-08-15T22:34:02+00:00", "last_review": "2026-08-06T22:34:02+00:00"}	{"card_id": 90, "rating": 4, "review_datetime": "2026-08-06T22:34:02+00:00", "review_duration": null}
00091	2026-08-07 07:34:24	easy	4	{"card_id": 91, "state": 2, "step": null, "stability": 8.2956, "difficulty": 1.0, "due": "2026-08-12T22:34:24+00:00", "last_review": "2026-08-06T22:34:24+00:00"}	{"card_id": 91, "rating": 4, "review_datetime": "2026-08-06T22:34:24+00:00", "review_duration": null}
00092	2026-08-07 07:36:31	easy	4	{"card_id": 92, "state": 2, "step": null, "stability": 8.2956, "difficulty": 1.0, "due": "2026-08-12T22:36:31+00:00", "last_review": "2026-08-06T22:36:31+00:00"}	{"card_id": 92, "rating": 4, "review_datetime": "2026-08-06T22:36:31+00:00", "review_duration": null}
00093	2026-08-07 07:36:51	again	4	{"card_id": 93, "state": 2, "step": null, "stability": 8.2956, "difficulty": 1.0, "due": "2026-08-12T22:36:51+00:00", "last_review": "2026-08-06T22:36:51+00:00"}	{"card_id": 93, "rating": 4, "review_datetime": "2026-08-06T22:36:51+00:00", "review_duration": null}
00094	2026-08-07 07:37:04	easy	3	{"card_id": 94, "state": 1, "step": 1, "stability": 2.3065, "difficulty": 2.118103970459016, "due": "2026-08-06T22:47:04+00:00", "last_review": "2026-08-06T22:37:04+00:00"}	{"card_id": 94, "rating": 3, "review_datetime": "2026-08-06T22:37:04+00:00", "review_duration": null}
00086	2026-08-07 07:41:13	easy	4	{"card_id": 86, "state": 2, "step": null, "stability": 3.946054067969477, "difficulty": 1.0, "due": "2026-08-09T22:41:13+00:00", "last_review": "2026-08-06T22:41:13+00:00"}	{"card_id": 86, "rating": 4, "review_datetime": "2026-08-06T22:41:13+00:00", "review_duration": null}
00094	2026-08-07 08:02:19	easy	4	{"card_id": 94, "state": 2, "step": null, "stability": 3.946054067969477, "difficulty": 1.0, "due": "2026-08-11T23:02:19+00:00", "last_review": "2026-08-06T23:02:19+00:00"}	{"card_id": 94, "rating": 4, "review_datetime": "2026-08-06T23:02:19+00:00", "review_duration": null}
00095	2026-08-07 08:02:28	again	1	{"card_id": 95, "state": 1, "step": 0, "stability": 0.212, "difficulty": 6.4133, "due": "2026-08-06T23:03:28+00:00", "last_review": "2026-08-06T23:02:28+00:00"}	{"card_id": 95, "rating": 1, "review_datetime": "2026-08-06T23:02:28+00:00", "review_duration": null}
00096	2026-08-07 08:02:44	easy	4	{"card_id": 96, "state": 2, "step": null, "stability": 8.2956, "difficulty": 1.0, "due": "2026-08-15T23:02:44+00:00", "last_review": "2026-08-06T23:02:44+00:00"}	{"card_id": 96, "rating": 4, "review_datetime": "2026-08-06T23:02:44+00:00", "review_duration": null}
00097	2026-08-07 08:02:58	easy	4	{"card_id": 97, "state": 2, "step": null, "stability": 8.2956, "difficulty": 1.0, "due": "2026-08-12T23:02:58+00:00", "last_review": "2026-08-06T23:02:58+00:00"}	{"card_id": 97, "rating": 4, "review_datetime": "2026-08-06T23:02:58+00:00", "review_duration": null}
00098	2026-08-07 08:03:04	easy	4	{"card_id": 98, "state": 2, "step": null, "stability": 8.2956, "difficulty": 1.0, "due": "2026-08-15T23:03:04+00:00", "last_review": "2026-08-06T23:03:04+00:00"}	{"card_id": 98, "rating": 4, "review_datetime": "2026-08-06T23:03:04+00:00", "review_duration": null}
00099	2026-08-07 08:03:09	easy	4	{"card_id": 99, "state": 2, "step": null, "stability": 8.2956, "difficulty": 1.0, "due": "2026-08-16T23:03:09+00:00", "last_review": "2026-08-06T23:03:09+00:00"}	{"card_id": 99, "rating": 4, "review_datetime": "2026-08-06T23:03:09+00:00", "review_duration": null}
00100	2026-08-07 08:03:17	easy	4	{"card_id": 100, "state": 2, "step": null, "stability": 8.2956, "difficulty": 1.0, "due": "2026-08-14T23:03:17+00:00", "last_review": "2026-08-06T23:03:17+00:00"}	{"card_id": 100, "rating": 4, "review_datetime": "2026-08-06T23:03:17+00:00", "review_duration": null}
00101	2026-08-07 08:03:32	easy	4	{"card_id": 101, "state": 2, "step": null, "stability": 8.2956, "difficulty": 1.0, "due": "2026-08-12T23:03:32+00:00", "last_review": "2026-08-06T23:03:32+00:00"}	{"card_id": 101, "rating": 4, "review_datetime": "2026-08-06T23:03:32+00:00", "review_duration": null}
00095	2026-08-07 08:03:37	easy	4	{"card_id": 95, "state": 2, "step": null, "stability": 0.42437996387663374, "difficulty": 5.200020369516838, "due": "2026-08-07T23:03:37+00:00", "last_review": "2026-08-06T23:03:37+00:00"}	{"card_id": 95, "rating": 4, "review_datetime": "2026-08-06T23:03:37+00:00", "review_duration": null}
00102	2026-08-07 08:03:50	easy	4	{"card_id": 102, "state": 2, "step": null, "stability": 8.2956, "difficulty": 1.0, "due": "2026-08-16T23:03:50+00:00", "last_review": "2026-08-06T23:03:50+00:00"}	{"card_id": 102, "rating": 4, "review_datetime": "2026-08-06T23:03:50+00:00", "review_duration": null}
00103	2026-08-07 08:04:20	easy	4	{"card_id": 103, "state": 2, "step": null, "stability": 8.2956, "difficulty": 1.0, "due": "2026-08-16T23:04:20+00:00", "last_review": "2026-08-06T23:04:20+00:00"}	{"card_id": 103, "rating": 4, "review_datetime": "2026-08-06T23:04:20+00:00", "review_duration": null}
00104	2026-08-07 08:04:38	easy	4	{"card_id": 104, "state": 2, "step": null, "stability": 8.2956, "difficulty": 1.0, "due": "2026-08-14T23:04:38+00:00", "last_review": "2026-08-06T23:04:38+00:00"}	{"card_id": 104, "rating": 4, "review_datetime": "2026-08-06T23:04:38+00:00", "review_duration": null}
00105	2026-08-07 08:04:45	easy	4	{"card_id": 105, "state": 2, "step": null, "stability": 8.2956, "difficulty": 1.0, "due": "2026-08-15T23:04:45+00:00", "last_review": "2026-08-06T23:04:45+00:00"}	{"card_id": 105, "rating": 4, "review_datetime": "2026-08-06T23:04:45+00:00", "review_duration": null}
00106	2026-08-07 08:04:49	easy	4	{"card_id": 106, "state": 2, "step": null, "stability": 8.2956, "difficulty": 1.0, "due": "2026-08-15T23:04:49+00:00", "last_review": "2026-08-06T23:04:49+00:00"}	{"card_id": 106, "rating": 4, "review_datetime": "2026-08-06T23:04:49+00:00", "review_duration": null}
00107	2026-08-07 08:05:13	easy	4	{"card_id": 107, "state": 2, "step": null, "stability": 8.2956, "difficulty": 1.0, "due": "2026-08-13T23:05:13+00:00", "last_review": "2026-08-06T23:05:13+00:00"}	{"card_id": 107, "rating": 4, "review_datetime": "2026-08-06T23:05:13+00:00", "review_duration": null}
00108	2026-08-07 08:05:28	easy	4	{"card_id": 108, "state": 2, "step": null, "stability": 8.2956, "difficulty": 1.0, "due": "2026-08-12T23:05:28+00:00", "last_review": "2026-08-06T23:05:28+00:00"}	{"card_id": 108, "rating": 4, "review_datetime": "2026-08-06T23:05:28+00:00", "review_duration": null}
00109	2026-08-07 08:05:46	easy	1	{"card_id": 109, "state": 1, "step": 0, "stability": 0.212, "difficulty": 6.4133, "due": "2026-08-06T23:06:46+00:00", "last_review": "2026-08-06T23:05:46+00:00"}	{"card_id": 109, "rating": 1, "review_datetime": "2026-08-06T23:05:46+00:00", "review_duration": null}
00110	2026-08-07 08:06:04	easy	4	{"card_id": 110, "state": 2, "step": null, "stability": 8.2956, "difficulty": 1.0, "due": "2026-08-14T23:06:04+00:00", "last_review": "2026-08-06T23:06:04+00:00"}	{"card_id": 110, "rating": 4, "review_datetime": "2026-08-06T23:06:04+00:00", "review_duration": null}
00111	2026-08-07 08:07:11	easy	1	{"card_id": 111, "state": 1, "step": 0, "stability": 0.212, "difficulty": 6.4133, "due": "2026-08-06T23:08:11+00:00", "last_review": "2026-08-06T23:07:11+00:00"}	{"card_id": 111, "rating": 1, "review_datetime": "2026-08-06T23:07:11+00:00", "review_duration": null}
00109	2026-08-07 08:07:33	easy	4	{"card_id": 109, "state": 2, "step": null, "stability": 0.42437996387663374, "difficulty": 5.200020369516838, "due": "2026-08-07T23:07:33+00:00", "last_review": "2026-08-06T23:07:33+00:00"}	{"card_id": 109, "rating": 4, "review_datetime": "2026-08-06T23:07:33+00:00", "review_duration": null}
00112	2026-08-07 08:07:38	easy	4	{"card_id": 112, "state": 2, "step": null, "stability": 8.2956, "difficulty": 1.0, "due": "2026-08-13T23:07:38+00:00", "last_review": "2026-08-06T23:07:38+00:00"}	{"card_id": 112, "rating": 4, "review_datetime": "2026-08-06T23:07:38+00:00", "review_duration": null}
00113	2026-08-07 08:07:55	easy	1	{"card_id": 113, "state": 1, "step": 0, "stability": 0.212, "difficulty": 6.4133, "due": "2026-08-06T23:08:55+00:00", "last_review": "2026-08-06T23:07:55+00:00"}	{"card_id": 113, "rating": 1, "review_datetime": "2026-08-06T23:07:55+00:00", "review_duration": null}
00111	2026-08-07 08:08:27	easy	4	{"card_id": 111, "state": 2, "step": null, "stability": 0.42437996387663374, "difficulty": 5.200020369516838, "due": "2026-08-07T23:08:27+00:00", "last_review": "2026-08-06T23:08:27+00:00"}	{"card_id": 111, "rating": 4, "review_datetime": "2026-08-06T23:08:27+00:00", "review_duration": null}
00114	2026-08-07 08:08:41	easy	4	{"card_id": 114, "state": 2, "step": null, "stability": 8.2956, "difficulty": 1.0, "due": "2026-08-15T23:08:41+00:00", "last_review": "2026-08-06T23:08:41+00:00"}	{"card_id": 114, "rating": 4, "review_datetime": "2026-08-06T23:08:41+00:00", "review_duration": null}
00115	2026-08-07 08:09:00	easy	4	{"card_id": 115, "state": 2, "step": null, "stability": 8.2956, "difficulty": 1.0, "due": "2026-08-15T23:09:00+00:00", "last_review": "2026-08-06T23:09:00+00:00"}	{"card_id": 115, "rating": 4, "review_datetime": "2026-08-06T23:09:00+00:00", "review_duration": null}
00113	2026-08-07 08:09:17	easy	4	{"card_id": 113, "state": 2, "step": null, "stability": 0.42437996387663374, "difficulty": 5.200020369516838, "due": "2026-08-07T23:09:17+00:00", "last_review": "2026-08-06T23:09:17+00:00"}	{"card_id": 113, "rating": 4, "review_datetime": "2026-08-06T23:09:17+00:00", "review_duration": null}
00116	2026-08-07 08:09:35	easy	4	{"card_id": 116, "state": 2, "step": null, "stability": 8.2956, "difficulty": 1.0, "due": "2026-08-13T23:09:35+00:00", "last_review": "2026-08-06T23:09:35+00:00"}	{"card_id": 116, "rating": 4, "review_datetime": "2026-08-06T23:09:35+00:00", "review_duration": null}
00117	2026-08-07 08:09:43	easy	4	{"card_id": 117, "state": 2, "step": null, "stability": 8.2956, "difficulty": 1.0, "due": "2026-08-15T23:09:43+00:00", "last_review": "2026-08-06T23:09:43+00:00"}	{"card_id": 117, "rating": 4, "review_datetime": "2026-08-06T23:09:43+00:00", "review_duration": null}
00118	2026-08-07 08:09:49	easy	3	{"card_id": 118, "state": 1, "step": 1, "stability": 2.3065, "difficulty": 2.118103970459016, "due": "2026-08-06T23:19:49+00:00", "last_review": "2026-08-06T23:09:49+00:00"}	{"card_id": 118, "rating": 3, "review_datetime": "2026-08-06T23:09:49+00:00", "review_duration": null}
00119	2026-08-07 08:10:03	easy	4	{"card_id": 119, "state": 2, "step": null, "stability": 8.2956, "difficulty": 1.0, "due": "2026-08-13T23:10:03+00:00", "last_review": "2026-08-06T23:10:03+00:00"}	{"card_id": 119, "rating": 4, "review_datetime": "2026-08-06T23:10:03+00:00", "review_duration": null}
00120	2026-08-07 08:10:22	easy	4	{"card_id": 120, "state": 2, "step": null, "stability": 8.2956, "difficulty": 1.0, "due": "2026-08-13T23:10:22+00:00", "last_review": "2026-08-06T23:10:22+00:00"}	{"card_id": 120, "rating": 4, "review_datetime": "2026-08-06T23:10:22+00:00", "review_duration": null}
00121	2026-08-07 08:10:36	easy	4	{"card_id": 121, "state": 2, "step": null, "stability": 8.2956, "difficulty": 1.0, "due": "2026-08-12T23:10:36+00:00", "last_review": "2026-08-06T23:10:36+00:00"}	{"card_id": 121, "rating": 4, "review_datetime": "2026-08-06T23:10:36+00:00", "review_duration": null}
00122	2026-08-07 08:10:46	easy	4	{"card_id": 122, "state": 2, "step": null, "stability": 8.2956, "difficulty": 1.0, "due": "2026-08-16T23:10:46+00:00", "last_review": "2026-08-06T23:10:46+00:00"}	{"card_id": 122, "rating": 4, "review_datetime": "2026-08-06T23:10:46+00:00", "review_duration": null}
00123	2026-08-07 08:11:00	easy	4	{"card_id": 123, "state": 2, "step": null, "stability": 8.2956, "difficulty": 1.0, "due": "2026-08-16T23:11:00+00:00", "last_review": "2026-08-06T23:11:00+00:00"}	{"card_id": 123, "rating": 4, "review_datetime": "2026-08-06T23:11:00+00:00", "review_duration": null}
00124	2026-08-07 08:11:17	easy	4	{"card_id": 124, "state": 2, "step": null, "stability": 8.2956, "difficulty": 1.0, "due": "2026-08-15T23:11:17+00:00", "last_review": "2026-08-06T23:11:17+00:00"}	{"card_id": 124, "rating": 4, "review_datetime": "2026-08-06T23:11:17+00:00", "review_duration": null}
00125	2026-08-07 08:11:41	easy	4	{"card_id": 125, "state": 2, "step": null, "stability": 8.2956, "difficulty": 1.0, "due": "2026-08-15T23:11:41+00:00", "last_review": "2026-08-06T23:11:41+00:00"}	{"card_id": 125, "rating": 4, "review_datetime": "2026-08-06T23:11:41+00:00", "review_duration": null}
00126	2026-08-07 08:11:49	easy	4	{"card_id": 126, "state": 2, "step": null, "stability": 8.2956, "difficulty": 1.0, "due": "2026-08-14T23:11:49+00:00", "last_review": "2026-08-06T23:11:49+00:00"}	{"card_id": 126, "rating": 4, "review_datetime": "2026-08-06T23:11:49+00:00", "review_duration": null}
00127	2026-08-07 08:12:09	easy	4	{"card_id": 127, "state": 2, "step": null, "stability": 8.2956, "difficulty": 1.0, "due": "2026-08-16T23:12:09+00:00", "last_review": "2026-08-06T23:12:09+00:00"}	{"card_id": 127, "rating": 4, "review_datetime": "2026-08-06T23:12:09+00:00", "review_duration": null}
00128	2026-08-07 08:12:39	easy	4	{"card_id": 128, "state": 2, "step": null, "stability": 8.2956, "difficulty": 1.0, "due": "2026-08-15T23:12:39+00:00", "last_review": "2026-08-06T23:12:39+00:00"}	{"card_id": 128, "rating": 4, "review_datetime": "2026-08-06T23:12:39+00:00", "review_duration": null}
00129	2026-08-07 08:13:23	easy	4	{"card_id": 129, "state": 2, "step": null, "stability": 8.2956, "difficulty": 1.0, "due": "2026-08-17T23:13:23+00:00", "last_review": "2026-08-06T23:13:23+00:00"}	{"card_id": 129, "rating": 4, "review_datetime": "2026-08-06T23:13:23+00:00", "review_duration": null}
00130	2026-08-07 08:13:35	easy	4	{"card_id": 130, "state": 2, "step": null, "stability": 8.2956, "difficulty": 1.0, "due": "2026-08-12T23:13:35+00:00", "last_review": "2026-08-06T23:13:35+00:00"}	{"card_id": 130, "rating": 4, "review_datetime": "2026-08-06T23:13:35+00:00", "review_duration": null}
00131	2026-08-07 08:13:58	easy	4	{"card_id": 131, "state": 2, "step": null, "stability": 8.2956, "difficulty": 1.0, "due": "2026-08-14T23:13:58+00:00", "last_review": "2026-08-06T23:13:58+00:00"}	{"card_id": 131, "rating": 4, "review_datetime": "2026-08-06T23:13:58+00:00", "review_duration": null}
00132	2026-08-07 08:14:21	easy	4	{"card_id": 132, "state": 2, "step": null, "stability": 8.2956, "difficulty": 1.0, "due": "2026-08-13T23:14:21+00:00", "last_review": "2026-08-06T23:14:21+00:00"}	{"card_id": 132, "rating": 4, "review_datetime": "2026-08-06T23:14:21+00:00", "review_duration": null}
00133	2026-08-07 08:14:25	easy	4	{"card_id": 133, "state": 2, "step": null, "stability": 8.2956, "difficulty": 1.0, "due": "2026-08-13T23:14:25+00:00", "last_review": "2026-08-06T23:14:25+00:00"}	{"card_id": 133, "rating": 4, "review_datetime": "2026-08-06T23:14:25+00:00", "review_duration": null}
00134	2026-08-07 08:14:33	easy	1	{"card_id": 134, "state": 1, "step": 0, "stability": 0.212, "difficulty": 6.4133, "due": "2026-08-06T23:15:33+00:00", "last_review": "2026-08-06T23:14:33+00:00"}	{"card_id": 134, "rating": 1, "review_datetime": "2026-08-06T23:14:33+00:00", "review_duration": null}
00135	2026-08-07 08:14:46	easy	4	{"card_id": 135, "state": 2, "step": null, "stability": 8.2956, "difficulty": 1.0, "due": "2026-08-13T23:14:46+00:00", "last_review": "2026-08-06T23:14:46+00:00"}	{"card_id": 135, "rating": 4, "review_datetime": "2026-08-06T23:14:46+00:00", "review_duration": null}
00136	2026-08-07 08:14:52	easy	4	{"card_id": 136, "state": 2, "step": null, "stability": 8.2956, "difficulty": 1.0, "due": "2026-08-16T23:14:52+00:00", "last_review": "2026-08-06T23:14:52+00:00"}	{"card_id": 136, "rating": 4, "review_datetime": "2026-08-06T23:14:52+00:00", "review_duration": null}
00137	2026-08-07 08:15:00	easy	4	{"card_id": 137, "state": 2, "step": null, "stability": 8.2956, "difficulty": 1.0, "due": "2026-08-13T23:15:00+00:00", "last_review": "2026-08-06T23:15:00+00:00"}	{"card_id": 137, "rating": 4, "review_datetime": "2026-08-06T23:15:00+00:00", "review_duration": null}
00138	2026-08-07 08:15:13	easy	1	{"card_id": 138, "state": 1, "step": 0, "stability": 0.212, "difficulty": 6.4133, "due": "2026-08-06T23:16:13+00:00", "last_review": "2026-08-06T23:15:13+00:00"}	{"card_id": 138, "rating": 1, "review_datetime": "2026-08-06T23:15:13+00:00", "review_duration": null}
00139	2026-08-07 08:15:25	easy	1	{"card_id": 139, "state": 1, "step": 0, "stability": 0.212, "difficulty": 6.4133, "due": "2026-08-06T23:16:25+00:00", "last_review": "2026-08-06T23:15:25+00:00"}	{"card_id": 139, "rating": 1, "review_datetime": "2026-08-06T23:15:25+00:00", "review_duration": null}
00134	2026-08-07 08:15:43	easy	4	{"card_id": 134, "state": 2, "step": null, "stability": 0.42437996387663374, "difficulty": 5.200020369516838, "due": "2026-08-07T23:15:43+00:00", "last_review": "2026-08-06T23:15:43+00:00"}	{"card_id": 134, "rating": 4, "review_datetime": "2026-08-06T23:15:43+00:00", "review_duration": null}
00140	2026-08-07 08:15:48	easy	4	{"card_id": 140, "state": 2, "step": null, "stability": 8.2956, "difficulty": 1.0, "due": "2026-08-17T23:15:48+00:00", "last_review": "2026-08-06T23:15:48+00:00"}	{"card_id": 140, "rating": 4, "review_datetime": "2026-08-06T23:15:48+00:00", "review_duration": null}
00141	2026-08-07 08:15:55	easy	4	{"card_id": 141, "state": 2, "step": null, "stability": 8.2956, "difficulty": 1.0, "due": "2026-08-13T23:15:55+00:00", "last_review": "2026-08-06T23:15:55+00:00"}	{"card_id": 141, "rating": 4, "review_datetime": "2026-08-06T23:15:55+00:00", "review_duration": null}
00142	2026-08-07 08:16:10	easy	4	{"card_id": 142, "state": 2, "step": null, "stability": 8.2956, "difficulty": 1.0, "due": "2026-08-13T23:16:10+00:00", "last_review": "2026-08-06T23:16:10+00:00"}	{"card_id": 142, "rating": 4, "review_datetime": "2026-08-06T23:16:10+00:00", "review_duration": null}
00138	2026-08-07 08:16:28	easy	4	{"card_id": 138, "state": 2, "step": null, "stability": 0.42437996387663374, "difficulty": 5.200020369516838, "due": "2026-08-07T23:16:28+00:00", "last_review": "2026-08-06T23:16:28+00:00"}	{"card_id": 138, "rating": 4, "review_datetime": "2026-08-06T23:16:28+00:00", "review_duration": null}
00139	2026-08-07 08:16:38	easy	4	{"card_id": 139, "state": 2, "step": null, "stability": 0.42437996387663374, "difficulty": 5.200020369516838, "due": "2026-08-07T23:16:38+00:00", "last_review": "2026-08-06T23:16:38+00:00"}	{"card_id": 139, "rating": 4, "review_datetime": "2026-08-06T23:16:38+00:00", "review_duration": null}
00143	2026-08-07 08:16:48	easy	4	{"card_id": 143, "state": 2, "step": null, "stability": 8.2956, "difficulty": 1.0, "due": "2026-08-15T23:16:48+00:00", "last_review": "2026-08-06T23:16:48+00:00"}	{"card_id": 143, "rating": 4, "review_datetime": "2026-08-06T23:16:48+00:00", "review_duration": null}
00144	2026-08-07 08:16:54	easy	4	{"card_id": 144, "state": 2, "step": null, "stability": 8.2956, "difficulty": 1.0, "due": "2026-08-15T23:16:54+00:00", "last_review": "2026-08-06T23:16:54+00:00"}	{"card_id": 144, "rating": 4, "review_datetime": "2026-08-06T23:16:54+00:00", "review_duration": null}
00145	2026-08-07 08:17:07	easy	4	{"card_id": 145, "state": 2, "step": null, "stability": 8.2956, "difficulty": 1.0, "due": "2026-08-14T23:17:07+00:00", "last_review": "2026-08-06T23:17:07+00:00"}	{"card_id": 145, "rating": 4, "review_datetime": "2026-08-06T23:17:07+00:00", "review_duration": null}
00146	2026-08-07 08:17:23	easy	4	{"card_id": 146, "state": 2, "step": null, "stability": 8.2956, "difficulty": 1.0, "due": "2026-08-15T23:17:23+00:00", "last_review": "2026-08-06T23:17:23+00:00"}	{"card_id": 146, "rating": 4, "review_datetime": "2026-08-06T23:17:23+00:00", "review_duration": null}
00147	2026-08-07 08:18:35	easy	4	{"card_id": 147, "state": 2, "step": null, "stability": 8.2956, "difficulty": 1.0, "due": "2026-08-13T23:18:35+00:00", "last_review": "2026-08-06T23:18:35+00:00"}	{"card_id": 147, "rating": 4, "review_datetime": "2026-08-06T23:18:35+00:00", "review_duration": null}
00148	2026-08-07 08:18:41	easy	4	{"card_id": 148, "state": 2, "step": null, "stability": 8.2956, "difficulty": 1.0, "due": "2026-08-12T23:18:41+00:00", "last_review": "2026-08-06T23:18:41+00:00"}	{"card_id": 148, "rating": 4, "review_datetime": "2026-08-06T23:18:41+00:00", "review_duration": null}
00149	2026-08-07 08:18:46	easy	4	{"card_id": 149, "state": 2, "step": null, "stability": 8.2956, "difficulty": 1.0, "due": "2026-08-17T23:18:46+00:00", "last_review": "2026-08-06T23:18:46+00:00"}	{"card_id": 149, "rating": 4, "review_datetime": "2026-08-06T23:18:46+00:00", "review_duration": null}
00150	2026-08-07 08:19:12	easy	4	{"card_id": 150, "state": 2, "step": null, "stability": 8.2956, "difficulty": 1.0, "due": "2026-08-12T23:19:12+00:00", "last_review": "2026-08-06T23:19:12+00:00"}	{"card_id": 150, "rating": 4, "review_datetime": "2026-08-06T23:19:12+00:00", "review_duration": null}
00151	2026-08-07 08:19:32	easy	4	{"card_id": 151, "state": 2, "step": null, "stability": 8.2956, "difficulty": 1.0, "due": "2026-08-15T23:19:32+00:00", "last_review": "2026-08-06T23:19:32+00:00"}	{"card_id": 151, "rating": 4, "review_datetime": "2026-08-06T23:19:32+00:00", "review_duration": null}
00152	2026-08-07 08:19:46	easy	4	{"card_id": 152, "state": 2, "step": null, "stability": 8.2956, "difficulty": 1.0, "due": "2026-08-14T23:19:46+00:00", "last_review": "2026-08-06T23:19:46+00:00"}	{"card_id": 152, "rating": 4, "review_datetime": "2026-08-06T23:19:46+00:00", "review_duration": null}
00118	2026-08-07 08:19:57	easy	4	{"card_id": 118, "state": 2, "step": null, "stability": 3.946054067969477, "difficulty": 1.0, "due": "2026-08-12T23:19:57+00:00", "last_review": "2026-08-06T23:19:57+00:00"}	{"card_id": 118, "rating": 4, "review_datetime": "2026-08-06T23:19:57+00:00", "review_duration": null}
00153	2026-08-07 08:20:01	easy	4	{"card_id": 153, "state": 2, "step": null, "stability": 8.2956, "difficulty": 1.0, "due": "2026-08-17T23:20:01+00:00", "last_review": "2026-08-06T23:20:01+00:00"}	{"card_id": 153, "rating": 4, "review_datetime": "2026-08-06T23:20:01+00:00", "review_duration": null}
00154	2026-08-07 08:20:22	easy	4	{"card_id": 154, "state": 2, "step": null, "stability": 8.2956, "difficulty": 1.0, "due": "2026-08-15T23:20:22+00:00", "last_review": "2026-08-06T23:20:22+00:00"}	{"card_id": 154, "rating": 4, "review_datetime": "2026-08-06T23:20:22+00:00", "review_duration": null}
00155	2026-08-07 08:20:38	easy	4	{"card_id": 155, "state": 2, "step": null, "stability": 8.2956, "difficulty": 1.0, "due": "2026-08-15T23:20:38+00:00", "last_review": "2026-08-06T23:20:38+00:00"}	{"card_id": 155, "rating": 4, "review_datetime": "2026-08-06T23:20:38+00:00", "review_duration": null}
00156	2026-08-07 08:21:16	easy	4	{"card_id": 156, "state": 2, "step": null, "stability": 8.2956, "difficulty": 1.0, "due": "2026-08-15T23:21:16+00:00", "last_review": "2026-08-06T23:21:16+00:00"}	{"card_id": 156, "rating": 4, "review_datetime": "2026-08-06T23:21:16+00:00", "review_duration": null}
00157	2026-08-07 08:21:27	easy	4	{"card_id": 157, "state": 2, "step": null, "stability": 8.2956, "difficulty": 1.0, "due": "2026-08-16T23:21:27+00:00", "last_review": "2026-08-06T23:21:27+00:00"}	{"card_id": 157, "rating": 4, "review_datetime": "2026-08-06T23:21:27+00:00", "review_duration": null}
00158	2026-08-07 08:21:36	easy	4	{"card_id": 158, "state": 2, "step": null, "stability": 8.2956, "difficulty": 1.0, "due": "2026-08-12T23:21:36+00:00", "last_review": "2026-08-06T23:21:36+00:00"}	{"card_id": 158, "rating": 4, "review_datetime": "2026-08-06T23:21:36+00:00", "review_duration": null}
00159	2026-08-07 08:21:45	easy	4	{"card_id": 159, "state": 2, "step": null, "stability": 8.2956, "difficulty": 1.0, "due": "2026-08-12T23:21:45+00:00", "last_review": "2026-08-06T23:21:45+00:00"}	{"card_id": 159, "rating": 4, "review_datetime": "2026-08-06T23:21:45+00:00", "review_duration": null}
00160	2026-08-07 08:22:06	easy	4	{"card_id": 160, "state": 2, "step": null, "stability": 8.2956, "difficulty": 1.0, "due": "2026-08-16T23:22:06+00:00", "last_review": "2026-08-06T23:22:06+00:00"}	{"card_id": 160, "rating": 4, "review_datetime": "2026-08-06T23:22:06+00:00", "review_duration": null}
00161	2026-08-07 08:22:38	easy	4	{"card_id": 161, "state": 2, "step": null, "stability": 8.2956, "difficulty": 1.0, "due": "2026-08-16T23:22:38+00:00", "last_review": "2026-08-06T23:22:38+00:00"}	{"card_id": 161, "rating": 4, "review_datetime": "2026-08-06T23:22:38+00:00", "review_duration": null}
00162	2026-08-07 08:22:44	easy	4	{"card_id": 162, "state": 2, "step": null, "stability": 8.2956, "difficulty": 1.0, "due": "2026-08-14T23:22:44+00:00", "last_review": "2026-08-06T23:22:44+00:00"}	{"card_id": 162, "rating": 4, "review_datetime": "2026-08-06T23:22:44+00:00", "review_duration": null}
00163	2026-08-07 08:23:36	easy	4	{"card_id": 163, "state": 2, "step": null, "stability": 8.2956, "difficulty": 1.0, "due": "2026-08-14T23:23:36+00:00", "last_review": "2026-08-06T23:23:36+00:00"}	{"card_id": 163, "rating": 4, "review_datetime": "2026-08-06T23:23:36+00:00", "review_duration": null}
00164	2026-08-07 08:23:46	easy	3	{"card_id": 164, "state": 1, "step": 1, "stability": 2.3065, "difficulty": 2.118103970459016, "due": "2026-08-06T23:33:46+00:00", "last_review": "2026-08-06T23:23:46+00:00"}	{"card_id": 164, "rating": 3, "review_datetime": "2026-08-06T23:23:46+00:00", "review_duration": null}
00165	2026-08-07 08:24:03	easy	4	{"card_id": 165, "state": 2, "step": null, "stability": 8.2956, "difficulty": 1.0, "due": "2026-08-13T23:24:03+00:00", "last_review": "2026-08-06T23:24:03+00:00"}	{"card_id": 165, "rating": 4, "review_datetime": "2026-08-06T23:24:03+00:00", "review_duration": null}
00166	2026-08-07 08:24:14	easy	4	{"card_id": 166, "state": 2, "step": null, "stability": 8.2956, "difficulty": 1.0, "due": "2026-08-12T23:24:14+00:00", "last_review": "2026-08-06T23:24:14+00:00"}	{"card_id": 166, "rating": 4, "review_datetime": "2026-08-06T23:24:14+00:00", "review_duration": null}
00167	2026-08-07 08:24:23	easy	3	{"card_id": 167, "state": 1, "step": 1, "stability": 2.3065, "difficulty": 2.118103970459016, "due": "2026-08-06T23:34:23+00:00", "last_review": "2026-08-06T23:24:23+00:00"}	{"card_id": 167, "rating": 3, "review_datetime": "2026-08-06T23:24:23+00:00", "review_duration": null}
00168	2026-08-07 08:24:46	easy	4	{"card_id": 168, "state": 2, "step": null, "stability": 8.2956, "difficulty": 1.0, "due": "2026-08-15T23:24:46+00:00", "last_review": "2026-08-06T23:24:46+00:00"}	{"card_id": 168, "rating": 4, "review_datetime": "2026-08-06T23:24:46+00:00", "review_duration": null}
00169	2026-08-07 08:24:58	easy	4	{"card_id": 169, "state": 2, "step": null, "stability": 8.2956, "difficulty": 1.0, "due": "2026-08-14T23:24:58+00:00", "last_review": "2026-08-06T23:24:58+00:00"}	{"card_id": 169, "rating": 4, "review_datetime": "2026-08-06T23:24:58+00:00", "review_duration": null}
00170	2026-08-07 08:25:22	easy	4	{"card_id": 170, "state": 2, "step": null, "stability": 8.2956, "difficulty": 1.0, "due": "2026-08-15T23:25:22+00:00", "last_review": "2026-08-06T23:25:22+00:00"}	{"card_id": 170, "rating": 4, "review_datetime": "2026-08-06T23:25:22+00:00", "review_duration": null}
00171	2026-08-07 08:26:12	easy	4	{"card_id": 171, "state": 2, "step": null, "stability": 8.2956, "difficulty": 1.0, "due": "2026-08-17T23:26:12+00:00", "last_review": "2026-08-06T23:26:12+00:00"}	{"card_id": 171, "rating": 4, "review_datetime": "2026-08-06T23:26:12+00:00", "review_duration": null}
00172	2026-08-07 08:26:22	easy	4	{"card_id": 172, "state": 2, "step": null, "stability": 8.2956, "difficulty": 1.0, "due": "2026-08-14T23:26:22+00:00", "last_review": "2026-08-06T23:26:22+00:00"}	{"card_id": 172, "rating": 4, "review_datetime": "2026-08-06T23:26:22+00:00", "review_duration": null}
00173	2026-08-07 08:26:29	easy	4	{"card_id": 173, "state": 2, "step": null, "stability": 8.2956, "difficulty": 1.0, "due": "2026-08-14T23:26:29+00:00", "last_review": "2026-08-06T23:26:29+00:00"}	{"card_id": 173, "rating": 4, "review_datetime": "2026-08-06T23:26:29+00:00", "review_duration": null}
00174	2026-08-07 08:26:53	easy	4	{"card_id": 174, "state": 2, "step": null, "stability": 8.2956, "difficulty": 1.0, "due": "2026-08-14T23:26:53+00:00", "last_review": "2026-08-06T23:26:53+00:00"}	{"card_id": 174, "rating": 4, "review_datetime": "2026-08-06T23:26:53+00:00", "review_duration": null}
00175	2026-08-07 08:27:36	easy	4	{"card_id": 175, "state": 2, "step": null, "stability": 8.2956, "difficulty": 1.0, "due": "2026-08-15T23:27:36+00:00", "last_review": "2026-08-06T23:27:36+00:00"}	{"card_id": 175, "rating": 4, "review_datetime": "2026-08-06T23:27:36+00:00", "review_duration": null}
00176	2026-08-07 08:27:56	easy	4	{"card_id": 176, "state": 2, "step": null, "stability": 8.2956, "difficulty": 1.0, "due": "2026-08-12T23:27:56+00:00", "last_review": "2026-08-06T23:27:56+00:00"}	{"card_id": 176, "rating": 4, "review_datetime": "2026-08-06T23:27:56+00:00", "review_duration": null}
00177	2026-08-07 08:28:07	easy	4	{"card_id": 177, "state": 2, "step": null, "stability": 8.2956, "difficulty": 1.0, "due": "2026-08-17T23:28:07+00:00", "last_review": "2026-08-06T23:28:07+00:00"}	{"card_id": 177, "rating": 4, "review_datetime": "2026-08-06T23:28:07+00:00", "review_duration": null}
00164	2026-08-07 12:40:04	easy	4	{"card_id": 164, "state": 2, "step": null, "stability": 3.946054067969477, "difficulty": 1.0, "due": "2026-08-11T03:40:04+00:00", "last_review": "2026-08-07T03:40:04+00:00"}	{"card_id": 164, "rating": 4, "review_datetime": "2026-08-07T03:40:04+00:00", "review_duration": null}
00167	2026-08-07 12:40:13	easy	4	{"card_id": 167, "state": 2, "step": null, "stability": 3.946054067969477, "difficulty": 1.0, "due": "2026-08-10T03:40:13+00:00", "last_review": "2026-08-07T03:40:13+00:00"}	{"card_id": 167, "rating": 4, "review_datetime": "2026-08-07T03:40:13+00:00", "review_duration": null}
00178	2026-08-07 12:40:47	easy	4	{"card_id": 178, "state": 2, "step": null, "stability": 8.2956, "difficulty": 1.0, "due": "2026-08-15T03:40:47+00:00", "last_review": "2026-08-07T03:40:47+00:00"}	{"card_id": 178, "rating": 4, "review_datetime": "2026-08-07T03:40:47+00:00", "review_duration": null}
00179	2026-08-07 12:41:00	easy	4	{"card_id": 179, "state": 2, "step": null, "stability": 8.2956, "difficulty": 1.0, "due": "2026-08-17T03:41:00+00:00", "last_review": "2026-08-07T03:41:00+00:00"}	{"card_id": 179, "rating": 4, "review_datetime": "2026-08-07T03:41:00+00:00", "review_duration": null}
00180	2026-08-07 12:41:13	easy	4	{"card_id": 180, "state": 2, "step": null, "stability": 8.2956, "difficulty": 1.0, "due": "2026-08-17T03:41:13+00:00", "last_review": "2026-08-07T03:41:13+00:00"}	{"card_id": 180, "rating": 4, "review_datetime": "2026-08-07T03:41:13+00:00", "review_duration": null}
00181	2026-08-07 12:41:21	easy	4	{"card_id": 181, "state": 2, "step": null, "stability": 8.2956, "difficulty": 1.0, "due": "2026-08-13T03:41:21+00:00", "last_review": "2026-08-07T03:41:21+00:00"}	{"card_id": 181, "rating": 4, "review_datetime": "2026-08-07T03:41:21+00:00", "review_duration": null}
00182	2026-08-07 12:42:12	easy	4	{"card_id": 182, "state": 2, "step": null, "stability": 8.2956, "difficulty": 1.0, "due": "2026-08-14T03:42:12+00:00", "last_review": "2026-08-07T03:42:12+00:00"}	{"card_id": 182, "rating": 4, "review_datetime": "2026-08-07T03:42:12+00:00", "review_duration": null}
00183	2026-08-07 12:42:43	easy	4	{"card_id": 183, "state": 2, "step": null, "stability": 8.2956, "difficulty": 1.0, "due": "2026-08-16T03:42:43+00:00", "last_review": "2026-08-07T03:42:43+00:00"}	{"card_id": 183, "rating": 4, "review_datetime": "2026-08-07T03:42:43+00:00", "review_duration": null}
00184	2026-08-07 12:43:19	easy	4	{"card_id": 184, "state": 2, "step": null, "stability": 8.2956, "difficulty": 1.0, "due": "2026-08-16T03:43:19+00:00", "last_review": "2026-08-07T03:43:19+00:00"}	{"card_id": 184, "rating": 4, "review_datetime": "2026-08-07T03:43:19+00:00", "review_duration": null}
00185	2026-08-07 12:43:45	easy	4	{"card_id": 185, "state": 2, "step": null, "stability": 8.2956, "difficulty": 1.0, "due": "2026-08-15T03:43:45+00:00", "last_review": "2026-08-07T03:43:45+00:00"}	{"card_id": 185, "rating": 4, "review_datetime": "2026-08-07T03:43:45+00:00", "review_duration": null}
00186	2026-08-07 12:44:18	easy	4	{"card_id": 186, "state": 2, "step": null, "stability": 8.2956, "difficulty": 1.0, "due": "2026-08-17T03:44:18+00:00", "last_review": "2026-08-07T03:44:18+00:00"}	{"card_id": 186, "rating": 4, "review_datetime": "2026-08-07T03:44:18+00:00", "review_duration": null}
00187	2026-08-07 12:44:43	easy	4	{"card_id": 187, "state": 2, "step": null, "stability": 8.2956, "difficulty": 1.0, "due": "2026-08-14T03:44:43+00:00", "last_review": "2026-08-07T03:44:43+00:00"}	{"card_id": 187, "rating": 4, "review_datetime": "2026-08-07T03:44:43+00:00", "review_duration": null}
00188	2026-08-07 12:45:08	easy	4	{"card_id": 188, "state": 2, "step": null, "stability": 8.2956, "difficulty": 1.0, "due": "2026-08-14T03:45:08+00:00", "last_review": "2026-08-07T03:45:08+00:00"}	{"card_id": 188, "rating": 4, "review_datetime": "2026-08-07T03:45:08+00:00", "review_duration": null}
00189	2026-08-07 12:45:23	easy	4	{"card_id": 189, "state": 2, "step": null, "stability": 8.2956, "difficulty": 1.0, "due": "2026-08-16T03:45:23+00:00", "last_review": "2026-08-07T03:45:23+00:00"}	{"card_id": 189, "rating": 4, "review_datetime": "2026-08-07T03:45:23+00:00", "review_duration": null}
00190	2026-08-07 12:45:51	easy	4	{"card_id": 190, "state": 2, "step": null, "stability": 8.2956, "difficulty": 1.0, "due": "2026-08-17T03:45:51+00:00", "last_review": "2026-08-07T03:45:51+00:00"}	{"card_id": 190, "rating": 4, "review_datetime": "2026-08-07T03:45:51+00:00", "review_duration": null}
00191	2026-08-07 12:46:06	easy	4	{"card_id": 191, "state": 2, "step": null, "stability": 8.2956, "difficulty": 1.0, "due": "2026-08-13T03:46:06+00:00", "last_review": "2026-08-07T03:46:06+00:00"}	{"card_id": 191, "rating": 4, "review_datetime": "2026-08-07T03:46:06+00:00", "review_duration": null}
00192	2026-08-07 12:46:24	easy	4	{"card_id": 192, "state": 2, "step": null, "stability": 8.2956, "difficulty": 1.0, "due": "2026-08-17T03:46:24+00:00", "last_review": "2026-08-07T03:46:24+00:00"}	{"card_id": 192, "rating": 4, "review_datetime": "2026-08-07T03:46:24+00:00", "review_duration": null}
00193	2026-08-07 12:46:47	easy	4	{"card_id": 193, "state": 2, "step": null, "stability": 8.2956, "difficulty": 1.0, "due": "2026-08-17T03:46:47+00:00", "last_review": "2026-08-07T03:46:47+00:00"}	{"card_id": 193, "rating": 4, "review_datetime": "2026-08-07T03:46:47+00:00", "review_duration": null}
00194	2026-08-07 12:47:01	easy	4	{"card_id": 194, "state": 2, "step": null, "stability": 8.2956, "difficulty": 1.0, "due": "2026-08-14T03:47:01+00:00", "last_review": "2026-08-07T03:47:01+00:00"}	{"card_id": 194, "rating": 4, "review_datetime": "2026-08-07T03:47:01+00:00", "review_duration": null}
00195	2026-08-07 12:47:14	easy	4	{"card_id": 195, "state": 2, "step": null, "stability": 8.2956, "difficulty": 1.0, "due": "2026-08-17T03:47:14+00:00", "last_review": "2026-08-07T03:47:14+00:00"}	{"card_id": 195, "rating": 4, "review_datetime": "2026-08-07T03:47:14+00:00", "review_duration": null}
00196	2026-08-07 12:48:27	easy	4	{"card_id": 196, "state": 2, "step": null, "stability": 8.2956, "difficulty": 1.0, "due": "2026-08-15T03:48:27+00:00", "last_review": "2026-08-07T03:48:27+00:00"}	{"card_id": 196, "rating": 4, "review_datetime": "2026-08-07T03:48:27+00:00", "review_duration": null}
00197	2026-08-07 12:48:37	easy	4	{"card_id": 197, "state": 2, "step": null, "stability": 8.2956, "difficulty": 1.0, "due": "2026-08-16T03:48:37+00:00", "last_review": "2026-08-07T03:48:37+00:00"}	{"card_id": 197, "rating": 4, "review_datetime": "2026-08-07T03:48:37+00:00", "review_duration": null}
00198	2026-08-07 12:48:46	easy	4	{"card_id": 198, "state": 2, "step": null, "stability": 8.2956, "difficulty": 1.0, "due": "2026-08-16T03:48:46+00:00", "last_review": "2026-08-07T03:48:46+00:00"}	{"card_id": 198, "rating": 4, "review_datetime": "2026-08-07T03:48:46+00:00", "review_duration": null}
00199	2026-08-07 12:48:56	easy	4	{"card_id": 199, "state": 2, "step": null, "stability": 8.2956, "difficulty": 1.0, "due": "2026-08-16T03:48:56+00:00", "last_review": "2026-08-07T03:48:56+00:00"}	{"card_id": 199, "rating": 4, "review_datetime": "2026-08-07T03:48:56+00:00", "review_duration": null}
00200	2026-08-07 12:49:38	easy	4	{"card_id": 200, "state": 2, "step": null, "stability": 8.2956, "difficulty": 1.0, "due": "2026-08-16T03:49:38+00:00", "last_review": "2026-08-07T03:49:38+00:00"}	{"card_id": 200, "rating": 4, "review_datetime": "2026-08-07T03:49:38+00:00", "review_duration": null}
00201	2026-08-07 12:50:02	easy	4	{"card_id": 201, "state": 2, "step": null, "stability": 8.2956, "difficulty": 1.0, "due": "2026-08-17T03:50:02+00:00", "last_review": "2026-08-07T03:50:02+00:00"}	{"card_id": 201, "rating": 4, "review_datetime": "2026-08-07T03:50:02+00:00", "review_duration": null}
00202	2026-08-07 12:50:50	easy	1	{"card_id": 202, "state": 1, "step": 0, "stability": 0.212, "difficulty": 6.4133, "due": "2026-08-07T03:51:50+00:00", "last_review": "2026-08-07T03:50:50+00:00"}	{"card_id": 202, "rating": 1, "review_datetime": "2026-08-07T03:50:50+00:00", "review_duration": null}
00203	2026-08-07 12:51:07	easy	4	{"card_id": 203, "state": 2, "step": null, "stability": 8.2956, "difficulty": 1.0, "due": "2026-08-18T03:51:07+00:00", "last_review": "2026-08-07T03:51:07+00:00"}	{"card_id": 203, "rating": 4, "review_datetime": "2026-08-07T03:51:07+00:00", "review_duration": null}
00204	2026-08-07 12:51:30	easy	4	{"card_id": 204, "state": 2, "step": null, "stability": 8.2956, "difficulty": 1.0, "due": "2026-08-16T03:51:30+00:00", "last_review": "2026-08-07T03:51:30+00:00"}	{"card_id": 204, "rating": 4, "review_datetime": "2026-08-07T03:51:30+00:00", "review_duration": null}
00205	2026-08-07 12:51:57	easy	4	{"card_id": 205, "state": 2, "step": null, "stability": 8.2956, "difficulty": 1.0, "due": "2026-08-16T03:51:57+00:00", "last_review": "2026-08-07T03:51:57+00:00"}	{"card_id": 205, "rating": 4, "review_datetime": "2026-08-07T03:51:57+00:00", "review_duration": null}
00202	2026-08-07 12:52:20	easy	4	{"card_id": 202, "state": 2, "step": null, "stability": 0.42437996387663374, "difficulty": 5.200020369516838, "due": "2026-08-08T03:52:20+00:00", "last_review": "2026-08-07T03:52:20+00:00"}	{"card_id": 202, "rating": 4, "review_datetime": "2026-08-07T03:52:20+00:00", "review_duration": null}
00206	2026-08-07 12:52:42	easy	4	{"card_id": 206, "state": 2, "step": null, "stability": 8.2956, "difficulty": 1.0, "due": "2026-08-17T03:52:42+00:00", "last_review": "2026-08-07T03:52:42+00:00"}	{"card_id": 206, "rating": 4, "review_datetime": "2026-08-07T03:52:42+00:00", "review_duration": null}
00207	2026-08-07 12:52:53	easy	4	{"card_id": 207, "state": 2, "step": null, "stability": 8.2956, "difficulty": 1.0, "due": "2026-08-17T03:52:53+00:00", "last_review": "2026-08-07T03:52:53+00:00"}	{"card_id": 207, "rating": 4, "review_datetime": "2026-08-07T03:52:53+00:00", "review_duration": null}
00208	2026-08-07 12:53:04	easy	4	{"card_id": 208, "state": 2, "step": null, "stability": 8.2956, "difficulty": 1.0, "due": "2026-08-18T03:53:04+00:00", "last_review": "2026-08-07T03:53:04+00:00"}	{"card_id": 208, "rating": 4, "review_datetime": "2026-08-07T03:53:04+00:00", "review_duration": null}
00209	2026-08-07 12:53:45	easy	4	{"card_id": 209, "state": 2, "step": null, "stability": 8.2956, "difficulty": 1.0, "due": "2026-08-15T03:53:45+00:00", "last_review": "2026-08-07T03:53:45+00:00"}	{"card_id": 209, "rating": 4, "review_datetime": "2026-08-07T03:53:45+00:00", "review_duration": null}
00210	2026-08-07 12:54:06	easy	4	{"card_id": 210, "state": 2, "step": null, "stability": 8.2956, "difficulty": 1.0, "due": "2026-08-16T03:54:06+00:00", "last_review": "2026-08-07T03:54:06+00:00"}	{"card_id": 210, "rating": 4, "review_datetime": "2026-08-07T03:54:06+00:00", "review_duration": null}
00211	2026-08-07 12:55:04	easy	4	{"card_id": 211, "state": 2, "step": null, "stability": 8.2956, "difficulty": 1.0, "due": "2026-08-14T03:55:04+00:00", "last_review": "2026-08-07T03:55:04+00:00"}	{"card_id": 211, "rating": 4, "review_datetime": "2026-08-07T03:55:04+00:00", "review_duration": null}
00212	2026-08-07 12:55:23	easy	4	{"card_id": 212, "state": 2, "step": null, "stability": 8.2956, "difficulty": 1.0, "due": "2026-08-16T03:55:23+00:00", "last_review": "2026-08-07T03:55:23+00:00"}	{"card_id": 212, "rating": 4, "review_datetime": "2026-08-07T03:55:23+00:00", "review_duration": null}
00213	2026-08-07 12:55:37	easy	4	{"card_id": 213, "state": 2, "step": null, "stability": 8.2956, "difficulty": 1.0, "due": "2026-08-15T03:55:37+00:00", "last_review": "2026-08-07T03:55:37+00:00"}	{"card_id": 213, "rating": 4, "review_datetime": "2026-08-07T03:55:37+00:00", "review_duration": null}
00214	2026-08-07 12:55:48	easy	4	{"card_id": 214, "state": 2, "step": null, "stability": 8.2956, "difficulty": 1.0, "due": "2026-08-13T03:55:48+00:00", "last_review": "2026-08-07T03:55:48+00:00"}	{"card_id": 214, "rating": 4, "review_datetime": "2026-08-07T03:55:48+00:00", "review_duration": null}
00215	2026-08-07 12:56:43	easy	4	{"card_id": 215, "state": 2, "step": null, "stability": 8.2956, "difficulty": 1.0, "due": "2026-08-15T03:56:43+00:00", "last_review": "2026-08-07T03:56:43+00:00"}	{"card_id": 215, "rating": 4, "review_datetime": "2026-08-07T03:56:43+00:00", "review_duration": null}
00216	2026-08-07 12:57:18	easy	4	{"card_id": 216, "state": 2, "step": null, "stability": 8.2956, "difficulty": 1.0, "due": "2026-08-14T03:57:18+00:00", "last_review": "2026-08-07T03:57:18+00:00"}	{"card_id": 216, "rating": 4, "review_datetime": "2026-08-07T03:57:18+00:00", "review_duration": null}
00217	2026-08-07 12:57:36	easy	4	{"card_id": 217, "state": 2, "step": null, "stability": 8.2956, "difficulty": 1.0, "due": "2026-08-17T03:57:36+00:00", "last_review": "2026-08-07T03:57:36+00:00"}	{"card_id": 217, "rating": 4, "review_datetime": "2026-08-07T03:57:36+00:00", "review_duration": null}
00218	2026-08-07 12:57:43	easy	4	{"card_id": 218, "state": 2, "step": null, "stability": 8.2956, "difficulty": 1.0, "due": "2026-08-18T03:57:43+00:00", "last_review": "2026-08-07T03:57:43+00:00"}	{"card_id": 218, "rating": 4, "review_datetime": "2026-08-07T03:57:43+00:00", "review_duration": null}
00219	2026-08-07 12:58:09	easy	4	{"card_id": 219, "state": 2, "step": null, "stability": 8.2956, "difficulty": 1.0, "due": "2026-08-17T03:58:09+00:00", "last_review": "2026-08-07T03:58:09+00:00"}	{"card_id": 219, "rating": 4, "review_datetime": "2026-08-07T03:58:09+00:00", "review_duration": null}
00220	2026-08-07 12:58:26	easy	4	{"card_id": 220, "state": 2, "step": null, "stability": 8.2956, "difficulty": 1.0, "due": "2026-08-13T03:58:26+00:00", "last_review": "2026-08-07T03:58:26+00:00"}	{"card_id": 220, "rating": 4, "review_datetime": "2026-08-07T03:58:26+00:00", "review_duration": null}
00221	2026-08-07 12:58:59	easy	4	{"card_id": 221, "state": 2, "step": null, "stability": 8.2956, "difficulty": 1.0, "due": "2026-08-18T03:58:59+00:00", "last_review": "2026-08-07T03:58:59+00:00"}	{"card_id": 221, "rating": 4, "review_datetime": "2026-08-07T03:58:59+00:00", "review_duration": null}
00222	2026-08-07 12:59:10	easy	4	{"card_id": 222, "state": 2, "step": null, "stability": 8.2956, "difficulty": 1.0, "due": "2026-08-16T03:59:10+00:00", "last_review": "2026-08-07T03:59:10+00:00"}	{"card_id": 222, "rating": 4, "review_datetime": "2026-08-07T03:59:10+00:00", "review_duration": null}
00223	2026-08-07 12:59:26	easy	4	{"card_id": 223, "state": 2, "step": null, "stability": 8.2956, "difficulty": 1.0, "due": "2026-08-15T03:59:26+00:00", "last_review": "2026-08-07T03:59:26+00:00"}	{"card_id": 223, "rating": 4, "review_datetime": "2026-08-07T03:59:26+00:00", "review_duration": null}
00224	2026-08-07 13:00:15	easy	4	{"card_id": 224, "state": 2, "step": null, "stability": 8.2956, "difficulty": 1.0, "due": "2026-08-14T04:00:15+00:00", "last_review": "2026-08-07T04:00:15+00:00"}	{"card_id": 224, "rating": 4, "review_datetime": "2026-08-07T04:00:15+00:00", "review_duration": null}
00225	2026-08-07 13:00:57	easy	4	{"card_id": 225, "state": 2, "step": null, "stability": 8.2956, "difficulty": 1.0, "due": "2026-08-15T04:00:57+00:00", "last_review": "2026-08-07T04:00:57+00:00"}	{"card_id": 225, "rating": 4, "review_datetime": "2026-08-07T04:00:57+00:00", "review_duration": null}
00226	2026-08-07 13:01:11	easy	4	{"card_id": 226, "state": 2, "step": null, "stability": 8.2956, "difficulty": 1.0, "due": "2026-08-13T04:01:11+00:00", "last_review": "2026-08-07T04:01:11+00:00"}	{"card_id": 226, "rating": 4, "review_datetime": "2026-08-07T04:01:11+00:00", "review_duration": null}
00227	2026-08-07 13:02:12	easy	4	{"card_id": 227, "state": 2, "step": null, "stability": 8.2956, "difficulty": 1.0, "due": "2026-08-14T04:02:12+00:00", "last_review": "2026-08-07T04:02:12+00:00"}	{"card_id": 227, "rating": 4, "review_datetime": "2026-08-07T04:02:12+00:00", "review_duration": null}
00228	2026-08-07 13:03:21	easy	4	{"card_id": 228, "state": 2, "step": null, "stability": 8.2956, "difficulty": 1.0, "due": "2026-08-14T04:03:21+00:00", "last_review": "2026-08-07T04:03:21+00:00"}	{"card_id": 228, "rating": 4, "review_datetime": "2026-08-07T04:03:21+00:00", "review_duration": null}
00229	2026-08-07 13:04:36	easy	3	{"card_id": 229, "state": 1, "step": 1, "stability": 2.3065, "difficulty": 2.118103970459016, "due": "2026-08-07T04:14:36+00:00", "last_review": "2026-08-07T04:04:36+00:00"}	{"card_id": 229, "rating": 3, "review_datetime": "2026-08-07T04:04:36+00:00", "review_duration": null}
00230	2026-08-07 13:05:10	easy	4	{"card_id": 230, "state": 2, "step": null, "stability": 8.2956, "difficulty": 1.0, "due": "2026-08-14T04:05:10+00:00", "last_review": "2026-08-07T04:05:10+00:00"}	{"card_id": 230, "rating": 4, "review_datetime": "2026-08-07T04:05:10+00:00", "review_duration": null}
00231	2026-08-07 13:05:40	easy	4	{"card_id": 231, "state": 2, "step": null, "stability": 8.2956, "difficulty": 1.0, "due": "2026-08-15T04:05:40+00:00", "last_review": "2026-08-07T04:05:40+00:00"}	{"card_id": 231, "rating": 4, "review_datetime": "2026-08-07T04:05:40+00:00", "review_duration": null}
00232	2026-08-07 13:06:05	easy	4	{"card_id": 232, "state": 2, "step": null, "stability": 8.2956, "difficulty": 1.0, "due": "2026-08-15T04:06:05+00:00", "last_review": "2026-08-07T04:06:05+00:00"}	{"card_id": 232, "rating": 4, "review_datetime": "2026-08-07T04:06:05+00:00", "review_duration": null}
00233	2026-08-07 13:06:35	easy	4	{"card_id": 233, "state": 2, "step": null, "stability": 8.2956, "difficulty": 1.0, "due": "2026-08-17T04:06:35+00:00", "last_review": "2026-08-07T04:06:35+00:00"}	{"card_id": 233, "rating": 4, "review_datetime": "2026-08-07T04:06:35+00:00", "review_duration": null}
00234	2026-08-07 13:07:31	easy	4	{"card_id": 234, "state": 2, "step": null, "stability": 8.2956, "difficulty": 1.0, "due": "2026-08-14T04:07:31+00:00", "last_review": "2026-08-07T04:07:31+00:00"}	{"card_id": 234, "rating": 4, "review_datetime": "2026-08-07T04:07:31+00:00", "review_duration": null}
00235	2026-08-07 13:08:19	easy	4	{"card_id": 235, "state": 2, "step": null, "stability": 8.2956, "difficulty": 1.0, "due": "2026-08-16T04:08:19+00:00", "last_review": "2026-08-07T04:08:19+00:00"}	{"card_id": 235, "rating": 4, "review_datetime": "2026-08-07T04:08:19+00:00", "review_duration": null}
00236	2026-08-07 13:08:34	easy	4	{"card_id": 236, "state": 2, "step": null, "stability": 8.2956, "difficulty": 1.0, "due": "2026-08-18T04:08:34+00:00", "last_review": "2026-08-07T04:08:34+00:00"}	{"card_id": 236, "rating": 4, "review_datetime": "2026-08-07T04:08:34+00:00", "review_duration": null}
00237	2026-08-07 13:08:45	easy	4	{"card_id": 237, "state": 2, "step": null, "stability": 8.2956, "difficulty": 1.0, "due": "2026-08-15T04:08:45+00:00", "last_review": "2026-08-07T04:08:45+00:00"}	{"card_id": 237, "rating": 4, "review_datetime": "2026-08-07T04:08:45+00:00", "review_duration": null}
00238	2026-08-07 13:09:07	easy	4	{"card_id": 238, "state": 2, "step": null, "stability": 8.2956, "difficulty": 1.0, "due": "2026-08-14T04:09:07+00:00", "last_review": "2026-08-07T04:09:07+00:00"}	{"card_id": 238, "rating": 4, "review_datetime": "2026-08-07T04:09:07+00:00", "review_duration": null}
00239	2026-08-07 13:09:29	easy	4	{"card_id": 239, "state": 2, "step": null, "stability": 8.2956, "difficulty": 1.0, "due": "2026-08-15T04:09:29+00:00", "last_review": "2026-08-07T04:09:29+00:00"}	{"card_id": 239, "rating": 4, "review_datetime": "2026-08-07T04:09:29+00:00", "review_duration": null}
00240	2026-08-07 13:09:47	easy	4	{"card_id": 240, "state": 2, "step": null, "stability": 8.2956, "difficulty": 1.0, "due": "2026-08-15T04:09:47+00:00", "last_review": "2026-08-07T04:09:47+00:00"}	{"card_id": 240, "rating": 4, "review_datetime": "2026-08-07T04:09:47+00:00", "review_duration": null}
00241	2026-08-07 13:10:07	easy	4	{"card_id": 241, "state": 2, "step": null, "stability": 8.2956, "difficulty": 1.0, "due": "2026-08-15T04:10:07+00:00", "last_review": "2026-08-07T04:10:07+00:00"}	{"card_id": 241, "rating": 4, "review_datetime": "2026-08-07T04:10:07+00:00", "review_duration": null}
00242	2026-08-07 13:10:25	easy	4	{"card_id": 242, "state": 2, "step": null, "stability": 8.2956, "difficulty": 1.0, "due": "2026-08-14T04:10:25+00:00", "last_review": "2026-08-07T04:10:25+00:00"}	{"card_id": 242, "rating": 4, "review_datetime": "2026-08-07T04:10:25+00:00", "review_duration": null}
00243	2026-08-07 13:10:36	easy	4	{"card_id": 243, "state": 2, "step": null, "stability": 8.2956, "difficulty": 1.0, "due": "2026-08-18T04:10:36+00:00", "last_review": "2026-08-07T04:10:36+00:00"}	{"card_id": 243, "rating": 4, "review_datetime": "2026-08-07T04:10:36+00:00", "review_duration": null}
00244	2026-08-07 13:10:55	easy	4	{"card_id": 244, "state": 2, "step": null, "stability": 8.2956, "difficulty": 1.0, "due": "2026-08-15T04:10:55+00:00", "last_review": "2026-08-07T04:10:55+00:00"}	{"card_id": 244, "rating": 4, "review_datetime": "2026-08-07T04:10:55+00:00", "review_duration": null}
00245	2026-08-07 13:11:11	easy	4	{"card_id": 245, "state": 2, "step": null, "stability": 8.2956, "difficulty": 1.0, "due": "2026-08-17T04:11:11+00:00", "last_review": "2026-08-07T04:11:11+00:00"}	{"card_id": 245, "rating": 4, "review_datetime": "2026-08-07T04:11:11+00:00", "review_duration": null}
00246	2026-08-07 13:11:33	again	1	{"card_id": 246, "state": 1, "step": 0, "stability": 0.212, "difficulty": 6.4133, "due": "2026-08-07T04:12:33+00:00", "last_review": "2026-08-07T04:11:33+00:00"}	{"card_id": 246, "rating": 1, "review_datetime": "2026-08-07T04:11:33+00:00", "review_duration": null}
00247	2026-08-07 13:12:28	easy	4	{"card_id": 247, "state": 2, "step": null, "stability": 8.2956, "difficulty": 1.0, "due": "2026-08-17T04:12:28+00:00", "last_review": "2026-08-07T04:12:28+00:00"}	{"card_id": 247, "rating": 4, "review_datetime": "2026-08-07T04:12:28+00:00", "review_duration": null}
00246	2026-08-07 13:12:39	easy	4	{"card_id": 246, "state": 2, "step": null, "stability": 0.42437996387663374, "difficulty": 5.200020369516838, "due": "2026-08-08T04:12:39+00:00", "last_review": "2026-08-07T04:12:39+00:00"}	{"card_id": 246, "rating": 4, "review_datetime": "2026-08-07T04:12:39+00:00", "review_duration": null}
00248	2026-08-07 13:12:43	easy	4	{"card_id": 248, "state": 2, "step": null, "stability": 8.2956, "difficulty": 1.0, "due": "2026-08-17T04:12:43+00:00", "last_review": "2026-08-07T04:12:43+00:00"}	{"card_id": 248, "rating": 4, "review_datetime": "2026-08-07T04:12:43+00:00", "review_duration": null}
00249	2026-08-07 13:12:52	easy	3	{"card_id": 249, "state": 1, "step": 1, "stability": 2.3065, "difficulty": 2.118103970459016, "due": "2026-08-07T04:22:52+00:00", "last_review": "2026-08-07T04:12:52+00:00"}	{"card_id": 249, "rating": 3, "review_datetime": "2026-08-07T04:12:52+00:00", "review_duration": null}
00250	2026-08-07 13:13:32	easy	4	{"card_id": 250, "state": 2, "step": null, "stability": 8.2956, "difficulty": 1.0, "due": "2026-08-15T04:13:32+00:00", "last_review": "2026-08-07T04:13:32+00:00"}	{"card_id": 250, "rating": 4, "review_datetime": "2026-08-07T04:13:32+00:00", "review_duration": null}
00251	2026-08-07 13:13:59	easy	4	{"card_id": 251, "state": 2, "step": null, "stability": 8.2956, "difficulty": 1.0, "due": "2026-08-18T04:13:59+00:00", "last_review": "2026-08-07T04:13:59+00:00"}	{"card_id": 251, "rating": 4, "review_datetime": "2026-08-07T04:13:59+00:00", "review_duration": null}
00252	2026-08-07 13:14:31	easy	4	{"card_id": 252, "state": 2, "step": null, "stability": 8.2956, "difficulty": 1.0, "due": "2026-08-18T04:14:31+00:00", "last_review": "2026-08-07T04:14:31+00:00"}	{"card_id": 252, "rating": 4, "review_datetime": "2026-08-07T04:14:31+00:00", "review_duration": null}
00229	2026-08-07 13:15:18	easy	4	{"card_id": 229, "state": 2, "step": null, "stability": 3.946054067969477, "difficulty": 1.0, "due": "2026-08-13T04:15:18+00:00", "last_review": "2026-08-07T04:15:18+00:00"}	{"card_id": 229, "rating": 4, "review_datetime": "2026-08-07T04:15:18+00:00", "review_duration": null}
00253	2026-08-07 13:15:37	easy	4	{"card_id": 253, "state": 2, "step": null, "stability": 8.2956, "difficulty": 1.0, "due": "2026-08-14T04:15:37+00:00", "last_review": "2026-08-07T04:15:37+00:00"}	{"card_id": 253, "rating": 4, "review_datetime": "2026-08-07T04:15:37+00:00", "review_duration": null}
00254	2026-08-07 13:16:02	easy	4	{"card_id": 254, "state": 2, "step": null, "stability": 8.2956, "difficulty": 1.0, "due": "2026-08-16T04:16:02+00:00", "last_review": "2026-08-07T04:16:02+00:00"}	{"card_id": 254, "rating": 4, "review_datetime": "2026-08-07T04:16:02+00:00", "review_duration": null}
00255	2026-08-07 13:16:18	easy	4	{"card_id": 255, "state": 2, "step": null, "stability": 8.2956, "difficulty": 1.0, "due": "2026-08-14T04:16:18+00:00", "last_review": "2026-08-07T04:16:18+00:00"}	{"card_id": 255, "rating": 4, "review_datetime": "2026-08-07T04:16:18+00:00", "review_duration": null}
00256	2026-08-07 13:17:15	easy	4	{"card_id": 256, "state": 2, "step": null, "stability": 8.2956, "difficulty": 1.0, "due": "2026-08-14T04:17:15+00:00", "last_review": "2026-08-07T04:17:15+00:00"}	{"card_id": 256, "rating": 4, "review_datetime": "2026-08-07T04:17:15+00:00", "review_duration": null}
00257	2026-08-07 13:17:43	easy	4	{"card_id": 257, "state": 2, "step": null, "stability": 8.2956, "difficulty": 1.0, "due": "2026-08-15T04:17:43+00:00", "last_review": "2026-08-07T04:17:43+00:00"}	{"card_id": 257, "rating": 4, "review_datetime": "2026-08-07T04:17:43+00:00", "review_duration": null}
00258	2026-08-07 13:17:58	easy	4	{"card_id": 258, "state": 2, "step": null, "stability": 8.2956, "difficulty": 1.0, "due": "2026-08-15T04:17:58+00:00", "last_review": "2026-08-07T04:17:58+00:00"}	{"card_id": 258, "rating": 4, "review_datetime": "2026-08-07T04:17:58+00:00", "review_duration": null}
00259	2026-08-07 13:18:23	easy	4	{"card_id": 259, "state": 2, "step": null, "stability": 8.2956, "difficulty": 1.0, "due": "2026-08-16T04:18:23+00:00", "last_review": "2026-08-07T04:18:23+00:00"}	{"card_id": 259, "rating": 4, "review_datetime": "2026-08-07T04:18:23+00:00", "review_duration": null}
00260	2026-08-07 13:18:57	easy	4	{"card_id": 260, "state": 2, "step": null, "stability": 8.2956, "difficulty": 1.0, "due": "2026-08-17T04:18:57+00:00", "last_review": "2026-08-07T04:18:57+00:00"}	{"card_id": 260, "rating": 4, "review_datetime": "2026-08-07T04:18:57+00:00", "review_duration": null}
00261	2026-08-07 13:19:42	easy	4	{"card_id": 261, "state": 2, "step": null, "stability": 8.2956, "difficulty": 1.0, "due": "2026-08-14T04:19:42+00:00", "last_review": "2026-08-07T04:19:42+00:00"}	{"card_id": 261, "rating": 4, "review_datetime": "2026-08-07T04:19:42+00:00", "review_duration": null}
00262	2026-08-07 13:20:13	easy	4	{"card_id": 262, "state": 2, "step": null, "stability": 8.2956, "difficulty": 1.0, "due": "2026-08-16T04:20:13+00:00", "last_review": "2026-08-07T04:20:13+00:00"}	{"card_id": 262, "rating": 4, "review_datetime": "2026-08-07T04:20:13+00:00", "review_duration": null}
00263	2026-08-07 13:20:40	easy	4	{"card_id": 263, "state": 2, "step": null, "stability": 8.2956, "difficulty": 1.0, "due": "2026-08-13T04:20:40+00:00", "last_review": "2026-08-07T04:20:40+00:00"}	{"card_id": 263, "rating": 4, "review_datetime": "2026-08-07T04:20:40+00:00", "review_duration": null}
00264	2026-08-07 13:20:49	easy	4	{"card_id": 264, "state": 2, "step": null, "stability": 8.2956, "difficulty": 1.0, "due": "2026-08-18T04:20:49+00:00", "last_review": "2026-08-07T04:20:49+00:00"}	{"card_id": 264, "rating": 4, "review_datetime": "2026-08-07T04:20:49+00:00", "review_duration": null}
00265	2026-08-07 13:21:22	easy	4	{"card_id": 265, "state": 2, "step": null, "stability": 8.2956, "difficulty": 1.0, "due": "2026-08-15T04:21:22+00:00", "last_review": "2026-08-07T04:21:22+00:00"}	{"card_id": 265, "rating": 4, "review_datetime": "2026-08-07T04:21:22+00:00", "review_duration": null}
00266	2026-08-07 13:22:39	easy	1	{"card_id": 266, "state": 1, "step": 0, "stability": 0.212, "difficulty": 6.4133, "due": "2026-08-07T04:23:39+00:00", "last_review": "2026-08-07T04:22:39+00:00"}	{"card_id": 266, "rating": 1, "review_datetime": "2026-08-07T04:22:39+00:00", "review_duration": null}
00249	2026-08-07 13:23:38	easy	4	{"card_id": 249, "state": 2, "step": null, "stability": 3.946054067969477, "difficulty": 1.0, "due": "2026-08-12T04:23:38+00:00", "last_review": "2026-08-07T04:23:38+00:00"}	{"card_id": 249, "rating": 4, "review_datetime": "2026-08-07T04:23:38+00:00", "review_duration": null}
00266	2026-08-07 13:24:05	easy	4	{"card_id": 266, "state": 2, "step": null, "stability": 0.42437996387663374, "difficulty": 5.200020369516838, "due": "2026-08-08T04:24:05+00:00", "last_review": "2026-08-07T04:24:05+00:00"}	{"card_id": 266, "rating": 4, "review_datetime": "2026-08-07T04:24:05+00:00", "review_duration": null}
00267	2026-08-07 13:24:31	easy	4	{"card_id": 267, "state": 2, "step": null, "stability": 8.2956, "difficulty": 1.0, "due": "2026-08-14T04:24:31+00:00", "last_review": "2026-08-07T04:24:31+00:00"}	{"card_id": 267, "rating": 4, "review_datetime": "2026-08-07T04:24:31+00:00", "review_duration": null}
00268	2026-08-07 13:26:22	easy	1	{"card_id": 268, "state": 1, "step": 0, "stability": 0.212, "difficulty": 6.4133, "due": "2026-08-07T04:27:22+00:00", "last_review": "2026-08-07T04:26:22+00:00"}	{"card_id": 268, "rating": 1, "review_datetime": "2026-08-07T04:26:22+00:00", "review_duration": null}
00269	2026-08-07 13:26:47	easy	4	{"card_id": 269, "state": 2, "step": null, "stability": 8.2956, "difficulty": 1.0, "due": "2026-08-14T04:26:47+00:00", "last_review": "2026-08-07T04:26:47+00:00"}	{"card_id": 269, "rating": 4, "review_datetime": "2026-08-07T04:26:47+00:00", "review_duration": null}
00270	2026-08-07 13:27:19	easy	4	{"card_id": 270, "state": 2, "step": null, "stability": 8.2956, "difficulty": 1.0, "due": "2026-08-15T04:27:19+00:00", "last_review": "2026-08-07T04:27:19+00:00"}	{"card_id": 270, "rating": 4, "review_datetime": "2026-08-07T04:27:19+00:00", "review_duration": null}
00268	2026-08-07 13:28:17	easy	4	{"card_id": 268, "state": 2, "step": null, "stability": 0.42437996387663374, "difficulty": 5.200020369516838, "due": "2026-08-08T04:28:17+00:00", "last_review": "2026-08-07T04:28:17+00:00"}	{"card_id": 268, "rating": 4, "review_datetime": "2026-08-07T04:28:17+00:00", "review_duration": null}
00271	2026-08-07 13:28:37	easy	4	{"card_id": 271, "state": 2, "step": null, "stability": 8.2956, "difficulty": 1.0, "due": "2026-08-16T04:28:37+00:00", "last_review": "2026-08-07T04:28:37+00:00"}	{"card_id": 271, "rating": 4, "review_datetime": "2026-08-07T04:28:37+00:00", "review_duration": null}
00272	2026-08-07 13:29:33	easy	4	{"card_id": 272, "state": 2, "step": null, "stability": 8.2956, "difficulty": 1.0, "due": "2026-08-14T04:29:33+00:00", "last_review": "2026-08-07T04:29:33+00:00"}	{"card_id": 272, "rating": 4, "review_datetime": "2026-08-07T04:29:33+00:00", "review_duration": null}
00273	2026-08-07 13:29:49	easy	4	{"card_id": 273, "state": 2, "step": null, "stability": 8.2956, "difficulty": 1.0, "due": "2026-08-18T04:29:49+00:00", "last_review": "2026-08-07T04:29:49+00:00"}	{"card_id": 273, "rating": 4, "review_datetime": "2026-08-07T04:29:49+00:00", "review_duration": null}
00274	2026-08-07 13:30:24	easy	4	{"card_id": 274, "state": 2, "step": null, "stability": 8.2956, "difficulty": 1.0, "due": "2026-08-15T04:30:24+00:00", "last_review": "2026-08-07T04:30:24+00:00"}	{"card_id": 274, "rating": 4, "review_datetime": "2026-08-07T04:30:24+00:00", "review_duration": null}
00275	2026-08-07 13:30:58	easy	4	{"card_id": 275, "state": 2, "step": null, "stability": 8.2956, "difficulty": 1.0, "due": "2026-08-15T04:30:58+00:00", "last_review": "2026-08-07T04:30:58+00:00"}	{"card_id": 275, "rating": 4, "review_datetime": "2026-08-07T04:30:58+00:00", "review_duration": null}
00276	2026-08-07 13:31:38	easy	4	{"card_id": 276, "state": 2, "step": null, "stability": 8.2956, "difficulty": 1.0, "due": "2026-08-18T04:31:38+00:00", "last_review": "2026-08-07T04:31:38+00:00"}	{"card_id": 276, "rating": 4, "review_datetime": "2026-08-07T04:31:38+00:00", "review_duration": null}
00277	2026-08-07 13:32:00	easy	4	{"card_id": 277, "state": 2, "step": null, "stability": 8.2956, "difficulty": 1.0, "due": "2026-08-16T04:32:00+00:00", "last_review": "2026-08-07T04:32:00+00:00"}	{"card_id": 277, "rating": 4, "review_datetime": "2026-08-07T04:32:00+00:00", "review_duration": null}
00278	2026-08-07 13:32:18	easy	4	{"card_id": 278, "state": 2, "step": null, "stability": 8.2956, "difficulty": 1.0, "due": "2026-08-17T04:32:18+00:00", "last_review": "2026-08-07T04:32:18+00:00"}	{"card_id": 278, "rating": 4, "review_datetime": "2026-08-07T04:32:18+00:00", "review_duration": null}
00279	2026-08-07 13:32:38	easy	4	{"card_id": 279, "state": 2, "step": null, "stability": 8.2956, "difficulty": 1.0, "due": "2026-08-13T04:32:38+00:00", "last_review": "2026-08-07T04:32:38+00:00"}	{"card_id": 279, "rating": 4, "review_datetime": "2026-08-07T04:32:38+00:00", "review_duration": null}
00280	2026-08-07 13:33:05	easy	4	{"card_id": 280, "state": 2, "step": null, "stability": 8.2956, "difficulty": 1.0, "due": "2026-08-18T04:33:05+00:00", "last_review": "2026-08-07T04:33:05+00:00"}	{"card_id": 280, "rating": 4, "review_datetime": "2026-08-07T04:33:05+00:00", "review_duration": null}
00281	2026-08-07 13:34:24	easy	4	{"card_id": 281, "state": 2, "step": null, "stability": 8.2956, "difficulty": 1.0, "due": "2026-08-14T04:34:24+00:00", "last_review": "2026-08-07T04:34:24+00:00"}	{"card_id": 281, "rating": 4, "review_datetime": "2026-08-07T04:34:24+00:00", "review_duration": null}
00282	2026-08-07 13:35:08	easy	4	{"card_id": 282, "state": 2, "step": null, "stability": 8.2956, "difficulty": 1.0, "due": "2026-08-13T04:35:08+00:00", "last_review": "2026-08-07T04:35:08+00:00"}	{"card_id": 282, "rating": 4, "review_datetime": "2026-08-07T04:35:08+00:00", "review_duration": null}
00283	2026-08-07 13:35:57	again	1	{"card_id": 283, "state": 1, "step": 0, "stability": 0.212, "difficulty": 6.4133, "due": "2026-08-07T04:36:57+00:00", "last_review": "2026-08-07T04:35:57+00:00"}	{"card_id": 283, "rating": 1, "review_datetime": "2026-08-07T04:35:57+00:00", "review_duration": null}
00284	2026-08-07 13:36:23	easy	4	{"card_id": 284, "state": 2, "step": null, "stability": 8.2956, "difficulty": 1.0, "due": "2026-08-18T04:36:23+00:00", "last_review": "2026-08-07T04:36:23+00:00"}	{"card_id": 284, "rating": 4, "review_datetime": "2026-08-07T04:36:23+00:00", "review_duration": null}
00285	2026-08-07 13:36:44	easy	4	{"card_id": 285, "state": 2, "step": null, "stability": 8.2956, "difficulty": 1.0, "due": "2026-08-16T04:36:44+00:00", "last_review": "2026-08-07T04:36:44+00:00"}	{"card_id": 285, "rating": 4, "review_datetime": "2026-08-07T04:36:44+00:00", "review_duration": null}
00283	2026-08-07 13:37:19	easy	4	{"card_id": 283, "state": 2, "step": null, "stability": 0.42437996387663374, "difficulty": 5.200020369516838, "due": "2026-08-08T04:37:19+00:00", "last_review": "2026-08-07T04:37:19+00:00"}	{"card_id": 283, "rating": 4, "review_datetime": "2026-08-07T04:37:19+00:00", "review_duration": null}
00286	2026-08-07 13:37:58	easy	4	{"card_id": 286, "state": 2, "step": null, "stability": 8.2956, "difficulty": 1.0, "due": "2026-08-14T04:37:58+00:00", "last_review": "2026-08-07T04:37:58+00:00"}	{"card_id": 286, "rating": 4, "review_datetime": "2026-08-07T04:37:58+00:00", "review_duration": null}
00287	2026-08-07 13:45:27	easy	4	{"card_id": 287, "state": 2, "step": null, "stability": 8.2956, "difficulty": 1.0, "due": "2026-08-17T04:45:27+00:00", "last_review": "2026-08-07T04:45:27+00:00"}	{"card_id": 287, "rating": 4, "review_datetime": "2026-08-07T04:45:27+00:00", "review_duration": null}
00288	2026-08-07 13:54:42	easy	4	{"card_id": 288, "state": 2, "step": null, "stability": 8.2956, "difficulty": 1.0, "due": "2026-08-17T04:54:42+00:00", "last_review": "2026-08-07T04:54:42+00:00"}	{"card_id": 288, "rating": 4, "review_datetime": "2026-08-07T04:54:42+00:00", "review_duration": null}
00289	2026-08-07 13:54:51	easy	4	{"card_id": 289, "state": 2, "step": null, "stability": 8.2956, "difficulty": 1.0, "due": "2026-08-15T04:54:51+00:00", "last_review": "2026-08-07T04:54:51+00:00"}	{"card_id": 289, "rating": 4, "review_datetime": "2026-08-07T04:54:51+00:00", "review_duration": null}
00290	2026-08-07 13:55:20	easy	4	{"card_id": 290, "state": 2, "step": null, "stability": 8.2956, "difficulty": 1.0, "due": "2026-08-14T04:55:20+00:00", "last_review": "2026-08-07T04:55:20+00:00"}	{"card_id": 290, "rating": 4, "review_datetime": "2026-08-07T04:55:20+00:00", "review_duration": null}
00291	2026-08-07 13:55:45	easy	4	{"card_id": 291, "state": 2, "step": null, "stability": 8.2956, "difficulty": 1.0, "due": "2026-08-17T04:55:45+00:00", "last_review": "2026-08-07T04:55:45+00:00"}	{"card_id": 291, "rating": 4, "review_datetime": "2026-08-07T04:55:45+00:00", "review_duration": null}
00292	2026-08-07 13:55:53	easy	4	{"card_id": 292, "state": 2, "step": null, "stability": 8.2956, "difficulty": 1.0, "due": "2026-08-14T04:55:53+00:00", "last_review": "2026-08-07T04:55:53+00:00"}	{"card_id": 292, "rating": 4, "review_datetime": "2026-08-07T04:55:53+00:00", "review_duration": null}
00293	2026-08-07 13:56:23	easy	4	{"card_id": 293, "state": 2, "step": null, "stability": 8.2956, "difficulty": 1.0, "due": "2026-08-16T04:56:23+00:00", "last_review": "2026-08-07T04:56:23+00:00"}	{"card_id": 293, "rating": 4, "review_datetime": "2026-08-07T04:56:23+00:00", "review_duration": null}
00294	2026-08-07 13:57:04	easy	4	{"card_id": 294, "state": 2, "step": null, "stability": 8.2956, "difficulty": 1.0, "due": "2026-08-13T04:57:04+00:00", "last_review": "2026-08-07T04:57:04+00:00"}	{"card_id": 294, "rating": 4, "review_datetime": "2026-08-07T04:57:04+00:00", "review_duration": null}
00295	2026-08-07 13:57:17	easy	4	{"card_id": 295, "state": 2, "step": null, "stability": 8.2956, "difficulty": 1.0, "due": "2026-08-14T04:57:17+00:00", "last_review": "2026-08-07T04:57:17+00:00"}	{"card_id": 295, "rating": 4, "review_datetime": "2026-08-07T04:57:17+00:00", "review_duration": null}
00296	2026-08-07 14:02:06	easy	4	{"card_id": 296, "state": 2, "step": null, "stability": 8.2956, "difficulty": 1.0, "due": "2026-08-18T05:02:06+00:00", "last_review": "2026-08-07T05:02:06+00:00"}	{"card_id": 296, "rating": 4, "review_datetime": "2026-08-07T05:02:06+00:00", "review_duration": null}
00297	2026-08-07 14:02:41	easy	4	{"card_id": 297, "state": 2, "step": null, "stability": 8.2956, "difficulty": 1.0, "due": "2026-08-17T05:02:41+00:00", "last_review": "2026-08-07T05:02:41+00:00"}	{"card_id": 297, "rating": 4, "review_datetime": "2026-08-07T05:02:41+00:00", "review_duration": null}
00298	2026-08-07 14:03:26	easy	4	{"card_id": 298, "state": 2, "step": null, "stability": 8.2956, "difficulty": 1.0, "due": "2026-08-18T05:03:26+00:00", "last_review": "2026-08-07T05:03:26+00:00"}	{"card_id": 298, "rating": 4, "review_datetime": "2026-08-07T05:03:26+00:00", "review_duration": null}
00299	2026-08-07 14:04:08	easy	4	{"card_id": 299, "state": 2, "step": null, "stability": 8.2956, "difficulty": 1.0, "due": "2026-08-17T05:04:08+00:00", "last_review": "2026-08-07T05:04:08+00:00"}	{"card_id": 299, "rating": 4, "review_datetime": "2026-08-07T05:04:08+00:00", "review_duration": null}
00300	2026-08-07 14:04:18	easy	4	{"card_id": 300, "state": 2, "step": null, "stability": 8.2956, "difficulty": 1.0, "due": "2026-08-16T05:04:18+00:00", "last_review": "2026-08-07T05:04:18+00:00"}	{"card_id": 300, "rating": 4, "review_datetime": "2026-08-07T05:04:18+00:00", "review_duration": null}
00301	2026-08-07 14:04:42	easy	4	{"card_id": 301, "state": 2, "step": null, "stability": 8.2956, "difficulty": 1.0, "due": "2026-08-14T05:04:42+00:00", "last_review": "2026-08-07T05:04:42+00:00"}	{"card_id": 301, "rating": 4, "review_datetime": "2026-08-07T05:04:42+00:00", "review_duration": null}
00302	2026-08-07 14:05:02	easy	4	{"card_id": 302, "state": 2, "step": null, "stability": 8.2956, "difficulty": 1.0, "due": "2026-08-15T05:05:02+00:00", "last_review": "2026-08-07T05:05:02+00:00"}	{"card_id": 302, "rating": 4, "review_datetime": "2026-08-07T05:05:02+00:00", "review_duration": null}
00303	2026-08-07 14:05:17	easy	4	{"card_id": 303, "state": 2, "step": null, "stability": 8.2956, "difficulty": 1.0, "due": "2026-08-16T05:05:17+00:00", "last_review": "2026-08-07T05:05:17+00:00"}	{"card_id": 303, "rating": 4, "review_datetime": "2026-08-07T05:05:17+00:00", "review_duration": null}
00304	2026-08-07 14:05:39	easy	4	{"card_id": 304, "state": 2, "step": null, "stability": 8.2956, "difficulty": 1.0, "due": "2026-08-18T05:05:39+00:00", "last_review": "2026-08-07T05:05:39+00:00"}	{"card_id": 304, "rating": 4, "review_datetime": "2026-08-07T05:05:39+00:00", "review_duration": null}
00305	2026-08-07 14:05:53	easy	4	{"card_id": 305, "state": 2, "step": null, "stability": 8.2956, "difficulty": 1.0, "due": "2026-08-16T05:05:53+00:00", "last_review": "2026-08-07T05:05:53+00:00"}	{"card_id": 305, "rating": 4, "review_datetime": "2026-08-07T05:05:53+00:00", "review_duration": null}
00306	2026-08-07 14:06:10	easy	4	{"card_id": 306, "state": 2, "step": null, "stability": 8.2956, "difficulty": 1.0, "due": "2026-08-17T05:06:10+00:00", "last_review": "2026-08-07T05:06:10+00:00"}	{"card_id": 306, "rating": 4, "review_datetime": "2026-08-07T05:06:10+00:00", "review_duration": null}
00307	2026-08-07 14:07:40	easy	4	{"card_id": 307, "state": 2, "step": null, "stability": 8.2956, "difficulty": 1.0, "due": "2026-08-16T05:07:40+00:00", "last_review": "2026-08-07T05:07:40+00:00"}	{"card_id": 307, "rating": 4, "review_datetime": "2026-08-07T05:07:40+00:00", "review_duration": null}
00308	2026-08-07 14:07:53	easy	4	{"card_id": 308, "state": 2, "step": null, "stability": 8.2956, "difficulty": 1.0, "due": "2026-08-14T05:07:53+00:00", "last_review": "2026-08-07T05:07:53+00:00"}	{"card_id": 308, "rating": 4, "review_datetime": "2026-08-07T05:07:53+00:00", "review_duration": null}
00309	2026-08-07 14:08:41	easy	4	{"card_id": 309, "state": 2, "step": null, "stability": 8.2956, "difficulty": 1.0, "due": "2026-08-17T05:08:41+00:00", "last_review": "2026-08-07T05:08:41+00:00"}	{"card_id": 309, "rating": 4, "review_datetime": "2026-08-07T05:08:41+00:00", "review_duration": null}
00310	2026-08-07 14:08:59	easy	4	{"card_id": 310, "state": 2, "step": null, "stability": 8.2956, "difficulty": 1.0, "due": "2026-08-18T05:08:59+00:00", "last_review": "2026-08-07T05:08:59+00:00"}	{"card_id": 310, "rating": 4, "review_datetime": "2026-08-07T05:08:59+00:00", "review_duration": null}
00311	2026-08-07 14:09:28	easy	1	{"card_id": 311, "state": 1, "step": 0, "stability": 0.212, "difficulty": 6.4133, "due": "2026-08-07T05:10:28+00:00", "last_review": "2026-08-07T05:09:28+00:00"}	{"card_id": 311, "rating": 1, "review_datetime": "2026-08-07T05:09:28+00:00", "review_duration": null}
00312	2026-08-07 14:09:56	easy	4	{"card_id": 312, "state": 2, "step": null, "stability": 8.2956, "difficulty": 1.0, "due": "2026-08-18T05:09:56+00:00", "last_review": "2026-08-07T05:09:56+00:00"}	{"card_id": 312, "rating": 4, "review_datetime": "2026-08-07T05:09:56+00:00", "review_duration": null}
00313	2026-08-07 14:11:04	easy	4	{"card_id": 313, "state": 2, "step": null, "stability": 8.2956, "difficulty": 1.0, "due": "2026-08-13T05:11:04+00:00", "last_review": "2026-08-07T05:11:04+00:00"}	{"card_id": 313, "rating": 4, "review_datetime": "2026-08-07T05:11:04+00:00", "review_duration": null}
00311	2026-08-07 14:11:25	easy	4	{"card_id": 311, "state": 2, "step": null, "stability": 0.42437996387663374, "difficulty": 5.200020369516838, "due": "2026-08-08T05:11:25+00:00", "last_review": "2026-08-07T05:11:25+00:00"}	{"card_id": 311, "rating": 4, "review_datetime": "2026-08-07T05:11:25+00:00", "review_duration": null}
00314	2026-08-07 14:11:46	easy	4	{"card_id": 314, "state": 2, "step": null, "stability": 8.2956, "difficulty": 1.0, "due": "2026-08-13T05:11:46+00:00", "last_review": "2026-08-07T05:11:46+00:00"}	{"card_id": 314, "rating": 4, "review_datetime": "2026-08-07T05:11:46+00:00", "review_duration": null}
00315	2026-08-07 14:11:53	easy	4	{"card_id": 315, "state": 2, "step": null, "stability": 8.2956, "difficulty": 1.0, "due": "2026-08-17T05:11:53+00:00", "last_review": "2026-08-07T05:11:53+00:00"}	{"card_id": 315, "rating": 4, "review_datetime": "2026-08-07T05:11:53+00:00", "review_duration": null}
00316	2026-08-07 14:12:45	easy	4	{"card_id": 316, "state": 2, "step": null, "stability": 8.2956, "difficulty": 1.0, "due": "2026-08-16T05:12:45+00:00", "last_review": "2026-08-07T05:12:45+00:00"}	{"card_id": 316, "rating": 4, "review_datetime": "2026-08-07T05:12:45+00:00", "review_duration": null}
00317	2026-08-07 14:13:00	easy	4	{"card_id": 317, "state": 2, "step": null, "stability": 8.2956, "difficulty": 1.0, "due": "2026-08-15T05:13:00+00:00", "last_review": "2026-08-07T05:13:00+00:00"}	{"card_id": 317, "rating": 4, "review_datetime": "2026-08-07T05:13:00+00:00", "review_duration": null}
00318	2026-08-07 14:13:34	easy	4	{"card_id": 318, "state": 2, "step": null, "stability": 8.2956, "difficulty": 1.0, "due": "2026-08-17T05:13:34+00:00", "last_review": "2026-08-07T05:13:34+00:00"}	{"card_id": 318, "rating": 4, "review_datetime": "2026-08-07T05:13:34+00:00", "review_duration": null}
00319	2026-08-07 14:14:14	easy	4	{"card_id": 319, "state": 2, "step": null, "stability": 8.2956, "difficulty": 1.0, "due": "2026-08-18T05:14:14+00:00", "last_review": "2026-08-07T05:14:14+00:00"}	{"card_id": 319, "rating": 4, "review_datetime": "2026-08-07T05:14:14+00:00", "review_duration": null}
00320	2026-08-07 14:14:37	easy	4	{"card_id": 320, "state": 2, "step": null, "stability": 8.2956, "difficulty": 1.0, "due": "2026-08-17T05:14:37+00:00", "last_review": "2026-08-07T05:14:37+00:00"}	{"card_id": 320, "rating": 4, "review_datetime": "2026-08-07T05:14:37+00:00", "review_duration": null}
00321	2026-08-07 14:15:20	easy	4	{"card_id": 321, "state": 2, "step": null, "stability": 8.2956, "difficulty": 1.0, "due": "2026-08-14T05:15:20+00:00", "last_review": "2026-08-07T05:15:20+00:00"}	{"card_id": 321, "rating": 4, "review_datetime": "2026-08-07T05:15:20+00:00", "review_duration": null}
00322	2026-08-07 14:16:09	easy	4	{"card_id": 322, "state": 2, "step": null, "stability": 8.2956, "difficulty": 1.0, "due": "2026-08-16T05:16:09+00:00", "last_review": "2026-08-07T05:16:09+00:00"}	{"card_id": 322, "rating": 4, "review_datetime": "2026-08-07T05:16:09+00:00", "review_duration": null}
00323	2026-08-07 14:17:09	easy	4	{"card_id": 323, "state": 2, "step": null, "stability": 8.2956, "difficulty": 1.0, "due": "2026-08-13T05:17:09+00:00", "last_review": "2026-08-07T05:17:09+00:00"}	{"card_id": 323, "rating": 4, "review_datetime": "2026-08-07T05:17:09+00:00", "review_duration": null}
00324	2026-08-07 14:17:35	easy	4	{"card_id": 324, "state": 2, "step": null, "stability": 8.2956, "difficulty": 1.0, "due": "2026-08-14T05:17:35+00:00", "last_review": "2026-08-07T05:17:35+00:00"}	{"card_id": 324, "rating": 4, "review_datetime": "2026-08-07T05:17:35+00:00", "review_duration": null}
00325	2026-08-07 14:18:19	easy	4	{"card_id": 325, "state": 2, "step": null, "stability": 8.2956, "difficulty": 1.0, "due": "2026-08-17T05:18:19+00:00", "last_review": "2026-08-07T05:18:19+00:00"}	{"card_id": 325, "rating": 4, "review_datetime": "2026-08-07T05:18:19+00:00", "review_duration": null}
00326	2026-08-07 14:19:18	easy	4	{"card_id": 326, "state": 2, "step": null, "stability": 8.2956, "difficulty": 1.0, "due": "2026-08-15T05:19:18+00:00", "last_review": "2026-08-07T05:19:18+00:00"}	{"card_id": 326, "rating": 4, "review_datetime": "2026-08-07T05:19:18+00:00", "review_duration": null}
00327	2026-08-07 14:20:19	easy	4	{"card_id": 327, "state": 2, "step": null, "stability": 8.2956, "difficulty": 1.0, "due": "2026-08-15T05:20:19+00:00", "last_review": "2026-08-07T05:20:19+00:00"}	{"card_id": 327, "rating": 4, "review_datetime": "2026-08-07T05:20:19+00:00", "review_duration": null}
00328	2026-08-07 14:20:48	easy	4	{"card_id": 328, "state": 2, "step": null, "stability": 8.2956, "difficulty": 1.0, "due": "2026-08-15T05:20:48+00:00", "last_review": "2026-08-07T05:20:48+00:00"}	{"card_id": 328, "rating": 4, "review_datetime": "2026-08-07T05:20:48+00:00", "review_duration": null}
00329	2026-08-07 14:20:56	easy	4	{"card_id": 329, "state": 2, "step": null, "stability": 8.2956, "difficulty": 1.0, "due": "2026-08-16T05:20:56+00:00", "last_review": "2026-08-07T05:20:56+00:00"}	{"card_id": 329, "rating": 4, "review_datetime": "2026-08-07T05:20:56+00:00", "review_duration": null}
00330	2026-08-07 14:22:06	easy	4	{"card_id": 330, "state": 2, "step": null, "stability": 8.2956, "difficulty": 1.0, "due": "2026-08-17T05:22:06+00:00", "last_review": "2026-08-07T05:22:06+00:00"}	{"card_id": 330, "rating": 4, "review_datetime": "2026-08-07T05:22:06+00:00", "review_duration": null}
00331	2026-08-07 14:22:28	easy	4	{"card_id": 331, "state": 2, "step": null, "stability": 8.2956, "difficulty": 1.0, "due": "2026-08-13T05:22:28+00:00", "last_review": "2026-08-07T05:22:28+00:00"}	{"card_id": 331, "rating": 4, "review_datetime": "2026-08-07T05:22:28+00:00", "review_duration": null}
00332	2026-08-07 14:23:14	easy	4	{"card_id": 332, "state": 2, "step": null, "stability": 8.2956, "difficulty": 1.0, "due": "2026-08-14T05:23:14+00:00", "last_review": "2026-08-07T05:23:14+00:00"}	{"card_id": 332, "rating": 4, "review_datetime": "2026-08-07T05:23:14+00:00", "review_duration": null}
00333	2026-08-07 14:23:36	easy	4	{"card_id": 333, "state": 2, "step": null, "stability": 8.2956, "difficulty": 1.0, "due": "2026-08-13T05:23:36+00:00", "last_review": "2026-08-07T05:23:36+00:00"}	{"card_id": 333, "rating": 4, "review_datetime": "2026-08-07T05:23:36+00:00", "review_duration": null}
00334	2026-08-07 14:24:24	easy	4	{"card_id": 334, "state": 2, "step": null, "stability": 8.2956, "difficulty": 1.0, "due": "2026-08-18T05:24:24+00:00", "last_review": "2026-08-07T05:24:24+00:00"}	{"card_id": 334, "rating": 4, "review_datetime": "2026-08-07T05:24:24+00:00", "review_duration": null}
00335	2026-08-07 14:25:08	easy	4	{"card_id": 335, "state": 2, "step": null, "stability": 8.2956, "difficulty": 1.0, "due": "2026-08-16T05:25:08+00:00", "last_review": "2026-08-07T05:25:08+00:00"}	{"card_id": 335, "rating": 4, "review_datetime": "2026-08-07T05:25:08+00:00", "review_duration": null}
00336	2026-08-07 14:25:32	easy	4	{"card_id": 336, "state": 2, "step": null, "stability": 8.2956, "difficulty": 1.0, "due": "2026-08-16T05:25:32+00:00", "last_review": "2026-08-07T05:25:32+00:00"}	{"card_id": 336, "rating": 4, "review_datetime": "2026-08-07T05:25:32+00:00", "review_duration": null}
00337	2026-08-07 14:27:31	easy	4	{"card_id": 337, "state": 2, "step": null, "stability": 8.2956, "difficulty": 1.0, "due": "2026-08-13T05:27:31+00:00", "last_review": "2026-08-07T05:27:31+00:00"}	{"card_id": 337, "rating": 4, "review_datetime": "2026-08-07T05:27:31+00:00", "review_duration": null}
00338	2026-08-07 14:28:35	easy	4	{"card_id": 338, "state": 2, "step": null, "stability": 8.2956, "difficulty": 1.0, "due": "2026-08-15T05:28:35+00:00", "last_review": "2026-08-07T05:28:35+00:00"}	{"card_id": 338, "rating": 4, "review_datetime": "2026-08-07T05:28:35+00:00", "review_duration": null}
00339	2026-08-07 14:28:48	easy	4	{"card_id": 339, "state": 2, "step": null, "stability": 8.2956, "difficulty": 1.0, "due": "2026-08-17T05:28:48+00:00", "last_review": "2026-08-07T05:28:48+00:00"}	{"card_id": 339, "rating": 4, "review_datetime": "2026-08-07T05:28:48+00:00", "review_duration": null}
00340	2026-08-07 14:29:22	easy	4	{"card_id": 340, "state": 2, "step": null, "stability": 8.2956, "difficulty": 1.0, "due": "2026-08-14T05:29:22+00:00", "last_review": "2026-08-07T05:29:22+00:00"}	{"card_id": 340, "rating": 4, "review_datetime": "2026-08-07T05:29:22+00:00", "review_duration": null}
00341	2026-08-07 14:29:50	easy	4	{"card_id": 341, "state": 2, "step": null, "stability": 8.2956, "difficulty": 1.0, "due": "2026-08-13T05:29:50+00:00", "last_review": "2026-08-07T05:29:50+00:00"}	{"card_id": 341, "rating": 4, "review_datetime": "2026-08-07T05:29:50+00:00", "review_duration": null}
00342	2026-08-07 14:30:52	easy	4	{"card_id": 342, "state": 2, "step": null, "stability": 8.2956, "difficulty": 1.0, "due": "2026-08-13T05:30:52+00:00", "last_review": "2026-08-07T05:30:52+00:00"}	{"card_id": 342, "rating": 4, "review_datetime": "2026-08-07T05:30:52+00:00", "review_duration": null}
00343	2026-08-07 14:32:53	easy	4	{"card_id": 343, "state": 2, "step": null, "stability": 8.2956, "difficulty": 1.0, "due": "2026-08-15T05:32:53+00:00", "last_review": "2026-08-07T05:32:53+00:00"}	{"card_id": 343, "rating": 4, "review_datetime": "2026-08-07T05:32:53+00:00", "review_duration": null}
00344	2026-08-07 14:36:46	easy	4	{"card_id": 344, "state": 2, "step": null, "stability": 8.2956, "difficulty": 1.0, "due": "2026-08-15T05:36:46+00:00", "last_review": "2026-08-07T05:36:46+00:00"}	{"card_id": 344, "rating": 4, "review_datetime": "2026-08-07T05:36:46+00:00", "review_duration": null}
00345	2026-08-07 14:37:01	easy	4	{"card_id": 345, "state": 2, "step": null, "stability": 8.2956, "difficulty": 1.0, "due": "2026-08-18T05:37:01+00:00", "last_review": "2026-08-07T05:37:01+00:00"}	{"card_id": 345, "rating": 4, "review_datetime": "2026-08-07T05:37:01+00:00", "review_duration": null}
00346	2026-08-07 14:37:40	easy	4	{"card_id": 346, "state": 2, "step": null, "stability": 8.2956, "difficulty": 1.0, "due": "2026-08-15T05:37:40+00:00", "last_review": "2026-08-07T05:37:40+00:00"}	{"card_id": 346, "rating": 4, "review_datetime": "2026-08-07T05:37:40+00:00", "review_duration": null}
00347	2026-08-07 14:59:09	easy	4	{"card_id": 347, "state": 2, "step": null, "stability": 8.2956, "difficulty": 1.0, "due": "2026-08-14T05:59:09+00:00", "last_review": "2026-08-07T05:59:09+00:00"}	{"card_id": 347, "rating": 4, "review_datetime": "2026-08-07T05:59:09+00:00", "review_duration": null}
00348	2026-08-07 15:25:05	easy	4	{"card_id": 348, "state": 2, "step": null, "stability": 8.2956, "difficulty": 1.0, "due": "2026-08-18T06:25:05+00:00", "last_review": "2026-08-07T06:25:05+00:00"}	{"card_id": 348, "rating": 4, "review_datetime": "2026-08-07T06:25:05+00:00", "review_duration": null}
00349	2026-08-07 15:25:35	easy	4	{"card_id": 349, "state": 2, "step": null, "stability": 8.2956, "difficulty": 1.0, "due": "2026-08-15T06:25:35+00:00", "last_review": "2026-08-07T06:25:35+00:00"}	{"card_id": 349, "rating": 4, "review_datetime": "2026-08-07T06:25:35+00:00", "review_duration": null}
00350	2026-08-07 15:25:46	easy	4	{"card_id": 350, "state": 2, "step": null, "stability": 8.2956, "difficulty": 1.0, "due": "2026-08-17T06:25:46+00:00", "last_review": "2026-08-07T06:25:46+00:00"}	{"card_id": 350, "rating": 4, "review_datetime": "2026-08-07T06:25:46+00:00", "review_duration": null}
00351	2026-08-07 15:26:26	easy	4	{"card_id": 351, "state": 2, "step": null, "stability": 8.2956, "difficulty": 1.0, "due": "2026-08-17T06:26:26+00:00", "last_review": "2026-08-07T06:26:26+00:00"}	{"card_id": 351, "rating": 4, "review_datetime": "2026-08-07T06:26:26+00:00", "review_duration": null}
00352	2026-08-07 15:26:44	easy	4	{"card_id": 352, "state": 2, "step": null, "stability": 8.2956, "difficulty": 1.0, "due": "2026-08-16T06:26:44+00:00", "last_review": "2026-08-07T06:26:44+00:00"}	{"card_id": 352, "rating": 4, "review_datetime": "2026-08-07T06:26:44+00:00", "review_duration": null}
00353	2026-08-07 15:28:01	easy	4	{"card_id": 353, "state": 2, "step": null, "stability": 8.2956, "difficulty": 1.0, "due": "2026-08-17T06:28:01+00:00", "last_review": "2026-08-07T06:28:01+00:00"}	{"card_id": 353, "rating": 4, "review_datetime": "2026-08-07T06:28:01+00:00", "review_duration": null}
00354	2026-08-07 15:28:31	easy	4	{"card_id": 354, "state": 2, "step": null, "stability": 8.2956, "difficulty": 1.0, "due": "2026-08-18T06:28:31+00:00", "last_review": "2026-08-07T06:28:31+00:00"}	{"card_id": 354, "rating": 4, "review_datetime": "2026-08-07T06:28:31+00:00", "review_duration": null}
00355	2026-08-07 15:29:05	easy	4	{"card_id": 355, "state": 2, "step": null, "stability": 8.2956, "difficulty": 1.0, "due": "2026-08-17T06:29:05+00:00", "last_review": "2026-08-07T06:29:05+00:00"}	{"card_id": 355, "rating": 4, "review_datetime": "2026-08-07T06:29:05+00:00", "review_duration": null}
00356	2026-08-07 15:29:35	easy	4	{"card_id": 356, "state": 2, "step": null, "stability": 8.2956, "difficulty": 1.0, "due": "2026-08-17T06:29:35+00:00", "last_review": "2026-08-07T06:29:35+00:00"}	{"card_id": 356, "rating": 4, "review_datetime": "2026-08-07T06:29:35+00:00", "review_duration": null}
00357	2026-08-07 15:30:05	easy	4	{"card_id": 357, "state": 2, "step": null, "stability": 8.2956, "difficulty": 1.0, "due": "2026-08-15T06:30:05+00:00", "last_review": "2026-08-07T06:30:05+00:00"}	{"card_id": 357, "rating": 4, "review_datetime": "2026-08-07T06:30:05+00:00", "review_duration": null}
00358	2026-08-07 15:30:20	easy	4	{"card_id": 358, "state": 2, "step": null, "stability": 8.2956, "difficulty": 1.0, "due": "2026-08-18T06:30:20+00:00", "last_review": "2026-08-07T06:30:20+00:00"}	{"card_id": 358, "rating": 4, "review_datetime": "2026-08-07T06:30:20+00:00", "review_duration": null}
00359	2026-08-07 15:30:43	easy	4	{"card_id": 359, "state": 2, "step": null, "stability": 8.2956, "difficulty": 1.0, "due": "2026-08-16T06:30:43+00:00", "last_review": "2026-08-07T06:30:43+00:00"}	{"card_id": 359, "rating": 4, "review_datetime": "2026-08-07T06:30:43+00:00", "review_duration": null}
00360	2026-08-07 15:31:00	easy	4	{"card_id": 360, "state": 2, "step": null, "stability": 8.2956, "difficulty": 1.0, "due": "2026-08-15T06:31:00+00:00", "last_review": "2026-08-07T06:31:00+00:00"}	{"card_id": 360, "rating": 4, "review_datetime": "2026-08-07T06:31:00+00:00", "review_duration": null}
00361	2026-08-07 15:31:15	easy	4	{"card_id": 361, "state": 2, "step": null, "stability": 8.2956, "difficulty": 1.0, "due": "2026-08-14T06:31:15+00:00", "last_review": "2026-08-07T06:31:15+00:00"}	{"card_id": 361, "rating": 4, "review_datetime": "2026-08-07T06:31:15+00:00", "review_duration": null}
00362	2026-08-07 15:31:32	easy	4	{"card_id": 362, "state": 2, "step": null, "stability": 8.2956, "difficulty": 1.0, "due": "2026-08-13T06:31:32+00:00", "last_review": "2026-08-07T06:31:32+00:00"}	{"card_id": 362, "rating": 4, "review_datetime": "2026-08-07T06:31:32+00:00", "review_duration": null}
00363	2026-08-07 15:31:46	easy	4	{"card_id": 363, "state": 2, "step": null, "stability": 8.2956, "difficulty": 1.0, "due": "2026-08-18T06:31:46+00:00", "last_review": "2026-08-07T06:31:46+00:00"}	{"card_id": 363, "rating": 4, "review_datetime": "2026-08-07T06:31:46+00:00", "review_duration": null}
00364	2026-08-07 15:32:21	easy	3	{"card_id": 364, "state": 1, "step": 1, "stability": 2.3065, "difficulty": 2.118103970459016, "due": "2026-08-07T06:42:21+00:00", "last_review": "2026-08-07T06:32:21+00:00"}	{"card_id": 364, "rating": 3, "review_datetime": "2026-08-07T06:32:21+00:00", "review_duration": null}
00365	2026-08-07 15:32:36	easy	4	{"card_id": 365, "state": 2, "step": null, "stability": 8.2956, "difficulty": 1.0, "due": "2026-08-13T06:32:36+00:00", "last_review": "2026-08-07T06:32:36+00:00"}	{"card_id": 365, "rating": 4, "review_datetime": "2026-08-07T06:32:36+00:00", "review_duration": null}
00366	2026-08-07 15:32:45	easy	4	{"card_id": 366, "state": 2, "step": null, "stability": 8.2956, "difficulty": 1.0, "due": "2026-08-16T06:32:45+00:00", "last_review": "2026-08-07T06:32:45+00:00"}	{"card_id": 366, "rating": 4, "review_datetime": "2026-08-07T06:32:45+00:00", "review_duration": null}
00367	2026-08-07 15:33:00	easy	4	{"card_id": 367, "state": 2, "step": null, "stability": 8.2956, "difficulty": 1.0, "due": "2026-08-15T06:33:00+00:00", "last_review": "2026-08-07T06:33:00+00:00"}	{"card_id": 367, "rating": 4, "review_datetime": "2026-08-07T06:33:00+00:00", "review_duration": null}
00368	2026-08-07 15:33:31	easy	4	{"card_id": 368, "state": 2, "step": null, "stability": 8.2956, "difficulty": 1.0, "due": "2026-08-15T06:33:31+00:00", "last_review": "2026-08-07T06:33:31+00:00"}	{"card_id": 368, "rating": 4, "review_datetime": "2026-08-07T06:33:31+00:00", "review_duration": null}
00369	2026-08-07 15:33:47	easy	4	{"card_id": 369, "state": 2, "step": null, "stability": 8.2956, "difficulty": 1.0, "due": "2026-08-16T06:33:47+00:00", "last_review": "2026-08-07T06:33:47+00:00"}	{"card_id": 369, "rating": 4, "review_datetime": "2026-08-07T06:33:47+00:00", "review_duration": null}
00370	2026-08-07 15:34:07	easy	4	{"card_id": 370, "state": 2, "step": null, "stability": 8.2956, "difficulty": 1.0, "due": "2026-08-18T06:34:07+00:00", "last_review": "2026-08-07T06:34:07+00:00"}	{"card_id": 370, "rating": 4, "review_datetime": "2026-08-07T06:34:07+00:00", "review_duration": null}
00371	2026-08-07 15:34:23	easy	4	{"card_id": 371, "state": 2, "step": null, "stability": 8.2956, "difficulty": 1.0, "due": "2026-08-13T06:34:23+00:00", "last_review": "2026-08-07T06:34:23+00:00"}	{"card_id": 371, "rating": 4, "review_datetime": "2026-08-07T06:34:23+00:00", "review_duration": null}
00372	2026-08-07 15:34:40	easy	4	{"card_id": 372, "state": 2, "step": null, "stability": 8.2956, "difficulty": 1.0, "due": "2026-08-18T06:34:40+00:00", "last_review": "2026-08-07T06:34:40+00:00"}	{"card_id": 372, "rating": 4, "review_datetime": "2026-08-07T06:34:40+00:00", "review_duration": null}
00373	2026-08-07 15:35:03	easy	4	{"card_id": 373, "state": 2, "step": null, "stability": 8.2956, "difficulty": 1.0, "due": "2026-08-15T06:35:03+00:00", "last_review": "2026-08-07T06:35:03+00:00"}	{"card_id": 373, "rating": 4, "review_datetime": "2026-08-07T06:35:03+00:00", "review_duration": null}
00374	2026-08-07 15:35:28	easy	4	{"card_id": 374, "state": 2, "step": null, "stability": 8.2956, "difficulty": 1.0, "due": "2026-08-13T06:35:28+00:00", "last_review": "2026-08-07T06:35:28+00:00"}	{"card_id": 374, "rating": 4, "review_datetime": "2026-08-07T06:35:28+00:00", "review_duration": null}
00375	2026-08-07 15:36:03	easy	4	{"card_id": 375, "state": 2, "step": null, "stability": 8.2956, "difficulty": 1.0, "due": "2026-08-15T06:36:03+00:00", "last_review": "2026-08-07T06:36:03+00:00"}	{"card_id": 375, "rating": 4, "review_datetime": "2026-08-07T06:36:03+00:00", "review_duration": null}
00376	2026-08-07 15:36:19	easy	4	{"card_id": 376, "state": 2, "step": null, "stability": 8.2956, "difficulty": 1.0, "due": "2026-08-16T06:36:19+00:00", "last_review": "2026-08-07T06:36:19+00:00"}	{"card_id": 376, "rating": 4, "review_datetime": "2026-08-07T06:36:19+00:00", "review_duration": null}
00377	2026-08-07 15:36:39	easy	4	{"card_id": 377, "state": 2, "step": null, "stability": 8.2956, "difficulty": 1.0, "due": "2026-08-15T06:36:39+00:00", "last_review": "2026-08-07T06:36:39+00:00"}	{"card_id": 377, "rating": 4, "review_datetime": "2026-08-07T06:36:39+00:00", "review_duration": null}
00378	2026-08-07 15:37:23	easy	4	{"card_id": 378, "state": 2, "step": null, "stability": 8.2956, "difficulty": 1.0, "due": "2026-08-15T06:37:23+00:00", "last_review": "2026-08-07T06:37:23+00:00"}	{"card_id": 378, "rating": 4, "review_datetime": "2026-08-07T06:37:23+00:00", "review_duration": null}
00379	2026-08-07 15:37:31	easy	4	{"card_id": 379, "state": 2, "step": null, "stability": 8.2956, "difficulty": 1.0, "due": "2026-08-14T06:37:31+00:00", "last_review": "2026-08-07T06:37:31+00:00"}	{"card_id": 379, "rating": 4, "review_datetime": "2026-08-07T06:37:31+00:00", "review_duration": null}
00380	2026-08-07 15:37:48	easy	4	{"card_id": 380, "state": 2, "step": null, "stability": 8.2956, "difficulty": 1.0, "due": "2026-08-15T06:37:48+00:00", "last_review": "2026-08-07T06:37:48+00:00"}	{"card_id": 380, "rating": 4, "review_datetime": "2026-08-07T06:37:48+00:00", "review_duration": null}
00381	2026-08-07 15:38:30	easy	4	{"card_id": 381, "state": 2, "step": null, "stability": 8.2956, "difficulty": 1.0, "due": "2026-08-13T06:38:30+00:00", "last_review": "2026-08-07T06:38:30+00:00"}	{"card_id": 381, "rating": 4, "review_datetime": "2026-08-07T06:38:30+00:00", "review_duration": null}
00382	2026-08-07 15:38:51	easy	4	{"card_id": 382, "state": 2, "step": null, "stability": 8.2956, "difficulty": 1.0, "due": "2026-08-16T06:38:51+00:00", "last_review": "2026-08-07T06:38:51+00:00"}	{"card_id": 382, "rating": 4, "review_datetime": "2026-08-07T06:38:51+00:00", "review_duration": null}
00383	2026-08-07 15:39:15	easy	4	{"card_id": 383, "state": 2, "step": null, "stability": 8.2956, "difficulty": 1.0, "due": "2026-08-13T06:39:15+00:00", "last_review": "2026-08-07T06:39:15+00:00"}	{"card_id": 383, "rating": 4, "review_datetime": "2026-08-07T06:39:15+00:00", "review_duration": null}
00384	2026-08-07 15:39:37	easy	4	{"card_id": 384, "state": 2, "step": null, "stability": 8.2956, "difficulty": 1.0, "due": "2026-08-16T06:39:37+00:00", "last_review": "2026-08-07T06:39:37+00:00"}	{"card_id": 384, "rating": 4, "review_datetime": "2026-08-07T06:39:37+00:00", "review_duration": null}
00385	2026-08-07 15:40:07	easy	4	{"card_id": 385, "state": 2, "step": null, "stability": 8.2956, "difficulty": 1.0, "due": "2026-08-17T06:40:07+00:00", "last_review": "2026-08-07T06:40:07+00:00"}	{"card_id": 385, "rating": 4, "review_datetime": "2026-08-07T06:40:07+00:00", "review_duration": null}
00386	2026-08-07 15:40:48	easy	4	{"card_id": 386, "state": 2, "step": null, "stability": 8.2956, "difficulty": 1.0, "due": "2026-08-18T06:40:48+00:00", "last_review": "2026-08-07T06:40:48+00:00"}	{"card_id": 386, "rating": 4, "review_datetime": "2026-08-07T06:40:48+00:00", "review_duration": null}
00387	2026-08-07 15:41:11	easy	4	{"card_id": 387, "state": 2, "step": null, "stability": 8.2956, "difficulty": 1.0, "due": "2026-08-18T06:41:11+00:00", "last_review": "2026-08-07T06:41:11+00:00"}	{"card_id": 387, "rating": 4, "review_datetime": "2026-08-07T06:41:11+00:00", "review_duration": null}
00388	2026-08-07 15:41:42	easy	4	{"card_id": 388, "state": 2, "step": null, "stability": 8.2956, "difficulty": 1.0, "due": "2026-08-15T06:41:42+00:00", "last_review": "2026-08-07T06:41:42+00:00"}	{"card_id": 388, "rating": 4, "review_datetime": "2026-08-07T06:41:42+00:00", "review_duration": null}
00389	2026-08-07 15:42:15	easy	4	{"card_id": 389, "state": 2, "step": null, "stability": 8.2956, "difficulty": 1.0, "due": "2026-08-17T06:42:15+00:00", "last_review": "2026-08-07T06:42:15+00:00"}	{"card_id": 389, "rating": 4, "review_datetime": "2026-08-07T06:42:15+00:00", "review_duration": null}
00364	2026-08-07 15:42:37	easy	4	{"card_id": 364, "state": 2, "step": null, "stability": 3.946054067969477, "difficulty": 1.0, "due": "2026-08-10T06:42:37+00:00", "last_review": "2026-08-07T06:42:37+00:00"}	{"card_id": 364, "rating": 4, "review_datetime": "2026-08-07T06:42:37+00:00", "review_duration": null}
00390	2026-08-07 15:42:47	easy	4	{"card_id": 390, "state": 2, "step": null, "stability": 8.2956, "difficulty": 1.0, "due": "2026-08-17T06:42:47+00:00", "last_review": "2026-08-07T06:42:47+00:00"}	{"card_id": 390, "rating": 4, "review_datetime": "2026-08-07T06:42:47+00:00", "review_duration": null}
00391	2026-08-07 15:43:01	easy	4	{"card_id": 391, "state": 2, "step": null, "stability": 8.2956, "difficulty": 1.0, "due": "2026-08-15T06:43:01+00:00", "last_review": "2026-08-07T06:43:01+00:00"}	{"card_id": 391, "rating": 4, "review_datetime": "2026-08-07T06:43:01+00:00", "review_duration": null}
00392	2026-08-07 15:43:15	easy	4	{"card_id": 392, "state": 2, "step": null, "stability": 8.2956, "difficulty": 1.0, "due": "2026-08-16T06:43:15+00:00", "last_review": "2026-08-07T06:43:15+00:00"}	{"card_id": 392, "rating": 4, "review_datetime": "2026-08-07T06:43:15+00:00", "review_duration": null}
00393	2026-08-07 15:45:52	easy	4	{"card_id": 393, "state": 2, "step": null, "stability": 8.2956, "difficulty": 1.0, "due": "2026-08-16T06:45:52+00:00", "last_review": "2026-08-07T06:45:52+00:00"}	{"card_id": 393, "rating": 4, "review_datetime": "2026-08-07T06:45:52+00:00", "review_duration": null}
00394	2026-08-07 17:13:52	easy	4	{"card_id": 394, "state": 2, "step": null, "stability": 8.2956, "difficulty": 1.0, "due": "2026-08-14T08:13:52+00:00", "last_review": "2026-08-07T08:13:52+00:00"}	{"card_id": 394, "rating": 4, "review_datetime": "2026-08-07T08:13:52+00:00", "review_duration": null}
00395	2026-08-07 17:14:10	easy	4	{"card_id": 395, "state": 2, "step": null, "stability": 8.2956, "difficulty": 1.0, "due": "2026-08-15T08:14:10+00:00", "last_review": "2026-08-07T08:14:10+00:00"}	{"card_id": 395, "rating": 4, "review_datetime": "2026-08-07T08:14:10+00:00", "review_duration": null}
00396	2026-08-07 17:14:31	easy	4	{"card_id": 396, "state": 2, "step": null, "stability": 8.2956, "difficulty": 1.0, "due": "2026-08-13T08:14:31+00:00", "last_review": "2026-08-07T08:14:31+00:00"}	{"card_id": 396, "rating": 4, "review_datetime": "2026-08-07T08:14:31+00:00", "review_duration": null}
00397	2026-08-07 17:15:41	easy	4	{"card_id": 397, "state": 2, "step": null, "stability": 8.2956, "difficulty": 1.0, "due": "2026-08-16T08:15:41+00:00", "last_review": "2026-08-07T08:15:41+00:00"}	{"card_id": 397, "rating": 4, "review_datetime": "2026-08-07T08:15:41+00:00", "review_duration": null}
00398	2026-08-07 17:17:04	easy	4	{"card_id": 398, "state": 2, "step": null, "stability": 8.2956, "difficulty": 1.0, "due": "2026-08-18T08:17:04+00:00", "last_review": "2026-08-07T08:17:04+00:00"}	{"card_id": 398, "rating": 4, "review_datetime": "2026-08-07T08:17:04+00:00", "review_duration": null}
00399	2026-08-07 17:17:14	easy	4	{"card_id": 399, "state": 2, "step": null, "stability": 8.2956, "difficulty": 1.0, "due": "2026-08-17T08:17:14+00:00", "last_review": "2026-08-07T08:17:14+00:00"}	{"card_id": 399, "rating": 4, "review_datetime": "2026-08-07T08:17:14+00:00", "review_duration": null}
00400	2026-08-07 17:17:32	easy	4	{"card_id": 400, "state": 2, "step": null, "stability": 8.2956, "difficulty": 1.0, "due": "2026-08-16T08:17:32+00:00", "last_review": "2026-08-07T08:17:32+00:00"}	{"card_id": 400, "rating": 4, "review_datetime": "2026-08-07T08:17:32+00:00", "review_duration": null}
00401	2026-08-07 17:18:02	easy	4	{"card_id": 401, "state": 2, "step": null, "stability": 8.2956, "difficulty": 1.0, "due": "2026-08-16T08:18:02+00:00", "last_review": "2026-08-07T08:18:02+00:00"}	{"card_id": 401, "rating": 4, "review_datetime": "2026-08-07T08:18:02+00:00", "review_duration": null}
00402	2026-08-07 17:18:21	easy	4	{"card_id": 402, "state": 2, "step": null, "stability": 8.2956, "difficulty": 1.0, "due": "2026-08-16T08:18:21+00:00", "last_review": "2026-08-07T08:18:21+00:00"}	{"card_id": 402, "rating": 4, "review_datetime": "2026-08-07T08:18:21+00:00", "review_duration": null}
00403	2026-08-07 17:18:53	easy	4	{"card_id": 403, "state": 2, "step": null, "stability": 8.2956, "difficulty": 1.0, "due": "2026-08-17T08:18:53+00:00", "last_review": "2026-08-07T08:18:53+00:00"}	{"card_id": 403, "rating": 4, "review_datetime": "2026-08-07T08:18:53+00:00", "review_duration": null}
00404	2026-08-07 17:19:35	easy	4	{"card_id": 404, "state": 2, "step": null, "stability": 8.2956, "difficulty": 1.0, "due": "2026-08-17T08:19:35+00:00", "last_review": "2026-08-07T08:19:35+00:00"}	{"card_id": 404, "rating": 4, "review_datetime": "2026-08-07T08:19:35+00:00", "review_duration": null}
00405	2026-08-07 17:20:18	easy	4	{"card_id": 405, "state": 2, "step": null, "stability": 8.2956, "difficulty": 1.0, "due": "2026-08-15T08:20:18+00:00", "last_review": "2026-08-07T08:20:18+00:00"}	{"card_id": 405, "rating": 4, "review_datetime": "2026-08-07T08:20:18+00:00", "review_duration": null}
00406	2026-08-07 17:20:31	again	1	{"card_id": 406, "state": 1, "step": 0, "stability": 0.212, "difficulty": 6.4133, "due": "2026-08-07T08:21:31+00:00", "last_review": "2026-08-07T08:20:31+00:00"}	{"card_id": 406, "rating": 1, "review_datetime": "2026-08-07T08:20:31+00:00", "review_duration": null}
00406	2026-08-07 17:21:38	easy	4	{"card_id": 406, "state": 2, "step": null, "stability": 0.42437996387663374, "difficulty": 5.200020369516838, "due": "2026-08-08T08:21:38+00:00", "last_review": "2026-08-07T08:21:38+00:00"}	{"card_id": 406, "rating": 4, "review_datetime": "2026-08-07T08:21:38+00:00", "review_duration": null}
00407	2026-08-07 17:21:52	easy	4	{"card_id": 407, "state": 2, "step": null, "stability": 8.2956, "difficulty": 1.0, "due": "2026-08-16T08:21:52+00:00", "last_review": "2026-08-07T08:21:52+00:00"}	{"card_id": 407, "rating": 4, "review_datetime": "2026-08-07T08:21:52+00:00", "review_duration": null}
00408	2026-08-07 17:22:30	easy	4	{"card_id": 408, "state": 2, "step": null, "stability": 8.2956, "difficulty": 1.0, "due": "2026-08-13T08:22:30+00:00", "last_review": "2026-08-07T08:22:30+00:00"}	{"card_id": 408, "rating": 4, "review_datetime": "2026-08-07T08:22:30+00:00", "review_duration": null}
00409	2026-08-07 17:22:53	easy	4	{"card_id": 409, "state": 2, "step": null, "stability": 8.2956, "difficulty": 1.0, "due": "2026-08-17T08:22:53+00:00", "last_review": "2026-08-07T08:22:53+00:00"}	{"card_id": 409, "rating": 4, "review_datetime": "2026-08-07T08:22:53+00:00", "review_duration": null}
00410	2026-08-07 17:23:03	easy	4	{"card_id": 410, "state": 2, "step": null, "stability": 8.2956, "difficulty": 1.0, "due": "2026-08-13T08:23:03+00:00", "last_review": "2026-08-07T08:23:03+00:00"}	{"card_id": 410, "rating": 4, "review_datetime": "2026-08-07T08:23:03+00:00", "review_duration": null}
00411	2026-08-07 17:23:28	easy	4	{"card_id": 411, "state": 2, "step": null, "stability": 8.2956, "difficulty": 1.0, "due": "2026-08-18T08:23:28+00:00", "last_review": "2026-08-07T08:23:28+00:00"}	{"card_id": 411, "rating": 4, "review_datetime": "2026-08-07T08:23:28+00:00", "review_duration": null}
00412	2026-08-07 17:24:24	easy	4	{"card_id": 412, "state": 2, "step": null, "stability": 8.2956, "difficulty": 1.0, "due": "2026-08-16T08:24:24+00:00", "last_review": "2026-08-07T08:24:24+00:00"}	{"card_id": 412, "rating": 4, "review_datetime": "2026-08-07T08:24:24+00:00", "review_duration": null}
00413	2026-08-07 17:25:00	easy	4	{"card_id": 413, "state": 2, "step": null, "stability": 8.2956, "difficulty": 1.0, "due": "2026-08-13T08:25:00+00:00", "last_review": "2026-08-07T08:25:00+00:00"}	{"card_id": 413, "rating": 4, "review_datetime": "2026-08-07T08:25:00+00:00", "review_duration": null}
00414	2026-08-07 17:25:10	easy	4	{"card_id": 414, "state": 2, "step": null, "stability": 8.2956, "difficulty": 1.0, "due": "2026-08-16T08:25:10+00:00", "last_review": "2026-08-07T08:25:10+00:00"}	{"card_id": 414, "rating": 4, "review_datetime": "2026-08-07T08:25:10+00:00", "review_duration": null}
00415	2026-08-07 17:25:25	easy	4	{"card_id": 415, "state": 2, "step": null, "stability": 8.2956, "difficulty": 1.0, "due": "2026-08-13T08:25:25+00:00", "last_review": "2026-08-07T08:25:25+00:00"}	{"card_id": 415, "rating": 4, "review_datetime": "2026-08-07T08:25:25+00:00", "review_duration": null}
00416	2026-08-07 17:25:52	good	4	{"card_id": 416, "state": 2, "step": null, "stability": 8.2956, "difficulty": 1.0, "due": "2026-08-16T08:25:52+00:00", "last_review": "2026-08-07T08:25:52+00:00"}	{"card_id": 416, "rating": 4, "review_datetime": "2026-08-07T08:25:52+00:00", "review_duration": null}
00417	2026-08-07 17:26:09	easy	1	{"card_id": 417, "state": 1, "step": 0, "stability": 0.212, "difficulty": 6.4133, "due": "2026-08-07T08:27:09+00:00", "last_review": "2026-08-07T08:26:09+00:00"}	{"card_id": 417, "rating": 1, "review_datetime": "2026-08-07T08:26:09+00:00", "review_duration": null}
00418	2026-08-07 17:26:26	easy	4	{"card_id": 418, "state": 2, "step": null, "stability": 8.2956, "difficulty": 1.0, "due": "2026-08-15T08:26:26+00:00", "last_review": "2026-08-07T08:26:26+00:00"}	{"card_id": 418, "rating": 4, "review_datetime": "2026-08-07T08:26:26+00:00", "review_duration": null}
00419	2026-08-07 17:26:35	easy	4	{"card_id": 419, "state": 2, "step": null, "stability": 8.2956, "difficulty": 1.0, "due": "2026-08-14T08:26:35+00:00", "last_review": "2026-08-07T08:26:35+00:00"}	{"card_id": 419, "rating": 4, "review_datetime": "2026-08-07T08:26:35+00:00", "review_duration": null}
00420	2026-08-07 17:27:18	easy	4	{"card_id": 420, "state": 2, "step": null, "stability": 8.2956, "difficulty": 1.0, "due": "2026-08-16T08:27:18+00:00", "last_review": "2026-08-07T08:27:18+00:00"}	{"card_id": 420, "rating": 4, "review_datetime": "2026-08-07T08:27:18+00:00", "review_duration": null}
00417	2026-08-07 17:27:38	easy	4	{"card_id": 417, "state": 2, "step": null, "stability": 0.42437996387663374, "difficulty": 5.200020369516838, "due": "2026-08-08T08:27:38+00:00", "last_review": "2026-08-07T08:27:38+00:00"}	{"card_id": 417, "rating": 4, "review_datetime": "2026-08-07T08:27:38+00:00", "review_duration": null}
00421	2026-08-07 17:27:54	easy	3	{"card_id": 421, "state": 1, "step": 1, "stability": 2.3065, "difficulty": 2.118103970459016, "due": "2026-08-07T08:37:54+00:00", "last_review": "2026-08-07T08:27:54+00:00"}	{"card_id": 421, "rating": 3, "review_datetime": "2026-08-07T08:27:54+00:00", "review_duration": null}
00422	2026-08-07 17:28:02	easy	4	{"card_id": 422, "state": 2, "step": null, "stability": 8.2956, "difficulty": 1.0, "due": "2026-08-14T08:28:02+00:00", "last_review": "2026-08-07T08:28:02+00:00"}	{"card_id": 422, "rating": 4, "review_datetime": "2026-08-07T08:28:02+00:00", "review_duration": null}
00423	2026-08-07 17:28:06	easy	4	{"card_id": 423, "state": 2, "step": null, "stability": 8.2956, "difficulty": 1.0, "due": "2026-08-15T08:28:06+00:00", "last_review": "2026-08-07T08:28:06+00:00"}	{"card_id": 423, "rating": 4, "review_datetime": "2026-08-07T08:28:06+00:00", "review_duration": null}
00424	2026-08-07 17:28:15	easy	4	{"card_id": 424, "state": 2, "step": null, "stability": 8.2956, "difficulty": 1.0, "due": "2026-08-16T08:28:15+00:00", "last_review": "2026-08-07T08:28:15+00:00"}	{"card_id": 424, "rating": 4, "review_datetime": "2026-08-07T08:28:15+00:00", "review_duration": null}
00425	2026-08-07 17:29:20	easy	4	{"card_id": 425, "state": 2, "step": null, "stability": 8.2956, "difficulty": 1.0, "due": "2026-08-15T08:29:20+00:00", "last_review": "2026-08-07T08:29:20+00:00"}	{"card_id": 425, "rating": 4, "review_datetime": "2026-08-07T08:29:20+00:00", "review_duration": null}
00426	2026-08-07 17:30:04	easy	4	{"card_id": 426, "state": 2, "step": null, "stability": 8.2956, "difficulty": 1.0, "due": "2026-08-14T08:30:04+00:00", "last_review": "2026-08-07T08:30:04+00:00"}	{"card_id": 426, "rating": 4, "review_datetime": "2026-08-07T08:30:04+00:00", "review_duration": null}
00427	2026-08-07 17:30:19	easy	1	{"card_id": 427, "state": 1, "step": 0, "stability": 0.212, "difficulty": 6.4133, "due": "2026-08-07T08:31:19+00:00", "last_review": "2026-08-07T08:30:19+00:00"}	{"card_id": 427, "rating": 1, "review_datetime": "2026-08-07T08:30:19+00:00", "review_duration": null}
00428	2026-08-07 17:31:08	easy	4	{"card_id": 428, "state": 2, "step": null, "stability": 8.2956, "difficulty": 1.0, "due": "2026-08-13T08:31:08+00:00", "last_review": "2026-08-07T08:31:08+00:00"}	{"card_id": 428, "rating": 4, "review_datetime": "2026-08-07T08:31:08+00:00", "review_duration": null}
00427	2026-08-07 17:32:08	easy	4	{"card_id": 427, "state": 2, "step": null, "stability": 0.42437996387663374, "difficulty": 5.200020369516838, "due": "2026-08-08T08:32:08+00:00", "last_review": "2026-08-07T08:32:08+00:00"}	{"card_id": 427, "rating": 4, "review_datetime": "2026-08-07T08:32:08+00:00", "review_duration": null}
00429	2026-08-07 17:32:21	easy	4	{"card_id": 429, "state": 2, "step": null, "stability": 8.2956, "difficulty": 1.0, "due": "2026-08-16T08:32:21+00:00", "last_review": "2026-08-07T08:32:21+00:00"}	{"card_id": 429, "rating": 4, "review_datetime": "2026-08-07T08:32:21+00:00", "review_duration": null}
00430	2026-08-07 17:32:53	easy	4	{"card_id": 430, "state": 2, "step": null, "stability": 8.2956, "difficulty": 1.0, "due": "2026-08-13T08:32:53+00:00", "last_review": "2026-08-07T08:32:53+00:00"}	{"card_id": 430, "rating": 4, "review_datetime": "2026-08-07T08:32:53+00:00", "review_duration": null}
00431	2026-08-07 17:33:04	easy	4	{"card_id": 431, "state": 2, "step": null, "stability": 8.2956, "difficulty": 1.0, "due": "2026-08-14T08:33:04+00:00", "last_review": "2026-08-07T08:33:04+00:00"}	{"card_id": 431, "rating": 4, "review_datetime": "2026-08-07T08:33:04+00:00", "review_duration": null}
00432	2026-08-07 17:33:13	easy	4	{"card_id": 432, "state": 2, "step": null, "stability": 8.2956, "difficulty": 1.0, "due": "2026-08-13T08:33:13+00:00", "last_review": "2026-08-07T08:33:13+00:00"}	{"card_id": 432, "rating": 4, "review_datetime": "2026-08-07T08:33:13+00:00", "review_duration": null}
00433	2026-08-07 17:33:54	easy	4	{"card_id": 433, "state": 2, "step": null, "stability": 8.2956, "difficulty": 1.0, "due": "2026-08-16T08:33:54+00:00", "last_review": "2026-08-07T08:33:54+00:00"}	{"card_id": 433, "rating": 4, "review_datetime": "2026-08-07T08:33:54+00:00", "review_duration": null}
00434	2026-08-07 17:33:57	easy	4	{"card_id": 434, "state": 2, "step": null, "stability": 8.2956, "difficulty": 1.0, "due": "2026-08-15T08:33:57+00:00", "last_review": "2026-08-07T08:33:57+00:00"}	{"card_id": 434, "rating": 4, "review_datetime": "2026-08-07T08:33:57+00:00", "review_duration": null}
00435	2026-08-07 17:34:19	easy	4	{"card_id": 435, "state": 2, "step": null, "stability": 8.2956, "difficulty": 1.0, "due": "2026-08-14T08:34:19+00:00", "last_review": "2026-08-07T08:34:19+00:00"}	{"card_id": 435, "rating": 4, "review_datetime": "2026-08-07T08:34:19+00:00", "review_duration": null}
00436	2026-08-07 17:34:44	easy	4	{"card_id": 436, "state": 2, "step": null, "stability": 8.2956, "difficulty": 1.0, "due": "2026-08-16T08:34:44+00:00", "last_review": "2026-08-07T08:34:44+00:00"}	{"card_id": 436, "rating": 4, "review_datetime": "2026-08-07T08:34:44+00:00", "review_duration": null}
00437	2026-08-07 17:35:10	easy	4	{"card_id": 437, "state": 2, "step": null, "stability": 8.2956, "difficulty": 1.0, "due": "2026-08-14T08:35:10+00:00", "last_review": "2026-08-07T08:35:10+00:00"}	{"card_id": 437, "rating": 4, "review_datetime": "2026-08-07T08:35:10+00:00", "review_duration": null}
00438	2026-08-07 17:35:29	easy	4	{"card_id": 438, "state": 2, "step": null, "stability": 8.2956, "difficulty": 1.0, "due": "2026-08-14T08:35:29+00:00", "last_review": "2026-08-07T08:35:29+00:00"}	{"card_id": 438, "rating": 4, "review_datetime": "2026-08-07T08:35:29+00:00", "review_duration": null}
00439	2026-08-07 17:35:46	easy	4	{"card_id": 439, "state": 2, "step": null, "stability": 8.2956, "difficulty": 1.0, "due": "2026-08-14T08:35:46+00:00", "last_review": "2026-08-07T08:35:46+00:00"}	{"card_id": 439, "rating": 4, "review_datetime": "2026-08-07T08:35:46+00:00", "review_duration": null}
00440	2026-08-07 17:36:32	easy	4	{"card_id": 440, "state": 2, "step": null, "stability": 8.2956, "difficulty": 1.0, "due": "2026-08-18T08:36:32+00:00", "last_review": "2026-08-07T08:36:32+00:00"}	{"card_id": 440, "rating": 4, "review_datetime": "2026-08-07T08:36:32+00:00", "review_duration": null}
00441	2026-08-07 17:36:44	easy	4	{"card_id": 441, "state": 2, "step": null, "stability": 8.2956, "difficulty": 1.0, "due": "2026-08-18T08:36:44+00:00", "last_review": "2026-08-07T08:36:44+00:00"}	{"card_id": 441, "rating": 4, "review_datetime": "2026-08-07T08:36:44+00:00", "review_duration": null}
00442	2026-08-07 17:37:32	easy	4	{"card_id": 442, "state": 2, "step": null, "stability": 8.2956, "difficulty": 1.0, "due": "2026-08-14T08:37:32+00:00", "last_review": "2026-08-07T08:37:32+00:00"}	{"card_id": 442, "rating": 4, "review_datetime": "2026-08-07T08:37:32+00:00", "review_duration": null}
00421	2026-08-07 17:37:58	easy	4	{"card_id": 421, "state": 2, "step": null, "stability": 3.946054067969477, "difficulty": 1.0, "due": "2026-08-11T08:37:58+00:00", "last_review": "2026-08-07T08:37:58+00:00"}	{"card_id": 421, "rating": 4, "review_datetime": "2026-08-07T08:37:58+00:00", "review_duration": null}
00443	2026-08-08 03:47:00	easy	4	{"card_id": 443, "state": 2, "step": null, "stability": 8.2956, "difficulty": 1.0, "due": "2026-08-15T18:47:00+00:00", "last_review": "2026-08-07T18:47:00+00:00"}	{"card_id": 443, "rating": 4, "review_datetime": "2026-08-07T18:47:00+00:00", "review_duration": null}
00444	2026-08-08 03:47:23	easy	4	{"card_id": 444, "state": 2, "step": null, "stability": 8.2956, "difficulty": 1.0, "due": "2026-08-15T18:47:23+00:00", "last_review": "2026-08-07T18:47:23+00:00"}	{"card_id": 444, "rating": 4, "review_datetime": "2026-08-07T18:47:23+00:00", "review_duration": null}
00445	2026-08-08 03:48:06	easy	4	{"card_id": 445, "state": 2, "step": null, "stability": 8.2956, "difficulty": 1.0, "due": "2026-08-16T18:48:06+00:00", "last_review": "2026-08-07T18:48:06+00:00"}	{"card_id": 445, "rating": 4, "review_datetime": "2026-08-07T18:48:06+00:00", "review_duration": null}
00446	2026-08-08 03:49:06	easy	4	{"card_id": 446, "state": 2, "step": null, "stability": 8.2956, "difficulty": 1.0, "due": "2026-08-17T18:49:06+00:00", "last_review": "2026-08-07T18:49:06+00:00"}	{"card_id": 446, "rating": 4, "review_datetime": "2026-08-07T18:49:06+00:00", "review_duration": null}
00447	2026-08-08 03:49:48	easy	4	{"card_id": 447, "state": 2, "step": null, "stability": 8.2956, "difficulty": 1.0, "due": "2026-08-17T18:49:48+00:00", "last_review": "2026-08-07T18:49:48+00:00"}	{"card_id": 447, "rating": 4, "review_datetime": "2026-08-07T18:49:48+00:00", "review_duration": null}
00448	2026-08-08 03:50:11	easy	4	{"card_id": 448, "state": 2, "step": null, "stability": 8.2956, "difficulty": 1.0, "due": "2026-08-18T18:50:11+00:00", "last_review": "2026-08-07T18:50:11+00:00"}	{"card_id": 448, "rating": 4, "review_datetime": "2026-08-07T18:50:11+00:00", "review_duration": null}
00449	2026-08-08 03:50:59	easy	1	{"card_id": 449, "state": 1, "step": 0, "stability": 0.212, "difficulty": 6.4133, "due": "2026-08-07T18:51:59+00:00", "last_review": "2026-08-07T18:50:59+00:00"}	{"card_id": 449, "rating": 1, "review_datetime": "2026-08-07T18:50:59+00:00", "review_duration": null}
00450	2026-08-08 03:51:49	easy	1	{"card_id": 450, "state": 1, "step": 0, "stability": 0.212, "difficulty": 6.4133, "due": "2026-08-07T18:52:49+00:00", "last_review": "2026-08-07T18:51:49+00:00"}	{"card_id": 450, "rating": 1, "review_datetime": "2026-08-07T18:51:49+00:00", "review_duration": null}
00451	2026-08-08 03:52:08	easy	4	{"card_id": 451, "state": 2, "step": null, "stability": 8.2956, "difficulty": 1.0, "due": "2026-08-13T18:52:08+00:00", "last_review": "2026-08-07T18:52:08+00:00"}	{"card_id": 451, "rating": 4, "review_datetime": "2026-08-07T18:52:08+00:00", "review_duration": null}
00449	2026-08-08 03:52:55	easy	4	{"card_id": 449, "state": 2, "step": null, "stability": 0.42437996387663374, "difficulty": 5.200020369516838, "due": "2026-08-08T18:52:55+00:00", "last_review": "2026-08-07T18:52:55+00:00"}	{"card_id": 449, "rating": 4, "review_datetime": "2026-08-07T18:52:55+00:00", "review_duration": null}
00450	2026-08-08 03:53:00	easy	4	{"card_id": 450, "state": 2, "step": null, "stability": 0.42437996387663374, "difficulty": 5.200020369516838, "due": "2026-08-08T18:53:00+00:00", "last_review": "2026-08-07T18:53:00+00:00"}	{"card_id": 450, "rating": 4, "review_datetime": "2026-08-07T18:53:00+00:00", "review_duration": null}
00452	2026-08-08 03:53:10	easy	1	{"card_id": 452, "state": 1, "step": 0, "stability": 0.212, "difficulty": 6.4133, "due": "2026-08-07T18:54:10+00:00", "last_review": "2026-08-07T18:53:10+00:00"}	{"card_id": 452, "rating": 1, "review_datetime": "2026-08-07T18:53:10+00:00", "review_duration": null}
00453	2026-08-08 03:54:16	easy	4	{"card_id": 453, "state": 2, "step": null, "stability": 8.2956, "difficulty": 1.0, "due": "2026-08-17T18:54:16+00:00", "last_review": "2026-08-07T18:54:16+00:00"}	{"card_id": 453, "rating": 4, "review_datetime": "2026-08-07T18:54:16+00:00", "review_duration": null}
00452	2026-08-08 03:55:44	easy	4	{"card_id": 452, "state": 2, "step": null, "stability": 0.42437996387663374, "difficulty": 5.200020369516838, "due": "2026-08-08T18:55:44+00:00", "last_review": "2026-08-07T18:55:44+00:00"}	{"card_id": 452, "rating": 4, "review_datetime": "2026-08-07T18:55:44+00:00", "review_duration": null}
00454	2026-08-08 03:55:54	easy	4	{"card_id": 454, "state": 2, "step": null, "stability": 8.2956, "difficulty": 1.0, "due": "2026-08-16T18:55:54+00:00", "last_review": "2026-08-07T18:55:54+00:00"}	{"card_id": 454, "rating": 4, "review_datetime": "2026-08-07T18:55:54+00:00", "review_duration": null}
00455	2026-08-08 03:56:18	easy	4	{"card_id": 455, "state": 2, "step": null, "stability": 8.2956, "difficulty": 1.0, "due": "2026-08-16T18:56:18+00:00", "last_review": "2026-08-07T18:56:18+00:00"}	{"card_id": 455, "rating": 4, "review_datetime": "2026-08-07T18:56:18+00:00", "review_duration": null}
00456	2026-08-08 03:57:04	easy	4	{"card_id": 456, "state": 2, "step": null, "stability": 8.2956, "difficulty": 1.0, "due": "2026-08-18T18:57:04+00:00", "last_review": "2026-08-07T18:57:04+00:00"}	{"card_id": 456, "rating": 4, "review_datetime": "2026-08-07T18:57:04+00:00", "review_duration": null}
00457	2026-08-08 03:58:10	easy	4	{"card_id": 457, "state": 2, "step": null, "stability": 8.2956, "difficulty": 1.0, "due": "2026-08-17T18:58:10+00:00", "last_review": "2026-08-07T18:58:10+00:00"}	{"card_id": 457, "rating": 4, "review_datetime": "2026-08-07T18:58:10+00:00", "review_duration": null}
00458	2026-08-08 03:59:13	easy	4	{"card_id": 458, "state": 2, "step": null, "stability": 8.2956, "difficulty": 1.0, "due": "2026-08-18T18:59:13+00:00", "last_review": "2026-08-07T18:59:13+00:00"}	{"card_id": 458, "rating": 4, "review_datetime": "2026-08-07T18:59:13+00:00", "review_duration": null}
00459	2026-08-08 03:59:57	easy	4	{"card_id": 459, "state": 2, "step": null, "stability": 8.2956, "difficulty": 1.0, "due": "2026-08-16T18:59:57+00:00", "last_review": "2026-08-07T18:59:57+00:00"}	{"card_id": 459, "rating": 4, "review_datetime": "2026-08-07T18:59:57+00:00", "review_duration": null}
00460	2026-08-08 04:00:31	easy	4	{"card_id": 460, "state": 2, "step": null, "stability": 8.2956, "difficulty": 1.0, "due": "2026-08-14T19:00:31+00:00", "last_review": "2026-08-07T19:00:31+00:00"}	{"card_id": 460, "rating": 4, "review_datetime": "2026-08-07T19:00:31+00:00", "review_duration": null}
00461	2026-08-08 04:01:47	easy	1	{"card_id": 461, "state": 1, "step": 0, "stability": 0.212, "difficulty": 6.4133, "due": "2026-08-07T19:02:47+00:00", "last_review": "2026-08-07T19:01:47+00:00"}	{"card_id": 461, "rating": 1, "review_datetime": "2026-08-07T19:01:47+00:00", "review_duration": null}
00462	2026-08-08 04:02:15	easy	4	{"card_id": 462, "state": 2, "step": null, "stability": 8.2956, "difficulty": 1.0, "due": "2026-08-14T19:02:15+00:00", "last_review": "2026-08-07T19:02:15+00:00"}	{"card_id": 462, "rating": 4, "review_datetime": "2026-08-07T19:02:15+00:00", "review_duration": null}
00463	2026-08-08 04:02:48	easy	4	{"card_id": 463, "state": 2, "step": null, "stability": 8.2956, "difficulty": 1.0, "due": "2026-08-13T19:02:48+00:00", "last_review": "2026-08-07T19:02:48+00:00"}	{"card_id": 463, "rating": 4, "review_datetime": "2026-08-07T19:02:48+00:00", "review_duration": null}
00461	2026-08-08 04:03:04	easy	4	{"card_id": 461, "state": 2, "step": null, "stability": 0.42437996387663374, "difficulty": 5.200020369516838, "due": "2026-08-08T19:03:04+00:00", "last_review": "2026-08-07T19:03:04+00:00"}	{"card_id": 461, "rating": 4, "review_datetime": "2026-08-07T19:03:04+00:00", "review_duration": null}
00464	2026-08-08 04:03:11	easy	4	{"card_id": 464, "state": 2, "step": null, "stability": 8.2956, "difficulty": 1.0, "due": "2026-08-17T19:03:11+00:00", "last_review": "2026-08-07T19:03:11+00:00"}	{"card_id": 464, "rating": 4, "review_datetime": "2026-08-07T19:03:11+00:00", "review_duration": null}
00465	2026-08-08 04:04:36	easy	4	{"card_id": 465, "state": 2, "step": null, "stability": 8.2956, "difficulty": 1.0, "due": "2026-08-15T19:04:36+00:00", "last_review": "2026-08-07T19:04:36+00:00"}	{"card_id": 465, "rating": 4, "review_datetime": "2026-08-07T19:04:36+00:00", "review_duration": null}
00466	2026-08-08 04:05:34	easy	4	{"card_id": 466, "state": 2, "step": null, "stability": 8.2956, "difficulty": 1.0, "due": "2026-08-15T19:05:34+00:00", "last_review": "2026-08-07T19:05:34+00:00"}	{"card_id": 466, "rating": 4, "review_datetime": "2026-08-07T19:05:34+00:00", "review_duration": null}
00467	2026-08-08 04:06:02	easy	4	{"card_id": 467, "state": 2, "step": null, "stability": 8.2956, "difficulty": 1.0, "due": "2026-08-17T19:06:02+00:00", "last_review": "2026-08-07T19:06:02+00:00"}	{"card_id": 467, "rating": 4, "review_datetime": "2026-08-07T19:06:02+00:00", "review_duration": null}
00468	2026-08-08 04:06:42	easy	4	{"card_id": 468, "state": 2, "step": null, "stability": 8.2956, "difficulty": 1.0, "due": "2026-08-17T19:06:42+00:00", "last_review": "2026-08-07T19:06:42+00:00"}	{"card_id": 468, "rating": 4, "review_datetime": "2026-08-07T19:06:42+00:00", "review_duration": null}
00469	2026-08-08 04:07:46	easy	4	{"card_id": 469, "state": 2, "step": null, "stability": 8.2956, "difficulty": 1.0, "due": "2026-08-17T19:07:46+00:00", "last_review": "2026-08-07T19:07:46+00:00"}	{"card_id": 469, "rating": 4, "review_datetime": "2026-08-07T19:07:46+00:00", "review_duration": null}
00470	2026-08-08 04:08:47	easy	4	{"card_id": 470, "state": 2, "step": null, "stability": 8.2956, "difficulty": 1.0, "due": "2026-08-15T19:08:47+00:00", "last_review": "2026-08-07T19:08:47+00:00"}	{"card_id": 470, "rating": 4, "review_datetime": "2026-08-07T19:08:47+00:00", "review_duration": null}
00471	2026-08-08 04:09:27	easy	4	{"card_id": 471, "state": 2, "step": null, "stability": 8.2956, "difficulty": 1.0, "due": "2026-08-13T19:09:27+00:00", "last_review": "2026-08-07T19:09:27+00:00"}	{"card_id": 471, "rating": 4, "review_datetime": "2026-08-07T19:09:27+00:00", "review_duration": null}
00472	2026-08-08 04:09:41	easy	4	{"card_id": 472, "state": 2, "step": null, "stability": 8.2956, "difficulty": 1.0, "due": "2026-08-15T19:09:41+00:00", "last_review": "2026-08-07T19:09:41+00:00"}	{"card_id": 472, "rating": 4, "review_datetime": "2026-08-07T19:09:41+00:00", "review_duration": null}
00473	2026-08-08 04:11:36	easy	4	{"card_id": 473, "state": 2, "step": null, "stability": 8.2956, "difficulty": 1.0, "due": "2026-08-15T19:11:36+00:00", "last_review": "2026-08-07T19:11:36+00:00"}	{"card_id": 473, "rating": 4, "review_datetime": "2026-08-07T19:11:36+00:00", "review_duration": null}
00474	2026-08-08 04:11:54	easy	4	{"card_id": 474, "state": 2, "step": null, "stability": 8.2956, "difficulty": 1.0, "due": "2026-08-14T19:11:54+00:00", "last_review": "2026-08-07T19:11:54+00:00"}	{"card_id": 474, "rating": 4, "review_datetime": "2026-08-07T19:11:54+00:00", "review_duration": null}
00475	2026-08-08 04:13:06	easy	4	{"card_id": 475, "state": 2, "step": null, "stability": 8.2956, "difficulty": 1.0, "due": "2026-08-15T19:13:06+00:00", "last_review": "2026-08-07T19:13:06+00:00"}	{"card_id": 475, "rating": 4, "review_datetime": "2026-08-07T19:13:06+00:00", "review_duration": null}
00476	2026-08-08 04:14:21	easy	4	{"card_id": 476, "state": 2, "step": null, "stability": 8.2956, "difficulty": 1.0, "due": "2026-08-13T19:14:21+00:00", "last_review": "2026-08-07T19:14:21+00:00"}	{"card_id": 476, "rating": 4, "review_datetime": "2026-08-07T19:14:21+00:00", "review_duration": null}
00477	2026-08-08 04:16:27	easy	4	{"card_id": 477, "state": 2, "step": null, "stability": 8.2956, "difficulty": 1.0, "due": "2026-08-16T19:16:27+00:00", "last_review": "2026-08-07T19:16:27+00:00"}	{"card_id": 477, "rating": 4, "review_datetime": "2026-08-07T19:16:27+00:00", "review_duration": null}
00478	2026-08-08 04:18:53	easy	4	{"card_id": 478, "state": 2, "step": null, "stability": 8.2956, "difficulty": 1.0, "due": "2026-08-13T19:18:53+00:00", "last_review": "2026-08-07T19:18:53+00:00"}	{"card_id": 478, "rating": 4, "review_datetime": "2026-08-07T19:18:53+00:00", "review_duration": null}
00479	2026-08-08 04:20:08	easy	4	{"card_id": 479, "state": 2, "step": null, "stability": 8.2956, "difficulty": 1.0, "due": "2026-08-15T19:20:08+00:00", "last_review": "2026-08-07T19:20:08+00:00"}	{"card_id": 479, "rating": 4, "review_datetime": "2026-08-07T19:20:08+00:00", "review_duration": null}
00480	2026-08-08 04:21:06	easy	4	{"card_id": 480, "state": 2, "step": null, "stability": 8.2956, "difficulty": 1.0, "due": "2026-08-15T19:21:06+00:00", "last_review": "2026-08-07T19:21:06+00:00"}	{"card_id": 480, "rating": 4, "review_datetime": "2026-08-07T19:21:06+00:00", "review_duration": null}
00481	2026-08-08 04:21:33	easy	4	{"card_id": 481, "state": 2, "step": null, "stability": 8.2956, "difficulty": 1.0, "due": "2026-08-16T19:21:33+00:00", "last_review": "2026-08-07T19:21:33+00:00"}	{"card_id": 481, "rating": 4, "review_datetime": "2026-08-07T19:21:33+00:00", "review_duration": null}
00482	2026-08-08 04:24:24	easy	4	{"card_id": 482, "state": 2, "step": null, "stability": 8.2956, "difficulty": 1.0, "due": "2026-08-15T19:24:24+00:00", "last_review": "2026-08-07T19:24:24+00:00"}	{"card_id": 482, "rating": 4, "review_datetime": "2026-08-07T19:24:24+00:00", "review_duration": null}
00483	2026-08-08 04:25:51	easy	4	{"card_id": 483, "state": 2, "step": null, "stability": 8.2956, "difficulty": 1.0, "due": "2026-08-14T19:25:51+00:00", "last_review": "2026-08-07T19:25:51+00:00"}	{"card_id": 483, "rating": 4, "review_datetime": "2026-08-07T19:25:51+00:00", "review_duration": null}
00484	2026-08-08 04:27:02	easy	4	{"card_id": 484, "state": 2, "step": null, "stability": 8.2956, "difficulty": 1.0, "due": "2026-08-15T19:27:02+00:00", "last_review": "2026-08-07T19:27:02+00:00"}	{"card_id": 484, "rating": 4, "review_datetime": "2026-08-07T19:27:02+00:00", "review_duration": null}
00485	2026-08-08 04:27:53	easy	4	{"card_id": 485, "state": 2, "step": null, "stability": 8.2956, "difficulty": 1.0, "due": "2026-08-16T19:27:53+00:00", "last_review": "2026-08-07T19:27:53+00:00"}	{"card_id": 485, "rating": 4, "review_datetime": "2026-08-07T19:27:53+00:00", "review_duration": null}
00486	2026-08-08 04:29:27	easy	4	{"card_id": 486, "state": 2, "step": null, "stability": 8.2956, "difficulty": 1.0, "due": "2026-08-15T19:29:27+00:00", "last_review": "2026-08-07T19:29:27+00:00"}	{"card_id": 486, "rating": 4, "review_datetime": "2026-08-07T19:29:27+00:00", "review_duration": null}
00487	2026-08-08 04:32:00	easy	4	{"card_id": 487, "state": 2, "step": null, "stability": 8.2956, "difficulty": 1.0, "due": "2026-08-17T19:32:00+00:00", "last_review": "2026-08-07T19:32:00+00:00"}	{"card_id": 487, "rating": 4, "review_datetime": "2026-08-07T19:32:00+00:00", "review_duration": null}
00488	2026-08-08 04:32:28	easy	4	{"card_id": 488, "state": 2, "step": null, "stability": 8.2956, "difficulty": 1.0, "due": "2026-08-16T19:32:28+00:00", "last_review": "2026-08-07T19:32:28+00:00"}	{"card_id": 488, "rating": 4, "review_datetime": "2026-08-07T19:32:28+00:00", "review_duration": null}
00489	2026-08-08 04:33:00	easy	4	{"card_id": 489, "state": 2, "step": null, "stability": 8.2956, "difficulty": 1.0, "due": "2026-08-16T19:33:00+00:00", "last_review": "2026-08-07T19:33:00+00:00"}	{"card_id": 489, "rating": 4, "review_datetime": "2026-08-07T19:33:00+00:00", "review_duration": null}
00490	2026-08-08 04:35:37	easy	4	{"card_id": 490, "state": 2, "step": null, "stability": 8.2956, "difficulty": 1.0, "due": "2026-08-17T19:35:37+00:00", "last_review": "2026-08-07T19:35:37+00:00"}	{"card_id": 490, "rating": 4, "review_datetime": "2026-08-07T19:35:37+00:00", "review_duration": null}
00491	2026-08-08 04:37:36	easy	4	{"card_id": 491, "state": 2, "step": null, "stability": 8.2956, "difficulty": 1.0, "due": "2026-08-14T19:37:36+00:00", "last_review": "2026-08-07T19:37:36+00:00"}	{"card_id": 491, "rating": 4, "review_datetime": "2026-08-07T19:37:36+00:00", "review_duration": null}
00492	2026-08-08 04:38:30	easy	4	{"card_id": 492, "state": 2, "step": null, "stability": 8.2956, "difficulty": 1.0, "due": "2026-08-14T19:38:30+00:00", "last_review": "2026-08-07T19:38:30+00:00"}	{"card_id": 492, "rating": 4, "review_datetime": "2026-08-07T19:38:30+00:00", "review_duration": null}
00493	2026-08-08 04:39:57	easy	4	{"card_id": 493, "state": 2, "step": null, "stability": 8.2956, "difficulty": 1.0, "due": "2026-08-17T19:39:57+00:00", "last_review": "2026-08-07T19:39:57+00:00"}	{"card_id": 493, "rating": 4, "review_datetime": "2026-08-07T19:39:57+00:00", "review_duration": null}
00494	2026-08-08 04:43:18	easy	4	{"card_id": 494, "state": 2, "step": null, "stability": 8.2956, "difficulty": 1.0, "due": "2026-08-17T19:43:18+00:00", "last_review": "2026-08-07T19:43:18+00:00"}	{"card_id": 494, "rating": 4, "review_datetime": "2026-08-07T19:43:18+00:00", "review_duration": null}
00495	2026-08-08 04:45:12	easy	4	{"card_id": 495, "state": 2, "step": null, "stability": 8.2956, "difficulty": 1.0, "due": "2026-08-16T19:45:12+00:00", "last_review": "2026-08-07T19:45:12+00:00"}	{"card_id": 495, "rating": 4, "review_datetime": "2026-08-07T19:45:12+00:00", "review_duration": null}
00496	2026-08-08 04:49:21	easy	4	{"card_id": 496, "state": 2, "step": null, "stability": 8.2956, "difficulty": 1.0, "due": "2026-08-17T19:49:21+00:00", "last_review": "2026-08-07T19:49:21+00:00"}	{"card_id": 496, "rating": 4, "review_datetime": "2026-08-07T19:49:21+00:00", "review_duration": null}
00497	2026-08-08 04:55:13	easy	4	{"card_id": 497, "state": 2, "step": null, "stability": 8.2956, "difficulty": 1.0, "due": "2026-08-16T19:55:13+00:00", "last_review": "2026-08-07T19:55:13+00:00"}	{"card_id": 497, "rating": 4, "review_datetime": "2026-08-07T19:55:13+00:00", "review_duration": null}
00498	2026-08-08 04:57:27	easy	4	{"card_id": 498, "state": 2, "step": null, "stability": 8.2956, "difficulty": 1.0, "due": "2026-08-14T19:57:27+00:00", "last_review": "2026-08-07T19:57:27+00:00"}	{"card_id": 498, "rating": 4, "review_datetime": "2026-08-07T19:57:27+00:00", "review_duration": null}
00499	2026-08-08 05:01:45	easy	4	{"card_id": 499, "state": 2, "step": null, "stability": 8.2956, "difficulty": 1.0, "due": "2026-08-15T20:01:45+00:00", "last_review": "2026-08-07T20:01:45+00:00"}	{"card_id": 499, "rating": 4, "review_datetime": "2026-08-07T20:01:45+00:00", "review_duration": null}
00500	2026-08-08 05:04:27	easy	4	{"card_id": 500, "state": 2, "step": null, "stability": 8.2956, "difficulty": 1.0, "due": "2026-08-14T20:04:27+00:00", "last_review": "2026-08-07T20:04:27+00:00"}	{"card_id": 500, "rating": 4, "review_datetime": "2026-08-07T20:04:27+00:00", "review_duration": null}
00501	2026-08-08 05:05:58	easy	4	{"card_id": 501, "state": 2, "step": null, "stability": 8.2956, "difficulty": 1.0, "due": "2026-08-17T20:05:58+00:00", "last_review": "2026-08-07T20:05:58+00:00"}	{"card_id": 501, "rating": 4, "review_datetime": "2026-08-07T20:05:58+00:00", "review_duration": null}
00502	2026-08-08 05:55:06	easy	4	{"card_id": 502, "state": 2, "step": null, "stability": 8.2956, "difficulty": 1.0, "due": "2026-08-17T20:55:06+00:00", "last_review": "2026-08-07T20:55:06+00:00"}	{"card_id": 502, "rating": 4, "review_datetime": "2026-08-07T20:55:06+00:00", "review_duration": null}
00503	2026-08-08 05:56:06	easy	4	{"card_id": 503, "state": 2, "step": null, "stability": 8.2956, "difficulty": 1.0, "due": "2026-08-17T20:56:06+00:00", "last_review": "2026-08-07T20:56:06+00:00"}	{"card_id": 503, "rating": 4, "review_datetime": "2026-08-07T20:56:06+00:00", "review_duration": null}
00504	2026-08-08 05:57:11	easy	4	{"card_id": 504, "state": 2, "step": null, "stability": 8.2956, "difficulty": 1.0, "due": "2026-08-15T20:57:11+00:00", "last_review": "2026-08-07T20:57:11+00:00"}	{"card_id": 504, "rating": 4, "review_datetime": "2026-08-07T20:57:11+00:00", "review_duration": null}
00505	2026-08-08 05:58:15	easy	4	{"card_id": 505, "state": 2, "step": null, "stability": 8.2956, "difficulty": 1.0, "due": "2026-08-15T20:58:15+00:00", "last_review": "2026-08-07T20:58:15+00:00"}	{"card_id": 505, "rating": 4, "review_datetime": "2026-08-07T20:58:15+00:00", "review_duration": null}
00506	2026-08-08 05:59:11	easy	4	{"card_id": 506, "state": 2, "step": null, "stability": 8.2956, "difficulty": 1.0, "due": "2026-08-15T20:59:11+00:00", "last_review": "2026-08-07T20:59:11+00:00"}	{"card_id": 506, "rating": 4, "review_datetime": "2026-08-07T20:59:11+00:00", "review_duration": null}
00507	2026-08-08 06:02:32	easy	4	{"card_id": 507, "state": 2, "step": null, "stability": 8.2956, "difficulty": 1.0, "due": "2026-08-15T21:02:32+00:00", "last_review": "2026-08-07T21:02:32+00:00"}	{"card_id": 507, "rating": 4, "review_datetime": "2026-08-07T21:02:32+00:00", "review_duration": null}
00508	2026-08-08 06:04:06	easy	4	{"card_id": 508, "state": 2, "step": null, "stability": 8.2956, "difficulty": 1.0, "due": "2026-08-17T21:04:06+00:00", "last_review": "2026-08-07T21:04:06+00:00"}	{"card_id": 508, "rating": 4, "review_datetime": "2026-08-07T21:04:06+00:00", "review_duration": null}
00509	2026-08-08 06:04:17	easy	4	{"card_id": 509, "state": 2, "step": null, "stability": 8.2956, "difficulty": 1.0, "due": "2026-08-15T21:04:17+00:00", "last_review": "2026-08-07T21:04:17+00:00"}	{"card_id": 509, "rating": 4, "review_datetime": "2026-08-07T21:04:17+00:00", "review_duration": null}
00510	2026-08-08 06:07:26	easy	4	{"card_id": 510, "state": 2, "step": null, "stability": 8.2956, "difficulty": 1.0, "due": "2026-08-17T21:07:26+00:00", "last_review": "2026-08-07T21:07:26+00:00"}	{"card_id": 510, "rating": 4, "review_datetime": "2026-08-07T21:07:26+00:00", "review_duration": null}
00511	2026-08-08 06:07:54	easy	4	{"card_id": 511, "state": 2, "step": null, "stability": 8.2956, "difficulty": 1.0, "due": "2026-08-18T21:07:54+00:00", "last_review": "2026-08-07T21:07:54+00:00"}	{"card_id": 511, "rating": 4, "review_datetime": "2026-08-07T21:07:54+00:00", "review_duration": null}
00512	2026-08-08 06:09:23	easy	4	{"card_id": 512, "state": 2, "step": null, "stability": 8.2956, "difficulty": 1.0, "due": "2026-08-14T21:09:23+00:00", "last_review": "2026-08-07T21:09:23+00:00"}	{"card_id": 512, "rating": 4, "review_datetime": "2026-08-07T21:09:23+00:00", "review_duration": null}
00513	2026-08-08 06:10:56	easy	4	{"card_id": 513, "state": 2, "step": null, "stability": 8.2956, "difficulty": 1.0, "due": "2026-08-17T21:10:56+00:00", "last_review": "2026-08-07T21:10:56+00:00"}	{"card_id": 513, "rating": 4, "review_datetime": "2026-08-07T21:10:56+00:00", "review_duration": null}
00514	2026-08-08 06:11:17	easy	4	{"card_id": 514, "state": 2, "step": null, "stability": 8.2956, "difficulty": 1.0, "due": "2026-08-14T21:11:17+00:00", "last_review": "2026-08-07T21:11:17+00:00"}	{"card_id": 514, "rating": 4, "review_datetime": "2026-08-07T21:11:17+00:00", "review_duration": null}
00515	2026-08-08 06:13:59	easy	4	{"card_id": 515, "state": 2, "step": null, "stability": 8.2956, "difficulty": 1.0, "due": "2026-08-18T21:13:59+00:00", "last_review": "2026-08-07T21:13:59+00:00"}	{"card_id": 515, "rating": 4, "review_datetime": "2026-08-07T21:13:59+00:00", "review_duration": null}
00516	2026-08-08 06:15:27	easy	4	{"card_id": 516, "state": 2, "step": null, "stability": 8.2956, "difficulty": 1.0, "due": "2026-08-16T21:15:27+00:00", "last_review": "2026-08-07T21:15:27+00:00"}	{"card_id": 516, "rating": 4, "review_datetime": "2026-08-07T21:15:27+00:00", "review_duration": null}
00517	2026-08-08 06:20:03	easy	4	{"card_id": 517, "state": 2, "step": null, "stability": 8.2956, "difficulty": 1.0, "due": "2026-08-15T21:20:03+00:00", "last_review": "2026-08-07T21:20:03+00:00"}	{"card_id": 517, "rating": 4, "review_datetime": "2026-08-07T21:20:03+00:00", "review_duration": null}
00020	2026-08-08 06:54:23	easy	4	{"card_id": 20, "state": 2, "step": null, "stability": 5.388850133217119, "difficulty": 3.5813192253569843, "due": "2026-08-12T21:54:23+00:00", "last_review": "2026-08-07T21:54:23+00:00"}	{"card_id": 20, "rating": 4, "review_datetime": "2026-08-07T21:54:23+00:00", "review_duration": null}
00022	2026-08-08 06:54:37	easy	1	{"card_id": 22, "state": 3, "step": 0, "stability": 0.172502454829171, "difficulty": 8.40750770461851, "due": "2026-08-07T22:04:37+00:00", "last_review": "2026-08-07T21:54:37+00:00"}	{"card_id": 22, "rating": 1, "review_datetime": "2026-08-07T21:54:37+00:00", "review_duration": null}
00030	2026-08-08 06:54:57	easy	4	{"card_id": 30, "state": 2, "step": null, "stability": 5.388850133217119, "difficulty": 3.5813192253569843, "due": "2026-08-13T21:54:57+00:00", "last_review": "2026-08-07T21:54:57+00:00"}	{"card_id": 30, "rating": 4, "review_datetime": "2026-08-07T21:54:57+00:00", "review_duration": null}
00031	2026-08-08 06:56:41	again	1	{"card_id": 31, "state": 3, "step": 0, "stability": 0.172502454829171, "difficulty": 8.40750770461851, "due": "2026-08-07T22:06:41+00:00", "last_review": "2026-08-07T21:56:41+00:00"}	{"card_id": 31, "rating": 1, "review_datetime": "2026-08-07T21:56:41+00:00", "review_duration": null}
00035	2026-08-08 06:59:50	easy	4	{"card_id": 35, "state": 2, "step": null, "stability": 5.388850133217119, "difficulty": 3.5813192253569843, "due": "2026-08-13T21:59:50+00:00", "last_review": "2026-08-07T21:59:50+00:00"}	{"card_id": 35, "rating": 4, "review_datetime": "2026-08-07T21:59:50+00:00", "review_duration": null}
00036	2026-08-08 07:01:05	easy	4	{"card_id": 36, "state": 2, "step": null, "stability": 5.388850133217119, "difficulty": 3.5813192253569843, "due": "2026-08-12T22:01:05+00:00", "last_review": "2026-08-07T22:01:05+00:00"}	{"card_id": 36, "rating": 4, "review_datetime": "2026-08-07T22:01:05+00:00", "review_duration": null}
00039	2026-08-08 07:01:20	easy	1	{"card_id": 39, "state": 3, "step": 0, "stability": 0.172502454829171, "difficulty": 8.40750770461851, "due": "2026-08-07T22:11:20+00:00", "last_review": "2026-08-07T22:01:20+00:00"}	{"card_id": 39, "rating": 1, "review_datetime": "2026-08-07T22:01:20+00:00", "review_duration": null}
00043	2026-08-08 07:03:42	easy	4	{"card_id": 43, "state": 2, "step": null, "stability": 5.388850133217119, "difficulty": 3.5813192253569843, "due": "2026-08-13T22:03:42+00:00", "last_review": "2026-08-07T22:03:42+00:00"}	{"card_id": 43, "rating": 4, "review_datetime": "2026-08-07T22:03:42+00:00", "review_duration": null}
00518	2026-08-08 07:04:12	easy	4	{"card_id": 518, "state": 2, "step": null, "stability": 8.2956, "difficulty": 1.0, "due": "2026-08-13T22:04:12+00:00", "last_review": "2026-08-07T22:04:12+00:00"}	{"card_id": 518, "rating": 4, "review_datetime": "2026-08-07T22:04:12+00:00", "review_duration": null}
00022	2026-08-08 07:07:38	easy	4	{"card_id": 22, "state": 2, "step": null, "stability": 0.3500306387979986, "difficulty": 7.86059935893982, "due": "2026-08-08T22:07:38+00:00", "last_review": "2026-08-07T22:07:38+00:00"}	{"card_id": 22, "rating": 4, "review_datetime": "2026-08-07T22:07:38+00:00", "review_duration": null}
00031	2026-08-08 07:08:13	easy	4	{"card_id": 31, "state": 2, "step": null, "stability": 0.3500306387979986, "difficulty": 7.86059935893982, "due": "2026-08-08T22:08:13+00:00", "last_review": "2026-08-07T22:08:13+00:00"}	{"card_id": 31, "rating": 4, "review_datetime": "2026-08-07T22:08:13+00:00", "review_duration": null}
00049	2026-08-08 07:10:08	easy	4	{"card_id": 49, "state": 2, "step": null, "stability": 5.388850133217119, "difficulty": 3.5813192253569843, "due": "2026-08-13T22:10:08+00:00", "last_review": "2026-08-07T22:10:08+00:00"}	{"card_id": 49, "rating": 4, "review_datetime": "2026-08-07T22:10:08+00:00", "review_duration": null}
00055	2026-08-08 07:11:21	easy	4	{"card_id": 55, "state": 2, "step": null, "stability": 5.388850133217119, "difficulty": 3.5813192253569843, "due": "2026-08-12T22:11:21+00:00", "last_review": "2026-08-07T22:11:21+00:00"}	{"card_id": 55, "rating": 4, "review_datetime": "2026-08-07T22:11:21+00:00", "review_duration": null}
00039	2026-08-08 07:12:42	again	1	{"card_id": 39, "state": 3, "step": 0, "stability": 0.06875302187147976, "difficulty": 9.46178698075255, "due": "2026-08-07T22:22:42+00:00", "last_review": "2026-08-07T22:12:42+00:00"}	{"card_id": 39, "rating": 1, "review_datetime": "2026-08-07T22:12:42+00:00", "review_duration": null}
00519	2026-08-08 07:13:09	easy	4	{"card_id": 519, "state": 2, "step": null, "stability": 8.2956, "difficulty": 1.0, "due": "2026-08-17T22:13:09+00:00", "last_review": "2026-08-07T22:13:09+00:00"}	{"card_id": 519, "rating": 4, "review_datetime": "2026-08-07T22:13:09+00:00", "review_duration": null}
00520	2026-08-08 07:15:19	easy	4	{"card_id": 520, "state": 2, "step": null, "stability": 8.2956, "difficulty": 1.0, "due": "2026-08-15T22:15:19+00:00", "last_review": "2026-08-07T22:15:19+00:00"}	{"card_id": 520, "rating": 4, "review_datetime": "2026-08-07T22:15:19+00:00", "review_duration": null}
00521	2026-08-08 07:17:11	again	1	{"card_id": 521, "state": 1, "step": 0, "stability": 0.212, "difficulty": 6.4133, "due": "2026-08-07T22:18:11+00:00", "last_review": "2026-08-07T22:17:11+00:00"}	{"card_id": 521, "rating": 1, "review_datetime": "2026-08-07T22:17:11+00:00", "review_duration": null}
00521	2026-08-08 07:18:22	easy	4	{"card_id": 521, "state": 2, "step": null, "stability": 0.42437996387663374, "difficulty": 5.200020369516838, "due": "2026-08-08T22:18:22+00:00", "last_review": "2026-08-07T22:18:22+00:00"}	{"card_id": 521, "rating": 4, "review_datetime": "2026-08-07T22:18:22+00:00", "review_duration": null}
00522	2026-08-08 07:18:33	easy	4	{"card_id": 522, "state": 2, "step": null, "stability": 8.2956, "difficulty": 1.0, "due": "2026-08-16T22:18:33+00:00", "last_review": "2026-08-07T22:18:33+00:00"}	{"card_id": 522, "rating": 4, "review_datetime": "2026-08-07T22:18:33+00:00", "review_duration": null}
00523	2026-08-08 07:20:36	easy	4	{"card_id": 523, "state": 2, "step": null, "stability": 8.2956, "difficulty": 1.0, "due": "2026-08-17T22:20:36+00:00", "last_review": "2026-08-07T22:20:36+00:00"}	{"card_id": 523, "rating": 4, "review_datetime": "2026-08-07T22:20:36+00:00", "review_duration": null}
00524	2026-08-08 07:21:07	easy	4	{"card_id": 524, "state": 2, "step": null, "stability": 8.2956, "difficulty": 1.0, "due": "2026-08-16T22:21:07+00:00", "last_review": "2026-08-07T22:21:07+00:00"}	{"card_id": 524, "rating": 4, "review_datetime": "2026-08-07T22:21:07+00:00", "review_duration": null}
00039	2026-08-08 07:26:46	easy	4	{"card_id": 39, "state": 2, "step": null, "stability": 0.14821422983388127, "difficulty": 9.267169639743587, "due": "2026-08-08T22:26:46+00:00", "last_review": "2026-08-07T22:26:46+00:00"}	{"card_id": 39, "rating": 4, "review_datetime": "2026-08-07T22:26:46+00:00", "review_duration": null}
00074	2026-08-08 07:26:58	easy	4	{"card_id": 74, "state": 2, "step": null, "stability": 1.8406186910305153, "difficulty": 7.840784130059683, "due": "2026-08-09T22:26:58+00:00", "last_review": "2026-08-07T22:26:58+00:00"}	{"card_id": 74, "rating": 4, "review_datetime": "2026-08-07T22:26:58+00:00", "review_duration": null}
00525	2026-08-08 07:27:10	easy	4	{"card_id": 525, "state": 2, "step": null, "stability": 8.2956, "difficulty": 1.0, "due": "2026-08-17T22:27:10+00:00", "last_review": "2026-08-07T22:27:10+00:00"}	{"card_id": 525, "rating": 4, "review_datetime": "2026-08-07T22:27:10+00:00", "review_duration": null}
00526	2026-08-08 07:28:10	easy	4	{"card_id": 526, "state": 2, "step": null, "stability": 8.2956, "difficulty": 1.0, "due": "2026-08-14T22:28:10+00:00", "last_review": "2026-08-07T22:28:10+00:00"}	{"card_id": 526, "rating": 4, "review_datetime": "2026-08-07T22:28:10+00:00", "review_duration": null}
00527	2026-08-08 07:28:43	easy	4	{"card_id": 527, "state": 2, "step": null, "stability": 8.2956, "difficulty": 1.0, "due": "2026-08-14T22:28:43+00:00", "last_review": "2026-08-07T22:28:43+00:00"}	{"card_id": 527, "rating": 4, "review_datetime": "2026-08-07T22:28:43+00:00", "review_duration": null}
00528	2026-08-08 07:29:34	easy	4	{"card_id": 528, "state": 2, "step": null, "stability": 8.2956, "difficulty": 1.0, "due": "2026-08-16T22:29:34+00:00", "last_review": "2026-08-07T22:29:34+00:00"}	{"card_id": 528, "rating": 4, "review_datetime": "2026-08-07T22:29:34+00:00", "review_duration": null}
00529	2026-08-08 07:31:18	easy	4	{"card_id": 529, "state": 2, "step": null, "stability": 8.2956, "difficulty": 1.0, "due": "2026-08-14T22:31:18+00:00", "last_review": "2026-08-07T22:31:18+00:00"}	{"card_id": 529, "rating": 4, "review_datetime": "2026-08-07T22:31:18+00:00", "review_duration": null}
00530	2026-08-08 07:31:59	easy	4	{"card_id": 530, "state": 2, "step": null, "stability": 8.2956, "difficulty": 1.0, "due": "2026-08-15T22:31:59+00:00", "last_review": "2026-08-07T22:31:59+00:00"}	{"card_id": 530, "rating": 4, "review_datetime": "2026-08-07T22:31:59+00:00", "review_duration": null}
00531	2026-08-08 07:32:32	easy	4	{"card_id": 531, "state": 2, "step": null, "stability": 8.2956, "difficulty": 1.0, "due": "2026-08-14T22:32:32+00:00", "last_review": "2026-08-07T22:32:32+00:00"}	{"card_id": 531, "rating": 4, "review_datetime": "2026-08-07T22:32:32+00:00", "review_duration": null}
00532	2026-08-08 07:33:01	easy	4	{"card_id": 532, "state": 2, "step": null, "stability": 8.2956, "difficulty": 1.0, "due": "2026-08-14T22:33:01+00:00", "last_review": "2026-08-07T22:33:01+00:00"}	{"card_id": 532, "rating": 4, "review_datetime": "2026-08-07T22:33:01+00:00", "review_duration": null}
00533	2026-08-08 07:34:23	easy	4	{"card_id": 533, "state": 2, "step": null, "stability": 8.2956, "difficulty": 1.0, "due": "2026-08-15T22:34:23+00:00", "last_review": "2026-08-07T22:34:23+00:00"}	{"card_id": 533, "rating": 4, "review_datetime": "2026-08-07T22:34:23+00:00", "review_duration": null}
00534	2026-08-08 07:34:56	easy	4	{"card_id": 534, "state": 2, "step": null, "stability": 8.2956, "difficulty": 1.0, "due": "2026-08-14T22:34:56+00:00", "last_review": "2026-08-07T22:34:56+00:00"}	{"card_id": 534, "rating": 4, "review_datetime": "2026-08-07T22:34:56+00:00", "review_duration": null}
00535	2026-08-08 07:35:37	easy	4	{"card_id": 535, "state": 2, "step": null, "stability": 8.2956, "difficulty": 1.0, "due": "2026-08-14T22:35:37+00:00", "last_review": "2026-08-07T22:35:37+00:00"}	{"card_id": 535, "rating": 4, "review_datetime": "2026-08-07T22:35:37+00:00", "review_duration": null}
00536	2026-08-08 07:37:19	easy	4	{"card_id": 536, "state": 2, "step": null, "stability": 8.2956, "difficulty": 1.0, "due": "2026-08-13T22:37:19+00:00", "last_review": "2026-08-07T22:37:19+00:00"}	{"card_id": 536, "rating": 4, "review_datetime": "2026-08-07T22:37:19+00:00", "review_duration": null}
00537	2026-08-08 07:39:27	easy	4	{"card_id": 537, "state": 2, "step": null, "stability": 8.2956, "difficulty": 1.0, "due": "2026-08-15T22:39:27+00:00", "last_review": "2026-08-07T22:39:27+00:00"}	{"card_id": 537, "rating": 4, "review_datetime": "2026-08-07T22:39:27+00:00", "review_duration": null}
00538	2026-08-08 07:39:49	easy	4	{"card_id": 538, "state": 2, "step": null, "stability": 8.2956, "difficulty": 1.0, "due": "2026-08-14T22:39:49+00:00", "last_review": "2026-08-07T22:39:49+00:00"}	{"card_id": 538, "rating": 4, "review_datetime": "2026-08-07T22:39:49+00:00", "review_duration": null}
00095	2026-08-08 13:20:48	easy	4	{"card_id": 95, "state": 2, "step": null, "stability": 5.388850133217119, "difficulty": 3.5813192253569843, "due": "2026-08-14T04:20:48+00:00", "last_review": "2026-08-08T04:20:48+00:00"}	{"card_id": 95, "rating": 4, "review_datetime": "2026-08-08T04:20:48+00:00", "review_duration": null}
00109	2026-08-08 13:21:20	easy	4	{"card_id": 109, "state": 2, "step": null, "stability": 5.388850133217119, "difficulty": 3.5813192253569843, "due": "2026-08-13T04:21:20+00:00", "last_review": "2026-08-08T04:21:20+00:00"}	{"card_id": 109, "rating": 4, "review_datetime": "2026-08-08T04:21:20+00:00", "review_duration": null}
00111	2026-08-08 13:21:48	easy	3	{"card_id": 111, "state": 2, "step": null, "stability": 3.075066156060138, "difficulty": 5.190048718444159, "due": "2026-08-12T04:21:48+00:00", "last_review": "2026-08-08T04:21:48+00:00"}	{"card_id": 111, "rating": 3, "review_datetime": "2026-08-08T04:21:48+00:00", "review_duration": null}
00113	2026-08-08 13:25:42	easy	3	{"card_id": 113, "state": 2, "step": null, "stability": 3.075066156060138, "difficulty": 5.190048718444159, "due": "2026-08-12T04:25:42+00:00", "last_review": "2026-08-08T04:25:42+00:00"}	{"card_id": 113, "rating": 3, "review_datetime": "2026-08-08T04:25:42+00:00", "review_duration": null}
00134	2026-08-08 13:28:22	easy	1	{"card_id": 134, "state": 3, "step": 0, "stability": 0.172502454829171, "difficulty": 8.40750770461851, "due": "2026-08-08T04:38:22+00:00", "last_review": "2026-08-08T04:28:22+00:00"}	{"card_id": 134, "rating": 1, "review_datetime": "2026-08-08T04:28:22+00:00", "review_duration": null}
00138	2026-08-08 13:28:47	easy	3	{"card_id": 138, "state": 2, "step": null, "stability": 3.075066156060138, "difficulty": 5.190048718444159, "due": "2026-08-12T04:28:47+00:00", "last_review": "2026-08-08T04:28:47+00:00"}	{"card_id": 138, "rating": 3, "review_datetime": "2026-08-08T04:28:47+00:00", "review_duration": null}
00139	2026-08-08 13:30:55	good	3	{"card_id": 139, "state": 2, "step": null, "stability": 3.075066156060138, "difficulty": 5.190048718444159, "due": "2026-08-11T04:30:55+00:00", "last_review": "2026-08-08T04:30:55+00:00"}	{"card_id": 139, "rating": 3, "review_datetime": "2026-08-08T04:30:55+00:00", "review_duration": null}
00202	2026-08-08 13:32:49	easy	4	{"card_id": 202, "state": 2, "step": null, "stability": 5.388850133217119, "difficulty": 3.5813192253569843, "due": "2026-08-14T04:32:49+00:00", "last_review": "2026-08-08T04:32:49+00:00"}	{"card_id": 202, "rating": 4, "review_datetime": "2026-08-08T04:32:49+00:00", "review_duration": null}
00246	2026-08-08 13:33:24	good	1	{"card_id": 246, "state": 3, "step": 0, "stability": 0.172502454829171, "difficulty": 8.40750770461851, "due": "2026-08-08T04:43:24+00:00", "last_review": "2026-08-08T04:33:24+00:00"}	{"card_id": 246, "rating": 1, "review_datetime": "2026-08-08T04:33:24+00:00", "review_duration": null}
00266	2026-08-08 13:33:54	easy	2	{"card_id": 266, "state": 2, "step": null, "stability": 2.0185026398557935, "difficulty": 6.798778211531335, "due": "2026-08-10T04:33:54+00:00", "last_review": "2026-08-08T04:33:54+00:00"}	{"card_id": 266, "rating": 2, "review_datetime": "2026-08-08T04:33:54+00:00", "review_duration": null}
00268	2026-08-08 13:38:17	easy	2	{"card_id": 268, "state": 2, "step": null, "stability": 2.0185026398557935, "difficulty": 6.798778211531335, "due": "2026-08-10T04:38:17+00:00", "last_review": "2026-08-08T04:38:17+00:00"}	{"card_id": 268, "rating": 2, "review_datetime": "2026-08-08T04:38:17+00:00", "review_duration": null}
00134	2026-08-08 13:39:29	easy	4	{"card_id": 134, "state": 2, "step": null, "stability": 0.3500306387979986, "difficulty": 7.86059935893982, "due": "2026-08-09T04:39:29+00:00", "last_review": "2026-08-08T04:39:29+00:00"}	{"card_id": 134, "rating": 4, "review_datetime": "2026-08-08T04:39:29+00:00", "review_duration": null}
00283	2026-08-08 13:39:46	again	1	{"card_id": 283, "state": 3, "step": 0, "stability": 0.172502454829171, "difficulty": 8.40750770461851, "due": "2026-08-08T04:49:46+00:00", "last_review": "2026-08-08T04:39:46+00:00"}	{"card_id": 283, "rating": 1, "review_datetime": "2026-08-08T04:39:46+00:00", "review_duration": null}
00539	2026-08-08 13:41:47	hard	4	{"card_id": 539, "state": 2, "step": null, "stability": 8.2956, "difficulty": 1.0, "due": "2026-08-14T04:41:47+00:00", "last_review": "2026-08-08T04:41:47+00:00"}	{"card_id": 539, "rating": 4, "review_datetime": "2026-08-08T04:41:47+00:00", "review_duration": null}
00246	2026-08-08 13:46:08	good	3	{"card_id": 246, "state": 2, "step": null, "stability": 0.20347043058512432, "difficulty": 8.39432856621073, "due": "2026-08-09T04:46:08+00:00", "last_review": "2026-08-08T04:46:08+00:00"}	{"card_id": 246, "rating": 3, "review_datetime": "2026-08-08T04:46:08+00:00", "review_duration": null}
00540	2026-08-08 13:47:37	easy	4	{"card_id": 540, "state": 2, "step": null, "stability": 8.2956, "difficulty": 1.0, "due": "2026-08-16T04:47:37+00:00", "last_review": "2026-08-08T04:47:37+00:00"}	{"card_id": 540, "rating": 4, "review_datetime": "2026-08-08T04:47:37+00:00", "review_duration": null}
00541	2026-08-08 13:48:22	easy	4	{"card_id": 541, "state": 2, "step": null, "stability": 8.2956, "difficulty": 1.0, "due": "2026-08-16T04:48:22+00:00", "last_review": "2026-08-08T04:48:22+00:00"}	{"card_id": 541, "rating": 4, "review_datetime": "2026-08-08T04:48:22+00:00", "review_duration": null}
00542	2026-08-08 13:48:32	easy	4	{"card_id": 542, "state": 2, "step": null, "stability": 8.2956, "difficulty": 1.0, "due": "2026-08-17T04:48:32+00:00", "last_review": "2026-08-08T04:48:32+00:00"}	{"card_id": 542, "rating": 4, "review_datetime": "2026-08-08T04:48:32+00:00", "review_duration": null}
00543	2026-08-08 13:49:50	easy	4	{"card_id": 543, "state": 2, "step": null, "stability": 8.2956, "difficulty": 1.0, "due": "2026-08-14T04:49:50+00:00", "last_review": "2026-08-08T04:49:50+00:00"}	{"card_id": 543, "rating": 4, "review_datetime": "2026-08-08T04:49:50+00:00", "review_duration": null}
00283	2026-08-08 13:51:18	easy	4	{"card_id": 283, "state": 2, "step": null, "stability": 0.3500306387979986, "difficulty": 7.86059935893982, "due": "2026-08-09T04:51:18+00:00", "last_review": "2026-08-08T04:51:18+00:00"}	{"card_id": 283, "rating": 4, "review_datetime": "2026-08-08T04:51:18+00:00", "review_duration": null}
00544	2026-08-08 13:52:39	easy	4	{"card_id": 544, "state": 2, "step": null, "stability": 8.2956, "difficulty": 1.0, "due": "2026-08-17T04:52:39+00:00", "last_review": "2026-08-08T04:52:39+00:00"}	{"card_id": 544, "rating": 4, "review_datetime": "2026-08-08T04:52:39+00:00", "review_duration": null}
00545	2026-08-08 13:54:28	easy	4	{"card_id": 545, "state": 2, "step": null, "stability": 8.2956, "difficulty": 1.0, "due": "2026-08-18T04:54:28+00:00", "last_review": "2026-08-08T04:54:28+00:00"}	{"card_id": 545, "rating": 4, "review_datetime": "2026-08-08T04:54:28+00:00", "review_duration": null}
00546	2026-08-08 13:54:52	easy	4	{"card_id": 546, "state": 2, "step": null, "stability": 8.2956, "difficulty": 1.0, "due": "2026-08-14T04:54:52+00:00", "last_review": "2026-08-08T04:54:52+00:00"}	{"card_id": 546, "rating": 4, "review_datetime": "2026-08-08T04:54:52+00:00", "review_duration": null}
00547	2026-08-08 13:55:13	easy	4	{"card_id": 547, "state": 2, "step": null, "stability": 8.2956, "difficulty": 1.0, "due": "2026-08-17T04:55:13+00:00", "last_review": "2026-08-08T04:55:13+00:00"}	{"card_id": 547, "rating": 4, "review_datetime": "2026-08-08T04:55:13+00:00", "review_duration": null}
00548	2026-08-08 13:57:59	easy	4	{"card_id": 548, "state": 2, "step": null, "stability": 8.2956, "difficulty": 1.0, "due": "2026-08-15T04:57:59+00:00", "last_review": "2026-08-08T04:57:59+00:00"}	{"card_id": 548, "rating": 4, "review_datetime": "2026-08-08T04:57:59+00:00", "review_duration": null}
00549	2026-08-08 14:03:06	easy	4	{"card_id": 549, "state": 2, "step": null, "stability": 8.2956, "difficulty": 1.0, "due": "2026-08-18T05:03:06+00:00", "last_review": "2026-08-08T05:03:06+00:00"}	{"card_id": 549, "rating": 4, "review_datetime": "2026-08-08T05:03:06+00:00", "review_duration": null}
00311	2026-08-09 05:53:53	easy	4	{"card_id": 311, "state": 2, "step": null, "stability": 5.388850133217119, "difficulty": 3.5813192253569843, "due": "2026-08-12T20:53:53+00:00", "last_review": "2026-08-08T20:53:53+00:00"}	{"card_id": 311, "rating": 4, "review_datetime": "2026-08-08T20:53:53+00:00", "review_duration": null}
00406	2026-08-09 05:57:06	easy	4	{"card_id": 406, "state": 2, "step": null, "stability": 5.388850133217119, "difficulty": 3.5813192253569843, "due": "2026-08-14T20:57:06+00:00", "last_review": "2026-08-08T20:57:06+00:00"}	{"card_id": 406, "rating": 4, "review_datetime": "2026-08-08T20:57:06+00:00", "review_duration": null}
00417	2026-08-09 05:57:16	easy	4	{"card_id": 417, "state": 2, "step": null, "stability": 5.388850133217119, "difficulty": 3.5813192253569843, "due": "2026-08-14T20:57:16+00:00", "last_review": "2026-08-08T20:57:16+00:00"}	{"card_id": 417, "rating": 4, "review_datetime": "2026-08-08T20:57:16+00:00", "review_duration": null}
00427	2026-08-09 05:57:50	easy	4	{"card_id": 427, "state": 2, "step": null, "stability": 5.388850133217119, "difficulty": 3.5813192253569843, "due": "2026-08-12T20:57:50+00:00", "last_review": "2026-08-08T20:57:50+00:00"}	{"card_id": 427, "rating": 4, "review_datetime": "2026-08-08T20:57:50+00:00", "review_duration": null}
00449	2026-08-09 05:59:15	easy	4	{"card_id": 449, "state": 2, "step": null, "stability": 5.388850133217119, "difficulty": 3.5813192253569843, "due": "2026-08-12T20:59:15+00:00", "last_review": "2026-08-08T20:59:15+00:00"}	{"card_id": 449, "rating": 4, "review_datetime": "2026-08-08T20:59:15+00:00", "review_duration": null}
00450	2026-08-09 05:59:40	easy	4	{"card_id": 450, "state": 2, "step": null, "stability": 5.388850133217119, "difficulty": 3.5813192253569843, "due": "2026-08-14T20:59:40+00:00", "last_review": "2026-08-08T20:59:40+00:00"}	{"card_id": 450, "rating": 4, "review_datetime": "2026-08-08T20:59:40+00:00", "review_duration": null}
00452	2026-08-09 06:16:41	easy	4	{"card_id": 452, "state": 2, "step": null, "stability": 5.388850133217119, "difficulty": 3.5813192253569843, "due": "2026-08-14T21:16:41+00:00", "last_review": "2026-08-08T21:16:41+00:00"}	{"card_id": 452, "rating": 4, "review_datetime": "2026-08-08T21:16:41+00:00", "review_duration": null}
00461	2026-08-09 06:17:10	easy	4	{"card_id": 461, "state": 2, "step": null, "stability": 5.388850133217119, "difficulty": 3.5813192253569843, "due": "2026-08-13T21:17:10+00:00", "last_review": "2026-08-08T21:17:10+00:00"}	{"card_id": 461, "rating": 4, "review_datetime": "2026-08-08T21:17:10+00:00", "review_duration": null}
00550	2026-08-09 06:17:25	easy	4	{"card_id": 550, "state": 2, "step": null, "stability": 8.2956, "difficulty": 1.0, "due": "2026-08-17T21:17:25+00:00", "last_review": "2026-08-08T21:17:25+00:00"}	{"card_id": 550, "rating": 4, "review_datetime": "2026-08-08T21:17:25+00:00", "review_duration": null}
00551	2026-08-09 06:17:51	easy	4	{"card_id": 551, "state": 2, "step": null, "stability": 8.2956, "difficulty": 1.0, "due": "2026-08-15T21:17:51+00:00", "last_review": "2026-08-08T21:17:51+00:00"}	{"card_id": 551, "rating": 4, "review_datetime": "2026-08-08T21:17:51+00:00", "review_duration": null}
00552	2026-08-09 06:18:13	easy	4	{"card_id": 552, "state": 2, "step": null, "stability": 8.2956, "difficulty": 1.0, "due": "2026-08-16T21:18:13+00:00", "last_review": "2026-08-08T21:18:13+00:00"}	{"card_id": 552, "rating": 4, "review_datetime": "2026-08-08T21:18:13+00:00", "review_duration": null}
00553	2026-08-09 06:18:32	easy	4	{"card_id": 553, "state": 2, "step": null, "stability": 8.2956, "difficulty": 1.0, "due": "2026-08-16T21:18:32+00:00", "last_review": "2026-08-08T21:18:32+00:00"}	{"card_id": 553, "rating": 4, "review_datetime": "2026-08-08T21:18:32+00:00", "review_duration": null}
00554	2026-08-09 06:19:31	easy	4	{"card_id": 554, "state": 2, "step": null, "stability": 8.2956, "difficulty": 1.0, "due": "2026-08-15T21:19:31+00:00", "last_review": "2026-08-08T21:19:31+00:00"}	{"card_id": 554, "rating": 4, "review_datetime": "2026-08-08T21:19:31+00:00", "review_duration": null}
00555	2026-08-09 06:20:36	easy	4	{"card_id": 555, "state": 2, "step": null, "stability": 8.2956, "difficulty": 1.0, "due": "2026-08-15T21:20:36+00:00", "last_review": "2026-08-08T21:20:36+00:00"}	{"card_id": 555, "rating": 4, "review_datetime": "2026-08-08T21:20:36+00:00", "review_duration": null}
00556	2026-08-09 06:20:57	easy	4	{"card_id": 556, "state": 2, "step": null, "stability": 8.2956, "difficulty": 1.0, "due": "2026-08-15T21:20:57+00:00", "last_review": "2026-08-08T21:20:57+00:00"}	{"card_id": 556, "rating": 4, "review_datetime": "2026-08-08T21:20:57+00:00", "review_duration": null}
00557	2026-08-09 06:21:41	easy	1	{"card_id": 557, "state": 1, "step": 0, "stability": 0.212, "difficulty": 6.4133, "due": "2026-08-08T21:22:41+00:00", "last_review": "2026-08-08T21:21:41+00:00"}	{"card_id": 557, "rating": 1, "review_datetime": "2026-08-08T21:21:41+00:00", "review_duration": null}
00558	2026-08-09 06:21:58	easy	4	{"card_id": 558, "state": 2, "step": null, "stability": 8.2956, "difficulty": 1.0, "due": "2026-08-15T21:21:58+00:00", "last_review": "2026-08-08T21:21:58+00:00"}	{"card_id": 558, "rating": 4, "review_datetime": "2026-08-08T21:21:58+00:00", "review_duration": null}
00559	2026-08-09 06:22:12	easy	4	{"card_id": 559, "state": 2, "step": null, "stability": 8.2956, "difficulty": 1.0, "due": "2026-08-19T21:22:12+00:00", "last_review": "2026-08-08T21:22:12+00:00"}	{"card_id": 559, "rating": 4, "review_datetime": "2026-08-08T21:22:12+00:00", "review_duration": null}
00557	2026-08-09 06:22:46	easy	4	{"card_id": 557, "state": 2, "step": null, "stability": 0.42437996387663374, "difficulty": 5.200020369516838, "due": "2026-08-09T21:22:46+00:00", "last_review": "2026-08-08T21:22:46+00:00"}	{"card_id": 557, "rating": 4, "review_datetime": "2026-08-08T21:22:46+00:00", "review_duration": null}
00560	2026-08-09 06:22:52	easy	4	{"card_id": 560, "state": 2, "step": null, "stability": 8.2956, "difficulty": 1.0, "due": "2026-08-16T21:22:52+00:00", "last_review": "2026-08-08T21:22:52+00:00"}	{"card_id": 560, "rating": 4, "review_datetime": "2026-08-08T21:22:52+00:00", "review_duration": null}
00561	2026-08-09 06:23:02	easy	4	{"card_id": 561, "state": 2, "step": null, "stability": 8.2956, "difficulty": 1.0, "due": "2026-08-18T21:23:02+00:00", "last_review": "2026-08-08T21:23:02+00:00"}	{"card_id": 561, "rating": 4, "review_datetime": "2026-08-08T21:23:02+00:00", "review_duration": null}
00562	2026-08-09 06:23:32	easy	4	{"card_id": 562, "state": 2, "step": null, "stability": 8.2956, "difficulty": 1.0, "due": "2026-08-15T21:23:32+00:00", "last_review": "2026-08-08T21:23:32+00:00"}	{"card_id": 562, "rating": 4, "review_datetime": "2026-08-08T21:23:32+00:00", "review_duration": null}
00563	2026-08-09 06:24:13	easy	4	{"card_id": 563, "state": 2, "step": null, "stability": 8.2956, "difficulty": 1.0, "due": "2026-08-15T21:24:13+00:00", "last_review": "2026-08-08T21:24:13+00:00"}	{"card_id": 563, "rating": 4, "review_datetime": "2026-08-08T21:24:13+00:00", "review_duration": null}
00564	2026-08-09 06:26:18	easy	4	{"card_id": 564, "state": 2, "step": null, "stability": 8.2956, "difficulty": 1.0, "due": "2026-08-16T21:26:18+00:00", "last_review": "2026-08-08T21:26:18+00:00"}	{"card_id": 564, "rating": 4, "review_datetime": "2026-08-08T21:26:18+00:00", "review_duration": null}
00565	2026-08-09 06:26:56	easy	4	{"card_id": 565, "state": 2, "step": null, "stability": 8.2956, "difficulty": 1.0, "due": "2026-08-16T21:26:56+00:00", "last_review": "2026-08-08T21:26:56+00:00"}	{"card_id": 565, "rating": 4, "review_datetime": "2026-08-08T21:26:56+00:00", "review_duration": null}
00566	2026-08-09 06:27:35	easy	4	{"card_id": 566, "state": 2, "step": null, "stability": 8.2956, "difficulty": 1.0, "due": "2026-08-18T21:27:35+00:00", "last_review": "2026-08-08T21:27:35+00:00"}	{"card_id": 566, "rating": 4, "review_datetime": "2026-08-08T21:27:35+00:00", "review_duration": null}
00567	2026-08-09 06:29:04	easy	4	{"card_id": 567, "state": 2, "step": null, "stability": 8.2956, "difficulty": 1.0, "due": "2026-08-15T21:29:04+00:00", "last_review": "2026-08-08T21:29:04+00:00"}	{"card_id": 567, "rating": 4, "review_datetime": "2026-08-08T21:29:04+00:00", "review_duration": null}
00568	2026-08-09 06:31:07	easy	4	{"card_id": 568, "state": 2, "step": null, "stability": 8.2956, "difficulty": 1.0, "due": "2026-08-18T21:31:07+00:00", "last_review": "2026-08-08T21:31:07+00:00"}	{"card_id": 568, "rating": 4, "review_datetime": "2026-08-08T21:31:07+00:00", "review_duration": null}
00569	2026-08-09 06:34:19	easy	4	{"card_id": 569, "state": 2, "step": null, "stability": 8.2956, "difficulty": 1.0, "due": "2026-08-19T21:34:19+00:00", "last_review": "2026-08-08T21:34:19+00:00"}	{"card_id": 569, "rating": 4, "review_datetime": "2026-08-08T21:34:19+00:00", "review_duration": null}
00570	2026-08-09 06:44:23	easy	4	{"card_id": 570, "state": 2, "step": null, "stability": 8.2956, "difficulty": 1.0, "due": "2026-08-15T21:44:23+00:00", "last_review": "2026-08-08T21:44:23+00:00"}	{"card_id": 570, "rating": 4, "review_datetime": "2026-08-08T21:44:23+00:00", "review_duration": null}
00571	2026-08-09 06:45:26	easy	4	{"card_id": 571, "state": 2, "step": null, "stability": 8.2956, "difficulty": 1.0, "due": "2026-08-15T21:45:26+00:00", "last_review": "2026-08-08T21:45:26+00:00"}	{"card_id": 571, "rating": 4, "review_datetime": "2026-08-08T21:45:26+00:00", "review_duration": null}
00572	2026-08-09 06:46:46	easy	4	{"card_id": 572, "state": 2, "step": null, "stability": 8.2956, "difficulty": 1.0, "due": "2026-08-18T21:46:46+00:00", "last_review": "2026-08-08T21:46:46+00:00"}	{"card_id": 572, "rating": 4, "review_datetime": "2026-08-08T21:46:46+00:00", "review_duration": null}
00573	2026-08-09 07:00:40	easy	4	{"card_id": 573, "state": 2, "step": null, "stability": 8.2956, "difficulty": 1.0, "due": "2026-08-15T22:00:40+00:00", "last_review": "2026-08-08T22:00:40+00:00"}	{"card_id": 573, "rating": 4, "review_datetime": "2026-08-08T22:00:40+00:00", "review_duration": null}
00574	2026-08-09 07:01:02	easy	4	{"card_id": 574, "state": 2, "step": null, "stability": 8.2956, "difficulty": 1.0, "due": "2026-08-18T22:01:02+00:00", "last_review": "2026-08-08T22:01:02+00:00"}	{"card_id": 574, "rating": 4, "review_datetime": "2026-08-08T22:01:02+00:00", "review_duration": null}
00575	2026-08-09 07:03:04	easy	4	{"card_id": 575, "state": 2, "step": null, "stability": 8.2956, "difficulty": 1.0, "due": "2026-08-18T22:03:04+00:00", "last_review": "2026-08-08T22:03:04+00:00"}	{"card_id": 575, "rating": 4, "review_datetime": "2026-08-08T22:03:04+00:00", "review_duration": null}
00576	2026-08-09 07:03:16	easy	4	{"card_id": 576, "state": 2, "step": null, "stability": 8.2956, "difficulty": 1.0, "due": "2026-08-17T22:03:16+00:00", "last_review": "2026-08-08T22:03:16+00:00"}	{"card_id": 576, "rating": 4, "review_datetime": "2026-08-08T22:03:16+00:00", "review_duration": null}
00577	2026-08-09 07:04:29	easy	4	{"card_id": 577, "state": 2, "step": null, "stability": 8.2956, "difficulty": 1.0, "due": "2026-08-16T22:04:29+00:00", "last_review": "2026-08-08T22:04:29+00:00"}	{"card_id": 577, "rating": 4, "review_datetime": "2026-08-08T22:04:29+00:00", "review_duration": null}
00578	2026-08-09 07:05:46	easy	4	{"card_id": 578, "state": 2, "step": null, "stability": 8.2956, "difficulty": 1.0, "due": "2026-08-18T22:05:46+00:00", "last_review": "2026-08-08T22:05:46+00:00"}	{"card_id": 578, "rating": 4, "review_datetime": "2026-08-08T22:05:46+00:00", "review_duration": null}
00579	2026-08-09 07:06:21	easy	4	{"card_id": 579, "state": 2, "step": null, "stability": 8.2956, "difficulty": 1.0, "due": "2026-08-18T22:06:21+00:00", "last_review": "2026-08-08T22:06:21+00:00"}	{"card_id": 579, "rating": 4, "review_datetime": "2026-08-08T22:06:21+00:00", "review_duration": null}
00580	2026-08-09 07:06:39	easy	4	{"card_id": 580, "state": 2, "step": null, "stability": 8.2956, "difficulty": 1.0, "due": "2026-08-16T22:06:39+00:00", "last_review": "2026-08-08T22:06:39+00:00"}	{"card_id": 580, "rating": 4, "review_datetime": "2026-08-08T22:06:39+00:00", "review_duration": null}
00022	2026-08-09 07:08:34	easy	4	{"card_id": 22, "state": 2, "step": null, "stability": 2.894909132941031, "difficulty": 7.130939730064219, "due": "2026-08-12T22:08:34+00:00", "last_review": "2026-08-08T22:08:34+00:00"}	{"card_id": 22, "rating": 4, "review_datetime": "2026-08-08T22:08:34+00:00", "review_duration": null}
00031	2026-08-09 07:09:16	easy	4	{"card_id": 31, "state": 2, "step": null, "stability": 2.894909132941031, "difficulty": 7.130939730064219, "due": "2026-08-11T22:09:16+00:00", "last_review": "2026-08-08T22:09:16+00:00"}	{"card_id": 31, "rating": 4, "review_datetime": "2026-08-08T22:09:16+00:00", "review_duration": null}
00581	2026-08-09 07:10:07	easy	4	{"card_id": 581, "state": 2, "step": null, "stability": 8.2956, "difficulty": 1.0, "due": "2026-08-18T22:10:07+00:00", "last_review": "2026-08-08T22:10:07+00:00"}	{"card_id": 581, "rating": 4, "review_datetime": "2026-08-08T22:10:07+00:00", "review_duration": null}
00582	2026-08-09 07:11:32	easy	4	{"card_id": 582, "state": 2, "step": null, "stability": 8.2956, "difficulty": 1.0, "due": "2026-08-14T22:11:32+00:00", "last_review": "2026-08-08T22:11:32+00:00"}	{"card_id": 582, "rating": 4, "review_datetime": "2026-08-08T22:11:32+00:00", "review_duration": null}
00583	2026-08-09 07:13:07	easy	4	{"card_id": 583, "state": 2, "step": null, "stability": 8.2956, "difficulty": 1.0, "due": "2026-08-18T22:13:07+00:00", "last_review": "2026-08-08T22:13:07+00:00"}	{"card_id": 583, "rating": 4, "review_datetime": "2026-08-08T22:13:07+00:00", "review_duration": null}
00584	2026-08-09 07:15:51	easy	4	{"card_id": 584, "state": 2, "step": null, "stability": 8.2956, "difficulty": 1.0, "due": "2026-08-16T22:15:51+00:00", "last_review": "2026-08-08T22:15:51+00:00"}	{"card_id": 584, "rating": 4, "review_datetime": "2026-08-08T22:15:51+00:00", "review_duration": null}
00521	2026-08-09 07:21:41	easy	4	{"card_id": 521, "state": 2, "step": null, "stability": 5.388850133217119, "difficulty": 3.5813192253569843, "due": "2026-08-14T22:21:41+00:00", "last_review": "2026-08-08T22:21:41+00:00"}	{"card_id": 521, "rating": 4, "review_datetime": "2026-08-08T22:21:41+00:00", "review_duration": null}
00585	2026-08-09 07:24:59	easy	4	{"card_id": 585, "state": 2, "step": null, "stability": 8.2956, "difficulty": 1.0, "due": "2026-08-18T22:24:59+00:00", "last_review": "2026-08-08T22:24:59+00:00"}	{"card_id": 585, "rating": 4, "review_datetime": "2026-08-08T22:24:59+00:00", "review_duration": null}
00586	2026-08-09 07:25:08	easy	4	{"card_id": 586, "state": 2, "step": null, "stability": 8.2956, "difficulty": 1.0, "due": "2026-08-16T22:25:08+00:00", "last_review": "2026-08-08T22:25:08+00:00"}	{"card_id": 586, "rating": 4, "review_datetime": "2026-08-08T22:25:08+00:00", "review_duration": null}
00039	2026-08-09 07:32:14	easy	4	{"card_id": 39, "state": 2, "step": null, "stability": 1.173774759415389, "difficulty": 9.00752025253752, "due": "2026-08-09T22:32:14+00:00", "last_review": "2026-08-08T22:32:14+00:00"}	{"card_id": 39, "rating": 4, "review_datetime": "2026-08-08T22:32:14+00:00", "review_duration": null}
00587	2026-08-09 07:33:51	easy	4	{"card_id": 587, "state": 2, "step": null, "stability": 8.2956, "difficulty": 1.0, "due": "2026-08-14T22:33:51+00:00", "last_review": "2026-08-08T22:33:51+00:00"}	{"card_id": 587, "rating": 4, "review_datetime": "2026-08-08T22:33:51+00:00", "review_duration": null}
00588	2026-08-09 07:36:25	easy	4	{"card_id": 588, "state": 2, "step": null, "stability": 8.2956, "difficulty": 1.0, "due": "2026-08-15T22:36:25+00:00", "last_review": "2026-08-08T22:36:25+00:00"}	{"card_id": 588, "rating": 4, "review_datetime": "2026-08-08T22:36:25+00:00", "review_duration": null}
00589	2026-08-09 07:38:15	easy	4	{"card_id": 589, "state": 2, "step": null, "stability": 8.2956, "difficulty": 1.0, "due": "2026-08-18T22:38:15+00:00", "last_review": "2026-08-08T22:38:15+00:00"}	{"card_id": 589, "rating": 4, "review_datetime": "2026-08-08T22:38:15+00:00", "review_duration": null}
00590	2026-08-09 07:38:21	easy	4	{"card_id": 590, "state": 2, "step": null, "stability": 8.2956, "difficulty": 1.0, "due": "2026-08-17T22:38:21+00:00", "last_review": "2026-08-08T22:38:21+00:00"}	{"card_id": 590, "rating": 4, "review_datetime": "2026-08-08T22:38:21+00:00", "review_duration": null}
00591	2026-08-09 07:39:03	easy	4	{"card_id": 591, "state": 2, "step": null, "stability": 8.2956, "difficulty": 1.0, "due": "2026-08-16T22:39:03+00:00", "last_review": "2026-08-08T22:39:03+00:00"}	{"card_id": 591, "rating": 4, "review_datetime": "2026-08-08T22:39:03+00:00", "review_duration": null}
00592	2026-08-09 07:41:13	easy	4	{"card_id": 592, "state": 2, "step": null, "stability": 8.2956, "difficulty": 1.0, "due": "2026-08-19T22:41:13+00:00", "last_review": "2026-08-08T22:41:13+00:00"}	{"card_id": 592, "rating": 4, "review_datetime": "2026-08-08T22:41:13+00:00", "review_duration": null}
00593	2026-08-09 07:42:29	easy	4	{"card_id": 593, "state": 2, "step": null, "stability": 8.2956, "difficulty": 1.0, "due": "2026-08-14T22:42:29+00:00", "last_review": "2026-08-08T22:42:29+00:00"}	{"card_id": 593, "rating": 4, "review_datetime": "2026-08-08T22:42:29+00:00", "review_duration": null}
00594	2026-08-09 07:45:05	easy	4	{"card_id": 594, "state": 2, "step": null, "stability": 8.2956, "difficulty": 1.0, "due": "2026-08-19T22:45:05+00:00", "last_review": "2026-08-08T22:45:05+00:00"}	{"card_id": 594, "rating": 4, "review_datetime": "2026-08-08T22:45:05+00:00", "review_duration": null}
00595	2026-08-09 07:45:55	easy	4	{"card_id": 595, "state": 2, "step": null, "stability": 8.2956, "difficulty": 1.0, "due": "2026-08-15T22:45:55+00:00", "last_review": "2026-08-08T22:45:55+00:00"}	{"card_id": 595, "rating": 4, "review_datetime": "2026-08-08T22:45:55+00:00", "review_duration": null}
00596	2026-08-09 07:48:25	easy	4	{"card_id": 596, "state": 2, "step": null, "stability": 8.2956, "difficulty": 1.0, "due": "2026-08-14T22:48:25+00:00", "last_review": "2026-08-08T22:48:25+00:00"}	{"card_id": 596, "rating": 4, "review_datetime": "2026-08-08T22:48:25+00:00", "review_duration": null}
00597	2026-08-09 07:49:52	easy	4	{"card_id": 597, "state": 2, "step": null, "stability": 8.2956, "difficulty": 1.0, "due": "2026-08-18T22:49:52+00:00", "last_review": "2026-08-08T22:49:52+00:00"}	{"card_id": 597, "rating": 4, "review_datetime": "2026-08-08T22:49:52+00:00", "review_duration": null}
00598	2026-08-09 07:50:36	easy	4	{"card_id": 598, "state": 2, "step": null, "stability": 8.2956, "difficulty": 1.0, "due": "2026-08-16T22:50:36+00:00", "last_review": "2026-08-08T22:50:36+00:00"}	{"card_id": 598, "rating": 4, "review_datetime": "2026-08-08T22:50:36+00:00", "review_duration": null}
00599	2026-08-09 07:51:57	easy	4	{"card_id": 599, "state": 2, "step": null, "stability": 8.2956, "difficulty": 1.0, "due": "2026-08-18T22:51:57+00:00", "last_review": "2026-08-08T22:51:57+00:00"}	{"card_id": 599, "rating": 4, "review_datetime": "2026-08-08T22:51:57+00:00", "review_duration": null}
00600	2026-08-09 07:54:16	easy	4	{"card_id": 600, "state": 2, "step": null, "stability": 8.2956, "difficulty": 1.0, "due": "2026-08-18T22:54:16+00:00", "last_review": "2026-08-08T22:54:16+00:00"}	{"card_id": 600, "rating": 4, "review_datetime": "2026-08-08T22:54:16+00:00", "review_duration": null}
