name	fr-jp-esp                                                                       
n-session	000004
00001	2026-08-14 06:31:12	0001	0002	plaindre (se plaindre)	v.\t\t불쌍히 여기다; 불평하다\t哀れむ; 不平を言う (awaremu; fuhei o iu)\texprimer de la compassion; protester\tto pity; to complain\tkompati; plendi
00002	2026-08-16 06:32:11	0001	0002	les chefs-d'œuvre	n.\t\t걸작들\t傑作 (kessaku)\tœuvres remarquables\tmasterpieces\tmajstroverkoj
00003	2026-08-16 06:33:09	0001	0002	les guirlandes lumineuses	n.\t\t전구 장식줄; 조명 가랜드\t電飾; イルミネーション (denshoku; iruminēshon)\tcordons décoratifs éclairés\tlight garlands; string lights\tlumaj girlandoj
00004	2026-08-15 06:33:41	0001	0002	古文書	n.\tkomonjo\t고문서\t\tdocuments anciens; archives anciennes\tancient documents; old manuscripts\tmalnovaj dokumentoj; antikvaj manuskriptoj
00005	2026-08-11 06:44:29	0002	0003	あんまり	adv.\tanmari\t별로; 그다지; 너무\t\tpas beaucoup; pas tellement; trop\tnot much; not really; too much\tne multe; ne tre; tro
00006	2026-08-16 06:34:38	0001	0002	本当に	adv.\thontō ni\t정말로; 진짜로\t\tvraiment; réellement\treally; truly\tvere
00007	2026-08-14 06:34:48	0001	0002	je sais même pas	표현\t\t나도 모르겠어; 전혀 모르겠어\t全然分からない (zenzen wakaranai)\tje ne sais même pas\tI don't even know\tmi eĉ ne scias
00008	2026-08-16 06:35:11	0001	0002	おっと	acc.\totto\t앗; 이런; 어이쿠\t\toh !; oups !\toops; whoa\thop; ups
00009	2026-08-14 06:35:21	0001	0002	字幕版	n.\tjimakuban\t자막판\t\tversion sous-titrée\tsubtitled version\tsubtekstigita versio
00010	2026-08-14 06:35:42	0001	0002	ほらほら	acc.\thora hora\t자자; 봐봐; 거봐\t\tallez; regarde; tu vois\tcome on; look; see there\tvenu; rigardu
00011	2026-08-16 06:36:10	0001	0002	グラフィック	n.\tgurafikku\t그래픽; 도형 표현\t\tgraphisme; graphique\tgraphics; graphic design\tgrafiko; grafikaĵo
00012	2026-08-14 06:36:19	0001	0002	植物	n.\tshokubutsu\t식물\t\tplante\tplant\tplanto
00013	2026-08-17 06:36:28	0001	0002	画面を見る時間	명사구\tgamen o miru jikan\t화면을 보는 시간; 스크린 타임\t\ttemps passé devant l'écran\tscreen time\tekrantempo
00014	2026-08-14 06:36:49	0001	0002	巣	n.\tsu\t둥지; 집; 소굴\t\tnid; repaire\tnest; den\tnesto; kuŝejo
00015	2026-08-13 06:37:23	0001	0002	le quartier	n.\t\t동네; 구역; 지구\t地区; 近所 (chiku; kinjo)\tpartie d'une ville; voisinage\tneighborhood; district\tkvartalo
00016	2026-08-15 06:37:48	0001	0002	se faire mal	동사구\t\t다치다; 아프게 하다\t怪我をする; 痛める (kega o suru; itameru)\tse blesser\tto hurt oneself; get injured\tvundi sin
00017	2026-08-12 06:50:46	0002	0003	la couronne	n.\t\t왕관; 화관; 리스\t王冠; 花冠; リース (ōkan; kakan; rīsu)\tornement circulaire porté sur la tête\tcrown; wreath\tkrono; florkrono
00018	2026-08-14 06:39:54	0001	0002	exprimer	v.\t\t표현하다\t表現する (hyōgen suru)\tfaire connaître une pensée ou un sentiment\tto express\tesprimi
00019	2026-08-14 06:40:19	0001	0002	magazines people	명사구\t\t연예·가십 잡지\t芸能雑誌; ゴシップ雑誌 (geinō zasshi; goshippu zasshi)\tmagazines consacrés aux célébrités\tcelebrity magazines\tfamulgazetoj
00020	2026-08-13 06:54:23	0003	0004	生地	n.\tkiji\t반죽; 천; 원단\t\tpâte; tissu\tdough; fabric\tpasto; ŝtofo
00021	2026-08-15 06:41:35	0001	0002	bijouterie	n.\t\t보석상; 장신구점; 보석 세공\t宝石店; 宝飾 (hōsekiten; hōshoku)\tcommerce ou fabrication de bijoux\tjewelry store; jewelry making\tjuvelvendejo; juvelarto
00022	2026-08-13 07:08:34	0005	0004	細かい	い형용사\tkomakai\t세세하다; 작다; 꼼꼼하다\t\tfin; détaillé; minutieux\tfine; detailed; meticulous\tdetala; fajna
00023	2026-08-15 06:42:04	0001	0002	gratter	v.\t\t긁다; 문지르다; 긁어내다\t掻く; 削る (kaku; kezuru)\tfrotter avec les ongles ou un outil\tto scratch; scrape\tgrati; skrapi
00024	2026-08-18 06:43:06	0001	0002	天気予報	n.\ttenki yohō\t일기예보\t\tprévisions météo\tweather forecast\tveterprognozo
00025	2026-08-17 06:43:25	0001	0002	passer à table	관용표현\t\t식탁에 앉다; 식사를 시작하다\t食卓につく (shokutaku ni tsuku)\tcommencer le repas\tto sit down to eat; start the meal\tektabliĝi; komenci manĝi
00026	2026-08-15 06:44:02	0001	0002	débutant/débutante	명사·형용사\t\t초보자; 초보의\t初心者; 初心者の (shoshinsha; shoshinsha no)\tpersonne qui commence\tbeginner; novice\tkomencanto; novulo
00027	2026-08-13 06:55:17	0002	0003	変更	명사·동사\thenkō\t변경; 바꿈\t\tchangement; modification\tchange; modification\tŝanĝo; modifo
00028	2026-08-13 06:44:58	0001	0002	avoir envie de	동사구\t\t~하고 싶다; ~이 당기다\t〜したい; 欲しい (shitai; hoshii)\tdésirer; souhaiter\tto feel like; want to\temi; deziri
00029	2026-08-16 06:45:30	0001	0002	fard à paupières	n.\t\t아이섀도\tアイシャドウ (aishadō)\tmaquillage appliqué sur les paupières\teye shadow\tokulombraĵo
00030	2026-08-14 06:54:57	0003	0004	角	n.\tkado\t모퉁이; 구석; 각\t\tcoin; angle\tcorner; angle\tangulo; stratangulo
00031	2026-08-12 07:09:16	0005	0004	振り返る	v.\tfurikaeru\t뒤돌아보다; 되돌아보다\t\tse retourner; repenser à\tto look back; reflect\trigardi malantaŭen; retrorigardi
00032	2026-08-16 06:47:47	0001	0002	認める	v.\tmitomeru\t인정하다; 허가하다; 알아보다\t\treconnaître; admettre; autoriser\tto recognize; admit; approve\trekoni; konfesi; permesi
00033	2026-08-14 06:48:20	0001	0002	la photosynthèse	n.\t\t광합성\t光合成 (kōgōsei)\tprocessus par lequel les plantes utilisent la lumière\tphotosynthesis\tfotosintezo
00034	2026-08-17 06:49:04	0001	0002	遅れちゃった	동사표현\tokurechatta\t늦어 버렸다; 지각했다\t\tje suis arrivé(e) en retard; j'ai pris du retard\tI ended up late; I was late\tmi malfruiĝis
00035	2026-08-14 06:59:50	0003	0004	se fixer des buts	동사구\t\t목표를 세우다\t目標を立てる (mokuhyō o tateru)\tdéfinir des objectifs\tto set goals\tstarigi celojn
00036	2026-08-13 07:01:05	0003	0004	ほとんど	adv.\thotondo\t거의; 대부분\t\tpresque; la plupart\talmost; mostly\tpreskaŭ; plejparte
00037	2026-08-13 06:51:43	0001	0002	験を担ぐ	동사구\tgen o katsugu\t징크스를 믿고 길조를 따르다\t\tchercher à attirer la chance; être superstitieux\tto follow a lucky superstition\tsekvi bonŝancan superstiĉon
00038	2026-08-15 06:52:51	0001	0002	c'est pas mon truc	관용표현\t\t그건 내 취향이 아니다; 내 분야가 아니다\t私の好みじゃない (watashi no konomi janai)\tce n'est pas ce que j'aime ou maîtrise\tit's not my thing\tĝi ne estas mia afero
00039	2026-08-10 07:32:14	0006	0004	ごとに	조사·문법표현\tgoto ni\t~마다; ~별로\t\tchaque; tous les\teach; every\tĉiu; po
00040	2026-08-16 06:53:44	0001	0002	水やり	n.\tmizuyari\t물주기\t\tarrosage\twatering\takvumado
00041	2026-08-14 06:54:53	0001	0002	ネット通販	n.\tnetto tsūhan\t인터넷 통신판매; 온라인 쇼핑\t\tcommerce en ligne; achats en ligne\tonline shopping; e-commerce\treta komerco; reta aĉetado
00042	2026-08-18 06:57:46	0001	0002	arrêter	v.\t\t멈추다; 그만두다; 체포하다\t止める; やめる; 逮捕する (tomeru; yameru; taiho suru)\tcesser; stopper; interpeller\tto stop; quit; arrest\thaltigi; ĉesi; aresti
00043	2026-08-14 07:03:42	0003	0004	冬の風物詩	명사구\tfuyu no fūbutsushi\t겨울의 대표적 풍경·풍물\t\ttradition ou image typique de l'hiver\twinter tradition; seasonal symbol\tvintra tradicio; vintra simbolo
00044	2026-08-10 07:10:02	0002	0003	嫌がらせ	n.\tiyagarase\t괴롭힘; 방해; 행패\t\tharcèlement; nuisance\tharassment; bullying\tĉikanado; ĝenado
00045	2026-08-15 07:00:27	0001	0002	panneaux solaires	n.\t\t태양광 패널\tソーラーパネル (sōrā paneru)\tdispositifs produisant de l'énergie solaire\tsolar panels\tsunpaneloj
00046	2026-08-15 07:01:25	0001	0002	entraînant	형용사\t\t신나는; 흥을 돋우는\t乗りのいい; 心を引きつける (nori no ii; kokoro o hikitsukeru)\tqui donne envie de suivre le rythme\tcatchy; lively; rousing\tritma; entuziasmiga
00047	2026-08-17 07:02:19	0001	0002	店	n.\tmise\t가게; 상점\t\tmagasin; boutique\tshop; store\tbutiko; vendejo
00048	2026-08-16 07:02:35	0001	0002	ouvrir un parapluie à l'intérieur	동사구\t\t실내에서 우산을 펴다\t室内で傘を開く (shitsunai de kasa o hiraku)\tdéployer un parapluie à l'intérieur\tto open an umbrella indoors\tmalfermi ombrelon endome
00049	2026-08-14 07:10:08	0003	0004	もうすぐ	adv.\tmō sugu\t곧; 이제 곧\t\tbientôt; d'ici peu\tsoon; shortly\tbaldaŭ
00050	2026-08-15 07:03:41	0001	0002	記録	명사·동사\tkiroku\t기록; 기록하다\t\tenregistrement; record; noter\trecord; documentation; to record\trekordo; registri
00051	2026-08-15 07:03:59	0001	0002	リラックスできる	동사표현\trirakkusu dekiru\t편안히 쉴 수 있다\t\tpouvoir se détendre\tcan relax\tpovi malstreĉiĝi
00052	2026-08-13 07:04:46	0001	0002	un déguisement	n.\t\t변장; 코스튬\t仮装; 変装 (kasō; hensō)\tcostume porté pour se transformer\tdisguise; costume\tbalmasko; alivesto
00053	2026-08-17 07:05:21	0001	0002	企画する	v.\tkikaku suru\t기획하다\t\tplanifier; concevoir un projet\tto plan; devise\tplani; projekti
00054	2026-08-16 07:05:41	0001	0002	胃もたれ	n.\timotare\t위가 더부룩함; 소화불량\t\tlourdeur d'estomac; indigestion\tstomach heaviness; indigestion\tstomaka pezo; misdigestado
00055	2026-08-13 07:11:21	0003	0004	trier le linge	동사구\t\t빨래를 분류하다\t洗濯物を分ける (sentakumono o wakeru)\tséparer le linge par type ou couleur\tto sort the laundry\tsortigi la lavotaĵon
00056	2026-08-16 07:07:39	0001	0002	le billet	n.\t\t표; 티켓; 지폐; 짧은 글\t切符; 紙幣; 記事 (kippu; shihei; kiji)\ttitre de transport; ticket; petit texte\tticket; banknote; note\tbileto; monbileto
00057	2026-08-16 07:08:37	0001	0002	だんだん	adv.\tdandan\t점점; 차츰\t\tpeu à peu; progressivement\tgradually; little by little\tiom post iom; grade
00058	2026-08-15 07:08:52	0001	0002	plier le linge	동사구\t\t빨래를 개다\t洗濯物を畳む (sentakumono o tatamu)\treplier les vêtements lavés\tto fold laundry\tfaldi la lavotaĵon
00059	2026-08-13 07:09:29	0001	0002	consensus	n.\t\t합의; 의견 일치\t合意; 意見の一致 (gōi; iken no itchi)\taccord général\tconsensus; general agreement\tinterkonsento
00060	2026-08-14 07:09:48	0001	0002	よく	adv.\tyoku\t잘; 자주; 충분히\t\tbien; souvent\twell; often\tbone; ofte
00061	2026-08-18 07:10:30	0001	0002	mettre un bonnet	동사구\t\t비니·모자를 쓰다\t帽子をかぶる (bōshi o kaburu)\tse couvrir la tête avec un bonnet\tto put on a beanie/hat\tsurmeti ĉapon
00062	2026-08-16 07:10:49	0001	0002	用意する	v.\tyōi suru\t준비하다; 마련하다\t\tpréparer; disposer\tto prepare; arrange\tprepari; aranĝi
00063	2026-08-16 07:10:56	0001	0002	交通事故	n.\tkōtsū jiko\t교통사고\t\taccident de la circulation\ttraffic accident\ttrafikakcidento
00064	2026-08-16 07:11:06	0001	0002	クリスマスツリー	n.\tkurisumasu tsurī\t크리스마스트리\t\tsapin de Noël\tChristmas tree\tkristnaska arbo
00065	2026-08-18 07:12:20	0001	0002	être congelé(e)	동사·형용사\t\t얼어 있다; 냉동되다\t凍っている; 冷凍されている (kōtte iru; reitō sarete iru)\têtre gelé ou conservé par le froid\tto be frozen\testi frostigita
00066	2026-08-14 07:13:06	0001	0002	être en sueur	동사구\t\t땀에 젖다; 땀투성이다\t汗だくである (asedaku de aru)\ttranspirer abondamment\tto be sweaty\testi ŝvita
00067	2026-08-15 07:13:29	0001	0002	全然	adv.\tzenzen\t전혀; 완전히\t\tpas du tout; complètement\tnot at all; entirely\t tute ne; tute
00068	2026-08-14 07:13:47	0001	0002	年末調整	n.\tnenmatsu chōsei\t연말정산\t\trégularisation fiscale de fin d'année\tyear-end tax adjustment\tjarfina impostĝustigo
00069	2026-08-16 07:15:02	0001	0002	ça sent bon	표현\t\t좋은 냄새가 난다\tいい匂いがする (ii nioi ga suru)\tl'odeur est agréable\tit smells good\tĝi bonodoras
00070	2026-08-16 07:15:44	0001	0002	期限	n.\tkigen\t기한; 유효기간\t\tdélai; date limite\tdeadline; time limit\tlimdato; tempolimo
00071	2026-08-17 07:16:17	0001	0002	se lever	v.\t\t일어나다; 기상하다\t起きる; 立ち上がる (okiru; tachiagaru)\tquitter le lit ou se mettre debout\tto get up; stand up\tellitiĝi; ekstari
00072	2026-08-15 07:20:58	0001	0002	bûche	n.\t\t통나무; 장작; 부슈 케이크\t丸太; 薪; ブッシュ・ド・ノエル (maruta; maki; busshu do noeru)\tmorceau de bois; gâteau roulé de Noël\tlog; Yule log cake\tŝtipo; kristnaska rulkuko
00073	2026-08-16 07:21:09	0001	0002	tout déchirer	관용표현\t\t완전히 찢다; 엄청 잘하다\t全部破る; 大成功する (zenbu yaburu; daiseikō suru)\tdéchirer entièrement; réussir brillamment\tto tear everything up; crush it\tŝiri ĉion; brile sukcesi
00074	2026-08-10 07:26:58	0004	0004	気に入る	v.\tki ni iru\t마음에 들다\t\tplaire; aimer\tto like; be pleased with\tplaĉi
00075	2026-08-15 07:22:26	0001	0002	火の番	n.\thi no ban\t불 지키기; 화기 당번\t\tsurveillance du feu\tfire watch\tfajrogardado
00076	2026-08-14 07:22:50	0001	0002	電気代	n.\tdenki-dai\t전기요금\t\tfacture d'électricité\telectricity bill\telektra fakturo
00077	2026-08-17 07:23:05	0001	0002	la sueur coule	표현\t\t땀이 흐른다\t汗が流れる (ase ga nagareru)\tla transpiration ruisselle\tsweat is running down\tŝvito fluas
00078	2026-08-14 07:23:33	0001	0002	bouger	v.\t\t움직이다\t動く; 動かす (ugoku; ugokasu)\tse déplacer; remuer\tto move\tmoviĝi; movi
00079	2026-08-17 07:23:46	0001	0002	当選	명사·동사\ttōsen\t당선; 당첨\t\télection; gain au tirage\tbeing elected; winning a draw\telektiĝo; loteria gajno
00080	2026-08-16 07:24:01	0001	0002	仮装	명사·동사\tkasō\t분장; 변장; 코스튬\t\tdéguisement; se costumer\tdisguise; costume\talivesto; maskovesto
00081	2026-08-18 07:24:12	0001	0002	遅い	い형용사\tosoi\t늦다; 느리다\t\ttardif; lent\tlate; slow\tmalfrua; malrapida
00082	2026-08-13 07:24:25	0001	0002	噛む	v.\tkamu\t씹다; 물다\t\tmâcher; mordre\tto chew; bite\tmaĉi; mordi
00083	2026-08-18 07:24:30	0001	0002	ぴったり	부사·な형용사\tpittari\t딱 맞게; 꼭 맞는\t\tparfaitement; juste à la bonne taille\tperfectly; exactly fitting\tĝuste; perfekte taŭga
00084	2026-08-17 07:24:50	0001	0002	幸い	명사·부사\tsaiwai\t다행; 다행히; 행복\t\theureusement; bonheur\tfortunately; happiness\tfeliĉe; feliĉo
00085	2026-08-15 07:26:00	0001	0002	m'aurait rendu triste	동사구\t\t나를 슬프게 했을 것이다\t私を悲しませただろう (watashi o kanashimaseta darō)\taurait causé ma tristesse\twould have made me sad\testus malĝojiginta min
00086	2026-08-10 07:41:13	0002	0003	どうやら	adv.\tdōyara\t아무래도; 보아하니\t\tapparemment; semble-t-il\tapparently; it seems\tŝajne
00087	2026-08-13 07:27:54	0001	0002	mouillé(e) trempé(e)	형용사\t\t흠뻑 젖은\tびしょ濡れの; ずぶ濡れの (bishonure no; zubunure no)\tcomplètement imbibé d'eau\tsoaking wet\tmalseka ĝisfunde
00088	2026-08-15 07:29:29	0001	0002	un remboursement	n.\t\t환불; 상환\t返金; 払い戻し (henkin; haraimodoshi)\trestitution d'une somme payée\trefund; reimbursement\trepago; repagigo
00089	2026-08-15 07:30:24	0001	0002	不正アクセス	n.\tfusei akusesu\t부정 접속; 무단 접근\t\taccès frauduleux; accès non autorisé\tunauthorized access\tnelaŭleĝa aliro
00090	2026-08-16 07:34:02	0001	0002	un menteur	n.\t\t거짓말쟁이\t嘘つき (usotsuki)\tpersonne qui ment\tliar\tmensogulo
00091	2026-08-13 07:34:24	0001	0002	j'ai failli	동사표현\t\t하마터면 ~할 뻔했다\t危うく〜するところだった (ayauku suru tokoro datta)\tj'ai été sur le point de\tI almost; I nearly\tmi preskaŭ
00092	2026-08-13 07:36:31	0001	0002	si ça me permet de	접속표현\t\t그것으로 내가 ~할 수 있다면\tそれで〜できるなら (sore de dekiru nara)\tsi cela me donne la possibilité de\tif it allows me to\tse tio ebligas al mi
00093	2026-08-13 07:36:51	0001	0002	葉	n.\tha\t잎; 나뭇잎\t\tfeuille\tleaf\tfolio
00094	2026-08-12 08:02:19	0002	0003	おや	acc.\toya\t어라; 어머\t\ttiens !; oh !\toh; well now\tho; jen
00095	2026-08-14 13:20:48	0003	0004	食らう	v.\tkurau\t먹어치우다; 얻어맞다; 당하다\t\tbouffer; recevoir; subir\tto devour; take a blow; suffer\tvoradi; ricevi baton; suferi
00096	2026-08-16 08:02:44	0001	0002	満腹	명사·な형용사\tmanpuku\t배부름; 만복\t\tsatiété; rassasié\tfull stomach; satiated\tsateco; sata
00097	2026-08-13 08:02:58	0001	0002	ペット	n.\tpetto\t반려동물\t\tanimal de compagnie\tpet\tdorlotbesto
00098	2026-08-16 08:03:04	0001	0002	閉じる	v.\ttojiru\t닫다; 감다; 덮다\t\tfermer\tto close\tfermi
00099	2026-08-17 08:03:09	0001	0002	お正月飾り	n.\toshōgatsu kazari\t설날 장식; 새해 장식\t\tdécorations du Nouvel An\tNew Year decorations\tnovjaraj ornamaĵoj
00100	2026-08-15 08:03:17	0001	0002	いつか	adv.\titsuka\t언젠가; 어느 날\t\tun jour; tôt ou tard\tsomeday; one day\tiam
00101	2026-08-13 08:03:32	0001	0002	ソムリエ	n.\tsomurie\t소믈리에\t\tsommelier; sommelière\tsommelier\tsomeliero
00102	2026-08-17 08:03:50	0001	0002	échec	n.\t\t실패; 체스\t失敗; チェス (shippai; chesu)\tinsuccès; jeu d'échecs\tfailure; chess\tmalsukceso; ŝako
00103	2026-08-17 08:04:20	0001	0002	挫折	명사·동사\tzasetsu\t좌절; 실패\t\téchec; découragement\tsetback; frustration\tmalsukceso; senkuraĝiĝo
00104	2026-08-15 08:04:38	0001	0002	やり直す	v.\tyarinaosu\t다시 하다; 재시도하다\t\trecommencer; refaire\tto redo; start over\trefari; rekomenci
00105	2026-08-16 08:04:45	0001	0002	する	v.\tsuru\t하다\t\tfaire\tto do\tfari
00106	2026-08-16 08:04:49	0001	0002	caresser	v.\t\t쓰다듬다\t撫でる (naderu)\tpasser doucement la main sur\tto stroke; caress\tkaresi
00107	2026-08-14 08:05:13	0001	0002	se souvenir de	동사구\t\t~을 기억하다\t〜を覚えている; 思い出す (o oboete iru; omoidasu)\tgarder ou retrouver en mémoire\tto remember\tmemori
00108	2026-08-13 08:05:28	0001	0002	reconnaître	v.\t\t알아보다; 인정하다\t見分ける; 認める (miwakeru; mitomeru)\tidentifier; admettre\tto recognize; acknowledge\trekoni; agnoski
00109	2026-08-13 13:21:20	0003	0004	伝統行事	n.\tdentō gyōji\t전통 행사\t\tcérémonie traditionnelle; fête traditionnelle\ttraditional event\ttradicia evento
00110	2026-08-15 08:06:04	0001	0002	めくれ始めたら	동사표현\tmekure hajimetara\t벗겨지기 시작하면; 말려 올라가기 시작하면\t\tquand ça commence à se décoller\twhen it starts peeling/curling up\tkiam ĝi komencas senŝeliĝi
00111	2026-08-12 13:21:48	0003	0003	la serre	n.\t\t온실; 발톱\t温室; 鉤爪 (onshitsu; kagizume)\tconstruction vitrée pour plantes; griffe\tgreenhouse; talon\tforcejo; ungego
00112	2026-08-14 08:07:38	0001	0002	郵便	n.\tyūbin\t우편; 우편물\t\tcourrier; poste\tmail; postal service\tpoŝto
00113	2026-08-12 13:25:42	0003	0003	être gêné	동사·형용사\t\t당황하다; 불편하다; 난처하다\t困る; 気まずい (komaru; kimazui)\tse sentir embarrassé ou incommodé\tto be embarrassed; uncomfortable\testi embarasita
00114	2026-08-16 08:08:41	0001	0002	ネタ	n.\tneta\t소재; 화제; 개그거리; 초밥 재료\t\tsujet; idée; gag; garniture de sushi\tmaterial; topic; joke; sushi topping\ttemo; materialo; ŝerco
00115	2026-08-16 08:09:00	0001	0002	隠し場所	n.\tkakushi basho\t숨겨 둔 장소; 은신처\t\tcachette\thiding place\tkaŝejo
00116	2026-08-14 08:09:35	0001	0002	ruban	n.\t\t리본; 띠\tリボン; 帯 (ribon; obi)\tbande étroite de tissu\tribbon\t rubando
00117	2026-08-16 08:09:43	0001	0002	mes poumons	명사구\t\t내 폐\t私の肺 (watashi no hai)\tmes organes respiratoires\tmy lungs\tmiaj pulmoj
00118	2026-08-13 08:19:57	0002	0003	大掃除	명사・동사\tōsōji\t대청소\t\tgrand nettoyage; ménage général\tmajor cleaning; deep clean\tgranda purigado
00119	2026-08-14 08:10:03	0001	0002	まるで	adv.\tmarude\t마치; 전혀\t\tcomme si; tout à fait\tjust like; as if; entirely\tkvazaŭ; tute
00120	2026-08-14 08:10:22	0001	0002	le chauffage	n.\t\t난방; 난방기\t暖房 (danbō)\tsystème qui chauffe un lieu\theating\thejtado
00121	2026-08-13 08:10:36	0001	0002	片付ける	v.\tkatazukeru\t정리하다; 치우다; 해결하다\t\tranger; débarrasser; régler\tto tidy up; put away; settle\tordigi; forigi; solvi
00122	2026-08-17 08:10:46	0001	0002	夜型人間	n.\tyorugata ningen\t야행성 인간; 저녁형 인간\t\tcouche-tard; personne du soir\tnight owl\tnokta homo
00123	2026-08-17 08:11:00	0001	0002	le degré	n.\t\t도; 정도; 각도; 학위\t度; 程度; 角度; 学位 (do; teido; kakudo; gakui)\tunité, niveau ou grade\tdegree; level\tgrado; nivelo
00124	2026-08-16 08:11:17	0001	0002	le grand écran	명사구\t\t대형 화면; 영화관 스크린\t大画面; 映画スクリーン (daigamen; eiga suk urīn)\tgrand dispositif d'affichage; écran de cinéma\tbig screen; cinema screen\tgranda ekrano
00125	2026-08-16 08:11:41	0001	0002	後悔	명사·동사\tkōkai\t후회\t\tregret\tregret\tbedaŭro
00126	2026-08-15 08:11:49	0001	0002	冷静さ	n.\treiseisa\t냉정함; 침착함\t\tsang-froid; calme\tcomposure; calmness\ttrankvileco; sinregado
00127	2026-08-17 08:12:09	0001	0002	le bouchon	n.\t\t마개; 코르크; 교통 체증\t栓; コルク; 渋滞 (sen; koruku; jūtai)\tobjet qui ferme; embouteillage\tstopper; cork; traffic jam\tŝtopilo; trafikŝtopiĝo
00128	2026-08-16 08:12:39	0001	0002	公演	명사・동사\tkōen\t공연; 상연\t\treprésentation; spectacle\tperformance; show\tprezentado; spektaklo
00129	2026-08-18 08:13:23	0001	0002	事態	n.\tjitai\t사태; 상황\t\tsituation; état de choses\tsituation; state of affairs\tsituacio
00130	2026-08-13 08:13:35	0001	0002	un échantillon gratuit	명사구\t\t무료 샘플\t無料サンプル; 試供品 (muryō sanpuru; shikyōhin)\tpetite quantité offerte sans paiement\tfree sample\tsenpaga provaĵo
00131	2026-08-15 08:13:58	0001	0002	de dingue	형용표현\t\t미친 듯한; 엄청난\tすごい; とんでもない (sugoi; tondemonai)\tincroyable; extraordinaire\tcrazy; amazing\tfreneza; nekredebla
00132	2026-08-14 08:14:21	0001	0002	仮装パーティー	n.\tkasō pātī\t코스튬 파티; 가면무도회\t\tfête costumée\tcostume party\tmaskobalo
00133	2026-08-14 08:14:25	0001	0002	ついに	adv.\ttsui ni\t마침내; 드디어\t\tenfin; finalement\tfinally; at last\tfine
00134	2026-08-09 13:39:29	0004	0002	もう	adv.\tmō\t이미; 벌써; 이제; 더\t\tdéjà; encore; désormais\talready; more; now\tjam; plu
00135	2026-08-14 08:14:46	0001	0002	選べる	v.\teraberu\t고를 수 있다\t\tpouvoir choisir\tcan choose\tpovi elekti
00136	2026-08-17 08:14:52	0001	0002	出たら	동사표현\tdetara\t나오면; 나갔을 때\t\tsi/quand ça sort; si tu sors\tif/when it comes out; if you leave\tse/kiam ĝi eliras
00137	2026-08-14 08:15:00	0001	0002	開いた	v.\thiraita\t열었다; 열렸다; 펼쳤다\t\ta ouvert; s'est ouvert\topened; was opened\tmalfermis; malfermiĝis
00138	2026-08-12 13:28:47	0003	0003	à croire que...	관용표현\t\t마치 ~인 것 같다\tまるで〜のようだ (marude no yō da)\ton dirait que; comme si\tas if; you'd think that\tkvazaŭ
00139	2026-08-11 13:30:55	0003	0003	ballonné(e)	형용사\t\t배가 더부룩한; 복부 팽만한\tお腹が張った (onaka ga hatta)\tqui a le ventre gonflé\tbloated\tventroŝvelinta
00140	2026-08-18 08:15:48	0001	0002	混乱	명사・동사\tkonran\t혼란\t\tconfusion; désordre\tconfusion; chaos\tkonfuzo; kaoso
00141	2026-08-14 08:15:55	0001	0002	早く	adv.\thayaku\t빨리; 일찍\t\tvite; tôt\tquickly; early\trapide; frue
00142	2026-08-14 08:16:10	0001	0002	donner une âme	동사구\t\t생명을 불어넣다; 영혼을 주다\t魂を吹き込む (tamashii o fukikomu)\trendre vivant ou expressif\tto give a soul; bring to life\tdoni animon; vivigi
00143	2026-08-16 08:16:48	0001	0002	趣味	n.\tshumi\t취미; 취향\t\tloisir; goût\thobby; taste\thobio; gusto
00144	2026-08-16 08:16:54	0001	0002	cryptage	n.\t\t암호화\t暗号化 (angōka)\taction de chiffrer des données\tencryption\tĉifrado
00145	2026-08-15 08:17:07	0001	0002	時刻表	n.\tjikokuhyō\t시간표; 운행표\t\thoraire; tableau des départs\ttimetable; schedule\thoraro
00146	2026-08-16 08:17:23	0001	0002	ça donne envie de	표현\t\t~하고 싶게 만든다\t〜したくなる (shitaku naru)\tcela suscite le désir de\tit makes you want to\ttio emigas
00147	2026-08-14 08:18:35	0001	0002	マナーモード	n.\tmanā mōdo\t무음 모드; 매너 모드\t\tmode silencieux\tsilent mode\tsilenta reĝimo
00148	2026-08-13 08:18:41	0001	0002	煙	n.\tkemuri\t연기\t\tfumée\tsmoke\tfumo
00149	2026-08-18 08:18:46	0001	0002	peut-être que	접속표현\t\t어쩌면 ~일지도 모른다\tもしかしたら〜かもしれない (moshitara kamoshirenai)\til est possible que\tmaybe; perhaps\teble
00150	2026-08-13 08:19:12	0001	0002	la tige	n.\t\t줄기; 막대; 축\t茎; 棒; 軸 (kuki; bō; jiku)\tpartie allongée d'une plante ou d'un objet\tstem; rod\t tigo; stango
00151	2026-08-16 08:19:32	0001	0002	goûter	동사·명사\t\t맛보다; 간식\t味わう; おやつ (ajiwau; oyatsu)\tessayer le goût; petit repas\tto taste; snack\tgustumi; manĝeto
00152	2026-08-15 08:19:46	0001	0002	réussir à	동사구\t\t~하는 데 성공하다\t〜することに成功する; やってのける (suru koto ni seikō suru; yattenokeru)\tparvenir à\tto manage to; succeed in\tsukcesi
00153	2026-08-18 08:20:01	0001	0002	il fait lourd	관용표현\t\t후덥지근하다; 공기가 무겁다\t蒸し暑い (mushiatsui)\tle temps est chaud et étouffant\tit is muggy\testas sufoke varme
00154	2026-08-16 08:20:22	0001	0002	ずっと	adv.\tzutto\t계속; 줄곧; 훨씬\t\ttout le temps; de loin\tall along; continuously; much\tla tutan tempon; multe
00155	2026-08-16 08:20:38	0001	0002	débarrasser	v.\t\t치우다; 없애다; 식탁을 치우다\t片付ける; 取り除く (katazukeru; torinozoku)\tenlever ce qui encombre\tto clear away; get rid of\tforigi; liberigi
00156	2026-08-16 08:21:16	0001	0002	méditatif	형용사\t\t명상적인; 사색에 잠긴\t瞑想的な (meisōteki na)\tporté à la méditation\tmeditative\tmeditema
00157	2026-08-17 08:21:27	0001	0002	faire gaffe/attention	관용표현\t\t조심하다; 주의하다\t気をつける (ki o tsukeru)\têtre prudent; surveiller\tto be careful; watch out\tatenti; zorgi
00158	2026-08-13 08:21:36	0001	0002	遅れる	v.\tokureru\t늦다; 지연되다\t\têtre en retard; être retardé\tto be late; be delayed\tmalfrui; prokrastiĝi
00159	2026-08-13 08:21:45	0001	0002	la validation	n.\t\t승인; 검증; 개찰 처리\t承認; 検証; 刻印 (shōnin; kenshō; kokuin)\tconfirmation officielle de validité\tvalidation; approval\tvalidigo; aprobo
00160	2026-08-17 08:22:06	0001	0002	クリスマスイブ	n.\tkurisumasu ibu\t크리스마스이브\t\tréveillon de Noël; veille de Noël\tChristmas Eve\tkristnaska vespero
00161	2026-08-17 08:22:38	0001	0002	フリマアプリ	n.\tfurima apuri\t중고거래·벼룩시장 앱\t\tapplication de vente entre particuliers\tflea-market app; resale app\tbrokanta aplikaĵo
00162	2026-08-15 08:22:44	0001	0002	craquer	v.\t\t갈라지다; 무너지다; 충동구매하다\tひびが入る; 我慢できなくなる; 衝動買いする (hibi ga hairu; gaman dekinaku naru; shōdōgai suru)\tse fissurer; céder à une envie\tto crack; give in\tfendiĝi; cedi
00163	2026-08-15 08:23:36	0001	0002	助けてあげる	동사표현\ttasukete ageru\t도와주다\t\taider quelqu'un\tto help someone\thelpi iun
00164	2026-08-11 12:40:04	0002	0003	sur ce coup	관용표현\t\t이번 건에서는; 이 일에 관해서는\tこの件では (kono ken de wa)\tdans cette situation précise\ton this one; in this instance\ten ĉi tiu okazo
00165	2026-08-14 08:24:03	0001	0002	ハンカチ	n.\thankachi\t손수건\t\tmouchoir en tissu\thandkerchief\tpoŝtuko
00166	2026-08-13 08:24:14	0001	0002	il fait chaud	표현\t\t날씨가 덥다\t暑い (atsui)\tla température est élevée\tit is hot\testas varme
00167	2026-08-10 12:40:13	0002	0003	うんざりだ	な형용사・표현\tunzari da\t지긋지긋하다; 질리다\t\ten avoir marre; être écœuré\tto be fed up\tsatiĝi; esti tedita
00168	2026-08-16 08:24:46	0001	0002	電話番号	n.\tdenwa bangō\t전화번호\t\tnuméro de téléphone\tphone number\ttelefonnumero
00169	2026-08-15 08:24:58	0001	0002	à la lettre	관용표현\t\t글자 그대로; 철저히\t文字どおりに; 厳密に (moji dōri ni; genmitsu ni)\texactement selon les mots ou règles\tliterally; to the letter\tlaŭlitere
00170	2026-08-16 08:25:22	0001	0002	s'engager à	동사구\t\t~하기로 약속하다; 전념하다\t〜すると約束する; 取り組む (suru to yakusoku suru; torikumu)\tpromettre formellement de\tto commit to; pledge to\tdevontigi sin
00171	2026-08-18 08:26:12	0001	0002	習慣	n.\tshūkan\t습관\t\thabitude; coutume\thabit; custom\tkutimo
00172	2026-08-15 08:26:22	0001	0002	対処する	v.\ttaisho suru\t대처하다; 처리하다\t\tfaire face à; traiter\tto deal with; cope with\ttrakti; alfronti
00173	2026-08-15 08:26:29	0001	0002	ような気がする	문법표현\tyō na ki ga suru\t~인 것 같은 느낌이 들다\t\tavoir l'impression que\tto feel as though\thavi la impreson ke
00174	2026-08-15 08:26:53	0001	0002	盛り上がる	v.\tmoriagaru\t고조되다; 흥이 오르다; 부풀다\t\ts'animer; monter en intensité\tto get lively; build up\tvigliĝi; intensiĝi
00175	2026-08-16 08:27:36	0001	0002	待ちぼうけ	n.\tmachibōke\t헛되이 기다림; 바람맞음\t\tattente vaine; lapin\tbeing kept waiting; stood up\tvana atendado
00176	2026-08-13 08:27:56	0001	0002	かっこいい	い형용사\tkakkoii\t멋있다; 근사하다\t\tcool; élégant\tcool; stylish\tmojosa; eleganta
00177	2026-08-18 08:28:07	0001	0002	une âme	n.\t\t영혼; 마음\t魂; 心 (tamashii; kokoro)\tprincipe spirituel; sensibilité\tsoul\tanimo
00178	2026-08-15 12:40:47	0001	0002	損失を取り戻す	동사구\tsonshitsu o torimodosu\t손실을 만회하다\t\trécupérer ses pertes\trecover losses\trekuperi perdojn
00179	2026-08-17 12:41:00	0001	0002	誘惑	명사・동사\tyūwaku\t유혹\t\ttentation; séduire\ttemptation; entice\ttento; tenti
00180	2026-08-17 12:41:13	0001	0002	crème hydratante	n.\t\t보습 크림\t保湿クリーム (hoshitsu kurīmu)\tcrème qui hydrate la peau\tmoisturizing cream\thumidiga kremo
00181	2026-08-13 12:41:21	0001	0002	pas du tout prévu	형용표현\t\t전혀 예상하지 못한\t全く予定していなかった; 予想外の (mattaku yotei shite inakatta; yosōgai no)\tcomplètement imprévu\tnot planned at all; unexpected\t tute neplanita
00182	2026-08-14 12:42:12	0001	0002	les souvenirs	n.\t\t추억들; 기념품들\t思い出; お土産 (omoide; omiyage)\timages du passé; objets rapportés\tmemories; souvenirs\tmemoroj; memoraĵoj
00183	2026-08-16 12:42:43	0001	0002	la pâte fine/épaisse	명사구\t\t얇은/두꺼운 반죽 또는 도우\t薄い生地; 厚い生地 (usui kiji; atsui kiji)\tpâte peu ou très épaisse\tthin/thick crust or dough\tmaldika/dika pasto
00184	2026-08-16 12:43:19	0001	0002	戸惑ってる	동사표현\ttomadotteru\t당황해 있다; 어쩔 줄 몰라 한다\t\têtre perplexe; être déconcerté\tto be confused; bewildered\testi konfuzita
00185	2026-08-15 12:43:45	0001	0002	fleurir	v.\t\t꽃피다; 번성하다\t花が咲く; 栄える (hana ga saku; sakaeru)\tproduire des fleurs; prospérer\tto bloom; flourish\tflori; prosperi
00186	2026-08-17 12:44:18	0001	0002	飲みたいんだけど	표현\tnomitai n da kedo\t마시고 싶은데\t\tj'aimerais boire, mais...\tI want to drink, but...\tmi volas trinki, sed...
00187	2026-08-14 12:44:43	0001	0002	いるみたい	문법표현\tiru mitai\t있는 것 같다\t\ton dirait qu'il/elle est là\tseems to be there\tŝajne estas
00188	2026-08-14 12:45:08	0001	0002	合意	명사・동사\tgōi\t합의\t\taccord; consentement\tagreement; consent\tinterkonsento; konsento
00189	2026-08-16 12:45:23	0001	0002	tu l'as mis en vente	동사표현\t\t네가 그것을 판매 글로 올렸다\tそれを売りに出した (sore o uri ni dashita)\ttu as proposé l'objet à la vente\tyou put it up for sale\tvi vendigis ĝin
00190	2026-08-17 12:45:51	0001	0002	タランチュラ	n.\ttarantyura\t타란툴라; 대형 거미\t\tmygale; tarentule\ttarantula\ttarentulo
00191	2026-08-13 12:46:06	0001	0002	確信	명사・동사\tkakushin\t확신\t\tcertitude; conviction\tcertainty; conviction\tcerteco; konvinko
00192	2026-08-17 12:46:24	0001	0002	試しに行く	동사구\ttameshi ni iku\t시험해 보러 가다\t\taller essayer\tto go try it\tiri provi
00193	2026-08-17 12:46:47	0001	0002	la star	n.\t\t스타; 유명인\tスター; 有名人 (sutā; yūmeijin)\tpersonne très célèbre\tstar; celebrity\tstelulo; famulo
00194	2026-08-14 12:47:01	0001	0002	事故	n.\tjiko\t사고\t\taccident\taccident\takcidento
00195	2026-08-17 12:47:14	0001	0002	être coincé(e)	동사·형용사\t\t끼이다; 갇히다; 꼼짝 못하다\t挟まる; 閉じ込められる; 立ち往生する (hasamaru; tojikomerareru; tachiōjō suru)\tne pas pouvoir bouger ou sortir\tto be stuck; trapped\testi blokita; kaptita
00196	2026-08-15 12:48:27	0001	0002	感動する	v.\tkandō suru\t감동하다\t\têtre ému\tto be moved\testi kortuŝita
00197	2026-08-16 12:48:37	0001	0002	脳	n.\tnō\t뇌\t\tcerveau\tbrain\tcerbo
00198	2026-08-16 12:48:46	0001	0002	比べる	v.\tkuraberu\t비교하다\t\tcomparer\tto compare\tkompari
00199	2026-08-16 12:48:56	0001	0002	le carrefour	n.\t\t교차로; 갈림길\t交差点; 岐路 (kōsaten; kiro)\tintersection de plusieurs voies\tcrossroads; intersection\tvojkruciĝo
00200	2026-08-16 12:49:38	0001	0002	gérer	v.\t\t관리하다; 처리하다; 감당하다\t管理する; 対処する (kanri suru; taisho suru)\tadministrer; maîtriser une situation\tto manage; handle\tadministri; mastrumi
00201	2026-08-17 12:50:02	0001	0002	non mais le délire	구어표현\t\t아니, 이게 무슨 난리야; 말도 안 돼\t何このめちゃくちゃさ (nani kono mechakuchasa)\texclamation face à une situation folle\tthis is crazy; what madness\tkia frenezaĵo
00202	2026-08-14 13:32:49	0003	0004	je me suis dit que	동사표현\t\t나는 ~라고 생각했다\t〜と思った (to omotta)\tj'ai pensé que\tI thought that\tmi pensis ke
00203	2026-08-18 12:51:07	0001	0002	還付金	n.\tkanpukin\t환급금\t\tremboursement; restitution d'impôt\trefund; tax rebate\trepago; impostrepago
00204	2026-08-16 12:51:30	0001	0002	壁掛け	n.\tkabekake\t벽걸이; 벽걸이 장식\t\tobjet mural; suspension murale\twall hanging; wall-mounted item\tmura pendobjekto
00205	2026-08-16 12:51:57	0001	0002	la gastronomie	n.\t\t미식; 요리 문화\t美食; 食文化 (bishoku; shokubunka)\tart et culture de la bonne cuisine\tgastronomy\tgastronomio
00206	2026-08-17 12:52:42	0001	0002	ガーランド	n.\tgārando\t가랜드; 장식줄\t\tguirlande\tgarland\tgirlando
00207	2026-08-17 12:52:53	0001	0002	シリーズ	n.\tshirīzu\t시리즈; 연속물\t\tsérie\tseries\tserio
00208	2026-08-18 12:53:04	0001	0002	affaire	n.\t\t일; 사건; 사업; 물건\t事; 事件; 商売; 品物 (koto; jiken; shōbai; shinamono)\tquestion, dossier, commerce ou objet\tmatter; affair; business\tafero; komerco
00209	2026-08-15 12:53:45	0001	0002	一局	n.\tikkyoku\t한 판; 한 대국; 한 곡\t\tune partie; une manche\tone game; one match\tunu partio
00210	2026-08-16 12:54:06	0001	0002	le quiproquo	n.\t\t오해; 착각으로 생긴 소동\t行き違い; 誤解 (ikichigai; gokai)\tmalentendu fondé sur une confusion\tmix-up; misunderstanding\tmiskompreno
00211	2026-08-14 12:55:04	0001	0002	le festival de cinéma	명사구\t\t영화제\t映画祭 (eigasai)\tmanifestation consacrée au cinéma\tfilm festival\tfilmfestivalo
00212	2026-08-16 12:55:23	0001	0002	割引	명사・동사\twaribiki\t할인\t\tréduction; rabais\tdiscount\trabato
00213	2026-08-15 12:55:37	0001	0002	ラジエーター	n.\trajē tā\t라디에이터; 난방 방열기\t\tradiateur\tradiator\tradiatoro
00214	2026-08-13 12:55:48	0001	0002	relancer	v.\t\t다시 시작하다; 재촉하다; 다시 연락하다\t再開する; 催促する; 再連絡する (saikai suru; saisoku suru; sair en raku suru)\tremettre en marche; rappeler; stimuler\tto restart; follow up; boost\trekomenci; memorigi; stimuli
00215	2026-08-15 12:56:43	0001	0002	de sitôt	부사구\t\t조만간; 당분간은\t近いうちに; 当分 (chikai uchi ni; tōbun)\tdans un avenir proche\tanytime soon\tbaldaŭ
00216	2026-08-14 12:57:18	0001	0002	rabais	n.\t\t할인; 가격 인하\t値引き; 割引 (nebiki; waribiki)\tréduction de prix\tdiscount; markdown\trabato
00217	2026-08-17 12:57:36	0001	0002	雑誌	n.\tzasshi\t잡지\t\tmagazine\tmagazine\trevuo
00218	2026-08-18 12:57:43	0001	0002	動物性	명사・な형용사\tdōbutsusei\t동물성; 동물 유래의\t\td'origine animale\tanimal-derived; animal-based\tbestodevena
00219	2026-08-17 12:58:09	0001	0002	自由席	n.\tjiyūseki\t자유석; 비지정석\t\tplace non réservée\tunreserved seat\tnerezervita sidloko
00220	2026-08-13 12:58:26	0001	0002	failli	동사표현\t\t하마터면 ~할 뻔한\t危うく〜するところだった (ayauku suru tokoro datta)\tavoir été sur le point de\talmost; nearly\tpreskaŭ
00221	2026-08-18 12:58:59	0001	0002	クリスマスソング	n.\tkurisumasu songu\t크리스마스 노래\t\tchanson de Noël\tChristmas song\tkristnaska kanto
00222	2026-08-16 12:59:10	0001	0002	引っ越す	v.\thikkosu\t이사하다\t\tdéménager\tto move house\ttransloĝiĝi
00223	2026-08-15 12:59:26	0001	0002	excès	n.\t\t과도함; 초과; 지나침\t過剰; 超過 (kajō; chōka)\tquantité ou comportement au-delà de la mesure\texcess\ttroo; eksceso
00224	2026-08-14 13:00:15	0001	0002	le cépage	n.\t\t포도 품종\tブドウ品種 (budō hinshu)\tvariété de raisin de cuve\tgrape variety\tvinbera vario
00225	2026-08-15 13:00:57	0001	0002	傾向	n.\tkeikō\t경향; 성향\t\ttendance\ttrend; tendency\ttendenco
00226	2026-08-13 13:01:11	0001	0002	se ressentir sur	동사구\t\t~에 영향을 드러내다; ~에서 체감되다\t〜に影響が出る (ni eikyō ga deru)\tavoir des effets visibles sur\tto show an effect on; be felt in\tsentiĝi en
00227	2026-08-14 13:02:12	0001	0002	t'allait	동사표현\t\t너에게 어울렸다; 네게 가고 있었다\t君に似合っていた; 君のところへ行っていた (kimi ni niatte ita; kimi no tokoro e itte ita)\tconvenait à toi; allait vers toi\tsuited you; was going to you\ttaŭgis al vi
00228	2026-08-14 13:03:21	0001	0002	tout au long de	전치사구\t\t~내내; ~동안 줄곧\t〜の間ずっと (no aida zutto)\tpendant toute la durée de\tthroughout\tdum la tuta
00229	2026-08-13 13:15:18	0002	0003	conseillers	n.\t\t고문들; 상담가들; 의원들\t助言者; 相談員; 議員 (jogensha; sōdan'in; giin)\tpersonnes qui donnent des conseils\tadvisers; counselors\tkonsilistoj
00230	2026-08-14 13:05:10	0001	0002	クローゼット	n.\tkurōzetto\t옷장; 붙박이장\t\tplacard; penderie\tcloset; wardrobe\tŝranko
00231	2026-08-15 13:05:40	0001	0002	débat	n.\t\t토론; 논쟁\t討論; 議論 (tōron; giron)\tdiscussion contradictoire\tdebate\tdebato
00232	2026-08-15 13:06:05	0001	0002	le premier rang	명사구\t\t첫째 줄; 맨 앞자리\t最前列; 一列目 (saizenretsu; ichiretsume)\tpremière ligne de sièges\tfront row\tunua vico
00233	2026-08-17 13:06:35	0001	0002	une quinte flush royale	명사구\t\t로열 스트레이트 플러시\tロイヤルストレートフラッシュ (roiyaru sutorēto furasshu)\tmeilleure combinaison au poker\troyal flush\treĝa rekta koloro
00234	2026-08-14 13:07:31	0001	0002	la confusion	n.\t\t혼란; 착각\t混乱; 勘違い (konran; kanchigai)\tétat de désordre ou d'incertitude\tconfusion\tkonfuzo
00235	2026-08-16 13:08:19	0001	0002	何晩	의문명사\tnanban\t며칠 밤; 몇 밤\t\tcombien de nuits\thow many nights\tkiom da noktoj
00236	2026-08-18 13:08:34	0001	0002	レトロスペクティブ	n.\tretorosupekutibu\t회고전; 회고적 고찰\t\trétrospective\tretrospective\tretrospektivo
00237	2026-08-15 13:08:45	0001	0002	制約	n.\tseiyaku\t제약; 제한\t\tcontrainte; restriction\tconstraint; restriction\tlimigo; devigo
00238	2026-08-14 13:09:07	0001	0002	gourmand(e)	명사・형용사\t\t먹보; 미식의; 탐식하는\t食いしん坊; 食いしん坊な (kuishinbō; kuishinbō na)\tqui aime beaucoup manger\tfood-loving; greedy\tmanĝema; frandema
00239	2026-08-15 13:09:29	0001	0002	試食	명사・동사\tshishoku\t시식\t\tdégustation; goûter un produit\ttasting; sample tasting\tgustumado
00240	2026-08-15 13:09:47	0001	0002	courses / shopping	n.\t\t장보기; 쇼핑\t買い物 (kaimono)\tachats du quotidien; magasinage\tshopping; errands\taĉetado
00241	2026-08-15 13:10:07	0001	0002	l'étoile	n.\t\t별; 스타\t星; スター (hoshi; sutā)\tastre lumineux; vedette\tstar\tstelo
00242	2026-08-14 13:10:25	0001	0002	畳む	v.\ttatamu\t접다; 개다\t\tplier\tto fold\tfaldi
00243	2026-08-18 13:10:36	0001	0002	気がする	문법표현\tki ga suru\t~인 느낌이 들다; ~인 것 같다\t\tavoir l'impression; sembler\tto feel; seem\thavi la impreson
00244	2026-08-15 13:10:55	0001	0002	デリバリー	n.\tderibarī\t배달\t\tlivraison\tdelivery\tliverado
00245	2026-08-17 13:11:11	0001	0002	cesser de	동사구\t\t~하기를 그만두다\t〜するのをやめる (suru no o yameru)\tarrêter de\tto stop doing\tĉesi
00246	2026-08-09 13:46:08	0004	0001	ぼけっと	adv.\tboketto\t멍하니; 넋 놓고\t\tdans la lune; distraitement\tabsentmindedly; blankly\tdistrite; senpense
00247	2026-08-17 13:12:28	0001	0002	バランスの取れた	형용표현\tbaransu no toreta\t균형 잡힌\t\téquilibré\tbalanced\tekvilibra
00248	2026-08-17 13:12:43	0001	0002	お祭り	n.\tomatsuri\t축제; 마쓰리\t\tfestival; fête\tfestival\tfestivalo
00249	2026-08-12 13:23:38	0002	0003	soit levé	동사표현\t\t일어나 있기를; 올라가 있기를\t起きている; 上がっている (okite iru; agatte iru)\tforme subjonctive de être levé\tbe raised; be up\testu levita
00250	2026-08-15 13:13:32	0001	0002	le grignotage	n.\t\t군것질; 간식 섭취\t間食; つまみ食い (kanshoku; tsumamigui)\taction de manger entre les repas\tsnacking\tmanĝetado
00251	2026-08-18 13:13:59	0001	0002	すごい	い형용사\tsugoi\t대단하다; 굉장하다; 심하다\t\tincroyable; formidable; intense\tamazing; tremendous\tmirinda; grandega
00252	2026-08-18 13:14:31	0001	0002	洗濯	명사・동사\tsentaku\t세탁; 빨래\t\tlessive; lavage\tlaundry; washing\tlavado; lavotaĵo
00253	2026-08-14 13:15:37	0001	0002	prépare-toi à	동사구\t\t~할 준비를 해라\t〜する覚悟をして; 準備して (suru kakugo o shite; junbi shite)\tsois prêt à\tprepare yourself to\tpreparu vin por
00254	2026-08-16 13:16:02	0001	0002	気をつける	동사구\tki o tsukeru\t조심하다; 주의하다\t\tfaire attention; prendre garde\tto be careful; watch out\tatenti; zorgi
00255	2026-08-14 13:16:18	0001	0002	prélever	v.\t\t채취하다; 떼어 내다; 징수하다\t採取する; 差し引く; 徴収する (saishu suru; sashihiku; chōshū suru)\tprendre une partie; percevoir une somme\tto collect; deduct; sample\tpreni specimenon; depreni
00256	2026-08-14 13:17:15	0001	0002	無賃乗車	명사・동사\tmuchin jōsha\t무임승차\t\tvoyage sans billet; resquille\tfare evasion; riding without paying\tsenbileta veturado
00257	2026-08-15 13:17:43	0001	0002	出前	n.\tdemae\t음식 배달; 배달 주문\t\tlivraison de repas\tfood delivery\tmanĝoliverado
00258	2026-08-15 13:17:58	0001	0002	責める	v.\tsemeru\t책망하다; 비난하다\t\tblâmer; reprocher\tto blame; reproach\tkulpigi; riproĉi
00259	2026-08-16 13:18:23	0001	0002	寒がり	명사・な형용사\tsamugari\t추위를 많이 타는 사람\t\tfrileux; personne sensible au froid\tcold-sensitive person\tmalvarmsentema homo
00260	2026-08-17 13:18:57	0001	0002	la billetterie	n.\t\t매표소; 티켓 판매 시스템\tチケット売り場; 発券システム (chiketto uriba; hakken shisutemu)\tservice ou guichet de vente de billets\tticket office; ticketing\tbiletvendejo; biletado
00261	2026-08-14 13:19:42	0001	0002	先行販売	n.\tsenkō hanbai\t선행 판매; 사전 판매\t\tprévente; vente anticipée\tpresale; advance sale\tantaŭvendo
00262	2026-08-16 13:20:13	0001	0002	チャージする	v.\tchāji suru\t충전하다; 금액을 충전하다\t\trecharger; créditer\tto charge; top up\treŝargi; kreditigi
00263	2026-08-13 13:20:40	0001	0002	限界	n.\tgenkai\t한계\t\tlimite\tlimit\tlimo
00264	2026-08-18 13:20:49	0001	0002	鳴く	v.\tnaku\t동물이 울다\t\tcrier; chanter; miauler selon l'animal\tto cry; chirp; meow\tbestbleki
00265	2026-08-15 13:21:22	0001	0002	glacial	형용사\t\t얼음처럼 찬; 몹시 추운\t氷のように冷たい; 極寒の (kōri no yō ni tsumetai; gokkan no)\ttrès froid; sans chaleur humaine\ticy; freezing\tglacia; frostega
00266	2026-08-10 13:33:54	0003	0001	tenir à	동사구\t\t소중히 여기다; 꼭 ~하고 싶다\t大切に思う; ぜひ〜したい (taisetsu ni omou; zehi shitai)\têtre attaché à; vouloir absolument\tto care about; insist on\tŝati; insisti pri
00267	2026-08-14 13:24:31	0001	0002	suivre une recette	동사구\t\t레시피를 따르다\tレシピに従う (reshipi ni shitagau)\trespecter les étapes d'une recette\tto follow a recipe\tsekvi recepton
00268	2026-08-10 13:38:17	0003	0001	encore plus	부사구\t\t더욱; 훨씬 더\tさらに; もっと (sara ni; motto)\tdavantage\teven more\teĉ pli
00269	2026-08-14 13:26:47	0001	0002	détox	명사・형용사\t\t디톡스; 해독\tデトックス; 解毒 (detokkusu; gedoku)\tcure ou action de détoxification\tdetox\tsenvenenigo
00270	2026-08-15 13:27:19	0001	0002	湯たんぽ	n.\tyutanpo\t유단포; 온수 주머니\t\tbouillotte\thot-water bottle\tvarmakva botelo
00271	2026-08-16 13:28:37	0001	0002	la guirlande	n.\t\t가랜드; 장식줄\tガーランド; 飾り紐 (gārando; kazar himo)\tornement en chaîne\tgarland\tgirlando
00272	2026-08-14 13:29:33	0001	0002	言わずに	동사표현\tiwazu ni\t말하지 않고\t\tsans dire\twithout saying\tsen diri
00273	2026-08-18 13:29:49	0001	0002	切ってしまいたくなる	동사표현\tkitte shimaitaku naru\t잘라 버리고 싶어진다\t\tavoir envie de tout couper\tto feel like cutting it off\temi fortranĉi
00274	2026-08-15 13:30:24	0001	0002	心に響く	동사구\tkokoro ni hibiku\t마음에 울리다; 감동을 주다\t\ttoucher le cœur; résonner en soi\tto resonate; touch the heart\tkortuŝi; resonanci en la koro
00275	2026-08-15 13:30:58	0001	0002	l'actualité	n.\t\t시사; 최근 뉴스\t時事; ニュース (jiji; nyūsu)\tles événements récents\tcurrent affairs; news\taktualaĵoj
00276	2026-08-18 13:31:38	0001	0002	un film d'horreur	명사구\t\t공포 영화\tホラー映画 (horā eiga)\tfilm destiné à faire peur\thorror movie\thorora filmo
00277	2026-08-16 13:32:00	0001	0002	ゴミ	n.\tgomi\t쓰레기\t\tdéchets; ordures\tgarbage; trash\trubo
00278	2026-08-17 13:32:18	0001	0002	向上	명사・동사\tkōjō\t향상; 개선\t\tamélioration; progrès\timprovement; advancement\tplibonigo; progreso
00279	2026-08-13 13:32:38	0001	0002	après avoir pris	접속표현\t\t~을 취한 뒤에\t〜を取った後で (o totta ato de)\taprès l'action de prendre\tafter taking\tpost kiam oni prenis
00280	2026-08-18 13:33:05	0001	0002	le mauvais œil	명사구\t\t악안; 사악한 눈; 액운을 부르는 시선\t邪視; 悪い目 (jashi; warui me)\tmalédiction transmise par le regard\tevil eye\tmalbona okulo
00281	2026-08-14 13:34:24	0001	0002	しないようにする	문법표현\tshinai yō ni suru\t~하지 않도록 하다\t\tfaire en sorte de ne pas\tto make sure not to\tzorgi ne
00282	2026-08-13 13:35:08	0001	0002	tu m'étonnes que	구어표현\t\t그러니 당연하지; 놀랄 일도 아니다\tそれは当然だ; そりゃそうだ (sore wa tōzen da; sorya sō da)\tce n'est pas étonnant que\tno wonder that\tne mirinde ke
00283	2026-08-09 13:51:18	0004	0002	la terrine	n.\t\t테린; 테린 용기\tテリーヌ; テリーヌ型 (terīnu; terīnu-gata)\tpréparation cuite dans un moule; récipient\tterrine\tterino
00284	2026-08-18 13:36:23	0001	0002	整理整頓	명사・동사\tseiri seiton\t정리 정돈\t\trangement et organisation\torganizing and tidying\tordigado
00285	2026-08-16 13:36:44	0001	0002	déraper	v.\t\t미끄러지다; 선을 넘다; 통제에서 벗어나다\t滑る; 暴走する (suberu; bōsō suru)\tglisser; perdre le contrôle\tto skid; go off the rails\tgliti; perdi kontrolon
00286	2026-08-14 13:37:58	0001	0002	滑り方	n.\tsuberikata\t미끄러지는 법; 타는 방법\t\tfaçon de glisser\tway of sliding/skating\tmaniero gliti
00287	2026-08-17 13:45:27	0001	0002	アーティスト	n.\tātisuto\t예술가; 아티스트\t\tartiste\tartist\tartisto
00288	2026-08-17 13:54:42	0001	0002	パスワード	n.\tpasuwādo\t비밀번호\t\tmot de passe\tpassword\tpasvorto
00289	2026-08-15 13:54:51	0001	0002	la bande sonore	n.\t\t사운드트랙; 음향 트랙\tサウンドトラック; 音声帯 (saundotorakku; onse itai)\tbande contenant les sons d'un film\tsoundtrack\tsontrako
00290	2026-08-14 13:55:20	0001	0002	la chaleur	n.\t\t열; 더위; 따뜻함\t熱; 暑さ; 暖かさ (netsu; atsusa; atatakasa)\ttempérature élevée; cordialité\theat; warmth\tvarmo
00291	2026-08-17 13:55:45	0001	0002	アカウント	n.\takaunto\t계정\t\tcompte\taccount\tkonto
00292	2026-08-14 13:55:53	0001	0002	se faire gronder	동사구\t\t꾸중을 듣다\t叱られる (shikarareru)\trecevoir des reproches\tto get scolded\testi riproĉita
00293	2026-08-16 13:56:23	0001	0002	怖がらせる	v.\tkowagaraseru\t무섭게 하다; 겁주다\t\tfaire peur; effrayer\tto scare; frighten\ttimigi
00294	2026-08-13 13:57:04	0001	0002	ホリデーシーズン	n.\thoridē shīzun\t연말연시 휴가철; 홀리데이 시즌\t\tsaison des fêtes\tholiday season\tfestosezono
00295	2026-08-14 13:57:17	0001	0002	pour le coup	관용표현\t\t이번에는; 그 점에서는; 실제로\t今回は; その点では (konkai wa; sono ten de wa)\tdans ce cas précis; cette fois\tthis time; in this case\ten ĉi tiu okazo
00296	2026-08-18 14:02:06	0001	0002	ah mince	acc.\t\t아, 이런; 젠장\tああ、しまった (ā, shimatta)\texclamation de déception\toh darn; shoot\tho ve
00297	2026-08-17 14:02:41	0001	0002	電飾	n.\tdenshoku\t전광 장식; 조명 장식\t\tilluminations; décorations lumineuses\tdecorative lights\tlumornamaĵoj
00298	2026-08-18 14:03:26	0001	0002	je veux bien	표현\t\t좋아; 기꺼이 하겠다\tいいよ; 喜んで (ii yo; yorokonde)\tj'accepte volontiers\tI'd be happy to; okay\tmi volonte
00299	2026-08-17 14:04:08	0001	0002	なる	v.\tnaru\t되다; 이루어지다\t\tdevenir\tto become\tfariĝi
00300	2026-08-16 14:04:18	0001	0002	人類	n.\tjinrui\t인류\t\thumanité; espèce humaine\thumankind\thomaro
00301	2026-08-14 14:04:42	0001	0002	私生活	n.\tshiseikatsu\t사생활\t\tvie privée\tprivate life\tprivata vivo
00302	2026-08-15 14:05:02	0001	0002	la chanson	n.\t\t노래\t歌 (uta)\tcomposition chantée\tsong\tkanto
00303	2026-08-16 14:05:17	0001	0002	大切	な형용사・명사\ttaisetsu\t소중함; 중요함; 소중한\t\timportant; précieux\timportant; precious\tgrava; altvalora
00304	2026-08-18 14:05:39	0001	0002	街	n.\tmachi\t거리; 동네; 도시\t\tville; quartier; rue\tcity; town; neighborhood\turbo; kvartalo
00305	2026-08-16 14:05:53	0001	0002	歩数	n.\thosū\t걸음 수\t\tnombre de pas\tstep count\tpaŝnombro
00306	2026-08-17 14:06:10	0001	0002	chute	n.\t\t추락; 넘어짐; 낙하; 결말\t転倒; 落下; オチ (tentō; rakka; ochi)\taction de tomber; fin inattendue\tfall; drop; punchline\tfalo; finaĵo
00307	2026-08-16 14:07:40	0001	0002	知っている / 知ってる	v.\tshitte iru / shitteru\t알고 있다\t\tsavoir; connaître\tto know\tscii; koni
00308	2026-08-14 14:07:53	0001	0002	enquêter	v.\t\t조사하다; 수사하다\t調査する; 捜査する (chōsa suru; sōsa suru)\tchercher des informations\tto investigate\tenketi
00309	2026-08-17 14:08:41	0001	0002	le marché de Noël	명사구\t\t크리스마스 시장\tクリスマスマーケット (kurisumasu māketto)\tmarché saisonnier de Noël\tChristmas market\tkristnaska bazaro
00310	2026-08-18 14:08:59	0001	0002	qu'est-ce que	의문표현\t\t무엇을; 무엇이\t何を; 何が (nani o; nani ga)\tforme interrogative signifiant quoi\twhat\tkio
00311	2026-08-13 05:53:53	0003	0004	なし	명사・접미사\tnashi\t없음; ~없이; 배\t\tsans; absence; poire\twithout; none; pear\tsen; nenio; piro
00312	2026-08-18 14:09:56	0001	0002	un gros pull	명사구\t\t두꺼운 스웨터\t厚手のセーター (atsude no sētā)\tpull épais et chaud\tthick sweater\tdika pulovero
00313	2026-08-13 14:11:04	0001	0002	le cuir	n.\t\t가죽\t革 (kawa)\tpeau animale préparée\tleather\tledo
00314	2026-08-13 14:11:46	0001	0002	日付	n.\thizuke\t날짜\t\tdate\tdate\tdato
00315	2026-08-17 14:11:53	0001	0002	歩行者	n.\thokōsha\t보행자\t\tpiéton\tpedestrian\tpiediranto
00316	2026-08-16 14:12:45	0001	0002	行く	v.\tiku\t가다\t\taller\tto go\tiri
00317	2026-08-15 14:13:00	0001	0002	消化	명사・동사\tshōka\t소화; 소진; 이해\t\tdigestion; assimilation\tdigestion; processing\tdigestado; asimilado
00318	2026-08-17 14:13:34	0001	0002	patin	n.\t\t스케이트; 받침; 미끄럼판\tスケート靴; 滑り金 (sukēto-gutsu; suber igane)\tchaussure ou pièce servant à glisser\tskate; runner\tsketo
00319	2026-08-18 14:14:14	0001	0002	わからない	동사표현\twakaranai\t모르다; 이해하지 못하다\t\tne pas savoir; ne pas comprendre\tdon't know; don't understand\tne scii; ne kompreni
00320	2026-08-17 14:14:37	0001	0002	素晴らしい	い형용사\tsubarashii\t훌륭하다; 멋지다\t\tmerveilleux; excellent\twonderful; excellent\tmirinda; bonega
00321	2026-08-14 14:15:20	0001	0002	accomplissement	n.\t\t성취; 완수\t達成; 成就 (tassei; jōju)\tréalisation complète d'un objectif\taccomplishment\tatingo; plenumo
00322	2026-08-16 14:16:09	0001	0002	重複	명사・동사\tchōfuku\t중복\t\tchevauchement; doublon\tduplication; overlap\tduoblaĵo; interkovro
00323	2026-08-13 14:17:09	0001	0002	罪	n.\ttsumi\t죄; 잘못\t\tpéché; crime; faute\tsin; crime; guilt\tpeko; krimo; kulpo
00324	2026-08-14 14:17:35	0001	0002	c'est chaud	구어표현\t\t어렵다; 위험하다; 뜨겁다\t難しい; 危ない; 熱い (muzukashii; abunai; atsui)\tc'est difficile, risqué ou très chaud\tit's tough; risky; hot\testas malfacile; riska
00325	2026-08-17 14:18:19	0001	0002	être en train de	문법표현\t\t~하는 중이다\t〜しているところだ (shite iru tokoro da)\tindique une action en cours\tto be in the process of\testi faranta
00326	2026-08-15 14:19:18	0001	0002	être relax	동사・형용사\t\t편안하다; 느긋하다\tリラックスしている (rirakkusu shite iru)\têtre détendu\tto be relaxed\testi malstreĉita
00327	2026-08-15 14:20:19	0001	0002	乳液	n.\tnyūeki\t유액; 에멀전 로션\t\témulsion; lait hydratant\temulsion; moisturizing lotion\temulsio; haŭtlakto
00328	2026-08-15 14:20:48	0001	0002	革	n.\tkawa\t가죽\t\tcuir\tleather\tledo
00329	2026-08-16 14:20:56	0001	0002	maquillage	n.\t\t화장; 메이크업\t化粧; メイク (keshō; meiku)\taction ou produits pour embellir le visage\tmakeup\tŝminko
00330	2026-08-17 14:22:06	0001	0002	les guirlandes	n.\t\t가랜드들; 장식줄들\tガーランド; 飾り紐 (gārando; kazarihimo)\tdécorations en chaînes\tgarlands\tgirlandoj
00331	2026-08-13 14:22:28	0001	0002	歩行者天国	n.\thokōsha tengoku\t차 없는 거리; 보행자 전용 구역\t\tzone piétonne\tpedestrian zone\tpiedira zono
00332	2026-08-14 14:23:14	0001	0002	右折 / 左折	명사・동사\tusetsu / sasetsu\t우회전 / 좌회전\t\ttourner à droite / à gauche\tright turn / left turn\tdekstra / maldekstra turniĝo
00333	2026-08-13 14:23:36	0001	0002	les artistes	n.\t\t예술가들; 연예인들\t芸術家; アーティスト (geijutsuka; ātisuto)\tpersonnes qui créent ou interprètent de l'art\tartists\tartistoj
00334	2026-08-18 14:24:24	0001	0002	objectif	명사・형용사\t\t목표; 목적; 객관적인\t目標; 目的; 客観的な (mokuhyō; mokuteki; kyakkanteki na)\tbut à atteindre; impartial\tobjective; goal; objective\tcelo; objektiva
00335	2026-08-16 14:25:08	0001	0002	配達員	n.\thaitatsuin\t배달원\t\tlivreur; livreuse\tdelivery person\tliveristo
00336	2026-08-16 14:25:32	0001	0002	cocher	동사・명사\t\t체크하다; 마부\tチェックを入れる; 御者 (chekku o ireru; gyosha)\tmarquer d'une coche; conducteur d'une voiture à cheval\tto tick/check; coachman\tmarki; koĉero
00337	2026-08-13 14:27:31	0001	0002	monumentale	형용사\t\t기념비적인; 엄청난\t記念碑的な; 莫大な (kinenhiteki na; bakudai na)\ttrès imposante ou considérable\tmonumental; enormous\tmonumenta; grandega
00338	2026-08-15 14:28:35	0001	0002	準備	명사・동사\tjunbi\t준비\t\tpréparation\tpreparation\tpreparo
00339	2026-08-17 14:28:48	0001	0002	pas bête	관용표현\t\t나쁘지 않다; 꽤 괜찮은 생각이다\t悪くない; いい考えだ (warukunai; ii kangae da)\tintelligent; bonne idée\tnot bad; smart\tne malbone; saĝa
00340	2026-08-14 14:29:22	0001	0002	la limite	n.\t\t한계; 경계\t限界; 境界 (genkai; kyōkai)\tpoint qu'on ne peut dépasser\tlimit; boundary\tlimo
00341	2026-08-13 14:29:50	0001	0002	tant que	접속표현\t\t~하는 동안; ~하는 한\t〜する間; 〜する限り (suru aida; suru kagiri)\taussi longtemps que\tas long as\tdum; tiel longe kiel
00342	2026-08-13 14:30:52	0001	0002	la sédentarité	n.\t\t좌식 생활; 운동 부족\t座りがちな生活; 運動不足 (suwari-gachi na seikatsu; undō busoku)\tmode de vie avec peu d'activité physique\tsedentary lifestyle\tsidema vivmaniero
00343	2026-08-15 14:32:53	0001	0002	arroser	v.\t\t물을 주다; 끼얹다; 축하주를 마시다\t水をやる; 水をかける; 祝杯をあげる (mizu o yaru; mizu o kakeru; shukuhai o ageru)\tverser de l'eau; célébrer\tto water; sprinkle; celebrate\ta kvumi; ŝprucigi
00344	2026-08-15 14:36:46	0001	0002	大画面	n.\tdaigamen\t대형 화면\t\tgrand écran\tlarge screen\tgranda ekrano
00345	2026-08-18 14:37:01	0001	0002	変えさせよう	동사표현\tkaesaseyō\t바꾸게 하자; 바꾸도록 만들자\t\tessayons de faire changer\tlet's make someone change\tni igu ŝanĝi
00346	2026-08-15 14:37:40	0001	0002	arnaque	n.\t\t사기; 속임수\t詐欺; だまし (sagi; damashi)\ttromperie visant à voler\t scam; fraud\tfraŭdo
00347	2026-08-14 14:59:09	0001	0002	しに	문법표현\tshi ni\t~하러; 하러 가는 목적 표현\t\tpour faire; afin de\tin order to do\tpor fari
00348	2026-08-18 15:25:05	0001	0002	les vitrines	n.\t\t쇼윈도; 진열창들\tショーウィンドウ; 店の窓 (shō uindō; mise no mado)\tfenêtres d'exposition des magasins\tshop windows; displays\tmontrofenestroj
00349	2026-08-15 15:25:35	0001	0002	きっかり	adv.\tkikkari\t정확히; 딱\t\texactement; pile\texactly; sharp\tekzakte
00350	2026-08-17 15:25:46	0001	0002	絶対に	adv.\tzettai ni\t절대로; 반드시\t\tabsolument; jamais avec négation\tabsolutely; never\tabsolute; neniam
00351	2026-08-17 15:26:26	0001	0002	おやおや	acc.\toya oya\t어이구; 이런 이런\t\toh là là; tiens donc\toh dear; well well\tho ve; nu nu
00352	2026-08-16 15:26:44	0001	0002	改札	n.\tkaisatsu\t개찰구; 개표 검사\t\tportillon de contrôle; validation des billets\tticket gate\tbiletkontrolo
00353	2026-08-17 15:28:01	0001	0002	横断歩道	n.\tōdan hodō\t횡단보도\t\tpassage piéton\tcrosswalk\tpiedira transirejo
00354	2026-08-18 15:28:31	0001	0002	rouge à lèvres	n.\t\t립스틱; 구홍\t口紅 (kuchibeni)\tproduit colorant pour les lèvres\tlipstick\tlipruĝo
00355	2026-08-17 15:29:05	0001	0002	温めてあげたら	동사표현\tatatamete agetara\t데워 주면 어때; 따뜻하게 해 주면\t\tsi tu le réchauffais pour lui/elle\tif you warmed it for them\tse vi varmigus ĝin por iu
00356	2026-08-17 15:29:35	0001	0002	vernis à ongles	n.\t\t매니큐어; 네일 폴리시\tマニキュア; ネイルポリッシュ (manikyua; neiru porisshu)\tlaque colorée pour les ongles\tnail polish\tungolako
00357	2026-08-15 15:30:05	0001	0002	勝負	명사・동사\tshōbu\t승부; 경기; 대결\t\tmatch; duel; compétition\tmatch; contest\tkonkurso; duelo
00358	2026-08-18 15:30:20	0001	0002	のかさえ	문법표현\tno ka sae\t~인지조차\t\tmême si/si même; même la question de savoir si\teven whether\teĉ ĉu
00359	2026-08-16 15:30:43	0001	0002	やめる	v.\tyameru\t그만두다; 중지하다\t\tarrêter; abandonner\tto stop; quit\tĉesi; rezigni
00360	2026-08-15 15:31:00	0001	0002	プレゼント	n.\tpurezento\t선물\t\tcadeau\tpresent; gift\tdonaco
00361	2026-08-14 15:31:15	0001	0002	予想外	명사・な형용사\tyosōgai\t예상 밖; 의외\t\timprévu; inattendu\tunexpected\tneatendita
00362	2026-08-13 15:31:32	0001	0002	réussite	n.\t\t성공; 성취\t成功; 達成 (seikō; tassei)\tsuccès; accomplissement\tsuccess\t sukceso
00363	2026-08-18 15:31:46	0001	0002	靴下の片割れ	명사구\tkutsushita no kataware\t짝 잃은 양말 한 짝\t\tchaussette dépareillée; une chaussette sans paire\tan unmatched sock\tsenpara ŝtrumpeto
00364	2026-08-10 15:42:37	0002	0003	試す	v.\ttamesu\t시험하다; 시도하다\t\tessayer; tester\tto try; test\tprovi; testi
00365	2026-08-13 15:32:36	0001	0002	アドバイザー	n.\tadobaizā\t조언자; 고문\t\tconseiller; conseillère\tadviser\tkonsilisto
00366	2026-08-16 15:32:45	0001	0002	寒気	n.\tsamuke\t오한; 한기\t\tfrisson; sensation de froid\tchill; shivering\ttremfrosteco
00367	2026-08-15 15:33:00	0001	0002	bon plan	명사구\t\t좋은 정보; 알뜰한 방법; 좋은 거래\tお得な情報; いい方法 (otoku na jōhō; ii hōhō)\tbonne astuce ou bonne affaire\tgood tip; good deal\tbona konsilo; bona propono
00368	2026-08-15 15:33:31	0001	0002	個人的	な형용사・부사\tkojinteki\t개인적; 개인적으로\t\tpersonnel; personnellement\tpersonal; personally\tpersona; persone
00369	2026-08-16 15:33:47	0001	0002	マリアージュ	n.\tmariāju\t마리아주; 음식과 술의 궁합\t\tmariage; accord mets-vins\tpairing; marriage\tkombino; geedzeco
00370	2026-08-18 15:34:07	0001	0002	いくつかの	연체표현\tikutsuka no\t몇몇의; 여러 개의\t\tquelques; plusieurs\tseveral; some\tkelkaj
00371	2026-08-13 15:34:23	0001	0002	maigrir	v.\t\t살이 빠지다; 마르다\t痩せる (yaseru)\tperdre du poids\tto lose weight\tmalgrasiĝi
00372	2026-08-18 15:34:40	0001	0002	入れる	v.\tireru\t넣다; 들이다; 켜다\t\tmettre; introduire; allumer\tto put in; insert; turn on\tenmeti; ŝalti
00373	2026-08-15 15:35:03	0001	0002	la fève	n.\t\t잠두콩; 갈레트 데 루아 속 장식 인형\tそら豆; フェーヴ (soramame; fēvu)\tgraine de fève; figurine cachée dans la galette\tbroad bean; fève charm\tfabo; kaŝita figureto
00374	2026-08-13 15:35:28	0001	0002	pâtisserie	n.\t\t제과; 페이스트리; 제과점\t洋菓子; 菓子作り; ケーキ屋 (yōgashi; kashizukuri; kēkiya)\tart de faire des gâteaux; boutique de gâteaux\tpastry; pastry shop\tbakaĵo; kukvendejo
00375	2026-08-15 15:36:03	0001	0002	la file d'attente	n.\t\t대기 줄\t行列; 待ち列 (gyōretsu; machiretsu)\tsuite de personnes qui attendent\tqueue; waiting line\tatendovico
00376	2026-08-16 15:36:19	0001	0002	sembler	v.\t\t~처럼 보이다; ~인 것 같다\t〜のように見える; 〜らしい (no yō ni mieru; rashii)\tparaître\tto seem\tŝajni
00377	2026-08-15 15:36:39	0001	0002	体	n.\tkarada\t몸; 신체\t\tcorps\tbody\tkorpo
00378	2026-08-15 15:37:23	0001	0002	オーナメント	n.\tōnamento\t장식품; 오너먼트\t\tornement\tornament\tornamaĵo
00379	2026-08-14 15:37:31	0001	0002	ケージ	n.\tkēji\t우리; 케이지\t\tcage\tcage\tkaĝo
00380	2026-08-15 15:37:48	0001	0002	recharger son pass	동사구\t\t교통 패스를 충전하다\t交通パスをチャージする (kōtsū pasu o chāji suru)\tmettre du crédit sur son titre de transport\tto top up one's pass\treŝargi sian transportkarton
00381	2026-08-13 15:38:30	0001	0002	aller bien avec	동사구\t\t~와 잘 어울리다\t〜とよく合う (to yoku au)\tbien s'accorder avec\tto go well with\tbone kongrui kun
00382	2026-08-16 15:38:51	0001	0002	le four	n.\t\t오븐; 가마\tオーブン; 炉 (ōbun; ro)\tappareil ou enceinte pour cuire\toven\tforno
00383	2026-08-13 15:39:15	0001	0002	les racines	n.\t\t뿌리들; 근원\t根; ルーツ (ne; rūtsu)\tparties souterraines; origines\troots\tradikoj
00384	2026-08-16 15:39:37	0001	0002	être servi	동사표현\t\t제공되다; 대접받다\t出される; 給仕される (dasareru; kyūji sareru)\trecevoir un plat ou un service\tto be served\testi servita
00385	2026-08-17 15:40:07	0001	0002	il nous faut	표현\t\t우리에게 ~이 필요하다\t私たちには〜が必要だ (watashitachi ni wa hitsuyō da)\tnous avons besoin de\twe need\tni bezonas
00386	2026-08-18 15:40:48	0001	0002	les décorations	n.\t\t장식들\t飾り; 装飾 (kazari; sōshoku)\tobjets servant à décorer\tdecorations\tornamaĵoj
00387	2026-08-18 15:41:11	0001	0002	楽しみ	명사・な형용사\ttanoshimi\t즐거움; 기대; 기다려지는 일\t\tplaisir; attente joyeuse\tpleasure; something to look forward to\tĝojo; atendata plezuro
00388	2026-08-15 15:41:42	0001	0002	煙突	n.\tentotsu\t굴뚝\t\tcheminée; conduit de fumée\tchimney\tkamentubo
00389	2026-08-17 15:42:15	0001	0002	la consommation d'énergie	명사구\t\t에너지 소비\tエネルギー消費 (enerugī shōhi)\tquantité d'énergie utilisée\tenergy consumption\tenergiokonsumo
00390	2026-08-17 15:42:47	0001	0002	もみの木	n.\tmomi no ki\t전나무; 크리스마스트리용 나무\t\tsapin\tfir tree\tabio
00391	2026-08-15 15:43:01	0001	0002	le musical	n.\t\t뮤지컬\tミュージカル (myūjikaru)\tspectacle combinant théâtre, chant et danse\tmusical\tmuzikalo
00392	2026-08-16 15:43:15	0001	0002	賛成	명사・동사\tsansei\t찬성\t\taccord; approbation\tapproval; agreement\taprobo; konsento
00393	2026-08-16 15:45:52	0001	0002	le réveillon	n.\t\t크리스마스·연말 전야 만찬\tクリスマスイブの宴; 大晦日の宴 (kurisumasu ibu no utage; ōmisoka no utage)\trepas festif de la veille de Noël ou du Nouvel An\tChristmas/New Year's Eve dinner\tfestvespera manĝo
00394	2026-08-14 17:13:52	0001	0002	maîtrise de toi	명사구\t\t자제력; 자기 통제\t自制心; 自己管理 (jiseishin; jiko kanri)\tcontrôle de soi\tself-control\tsinregado
00395	2026-08-15 17:14:10	0001	0002	している	문법표현\tshite iru\t하고 있다; 상태가 지속되다\t\têtre en train de; avoir l'état de\tbe doing; be in a state\testi faranta
00396	2026-08-13 17:14:31	0001	0002	le bout du monde	명사구\t\t세상 끝; 아주 먼 곳\t世界の果て (sekai no hate)\tlieu extrêmement éloigné\tthe end of the world; remote place\tla fino de la mondo
00397	2026-08-16 17:15:41	0001	0002	c'est invivable	표현\t\t살 수 없을 정도다; 견디기 힘들다\t住めないほどだ; 耐えられない (sumenai hodo da; taerarenai)\til est impossible d'y vivre ou de supporter\tit's unlivable; unbearable\tneloĝebla; netolerebla
00398	2026-08-18 17:17:04	0001	0002	寿命	n.\tjumyō\t수명; 생명 기간\t\tdurée de vie; longévité\tlifespan\tvivdaŭro
00399	2026-08-17 17:17:14	0001	0002	arrêter de	동사구\t\t~하기를 그만두다\t〜するのをやめる (suru no o yameru)\tcesser de\tto stop doing\tĉesi
00400	2026-08-16 17:17:32	0001	0002	反省	명사・동사\thansei\t반성; 되돌아봄\t\tréflexion sur ses erreurs; repentir\treflection; remorse\tmemkritiko; pento
00401	2026-08-16 17:18:02	0001	0002	火かき棒	n.\thikakibō\t부지깽이; 화로용 막대\t\ttisonnier\tpoker\tfajrostango
00402	2026-08-16 17:18:21	0001	0002	絶好調	명사・な형용사\tzekkōchō\t최상의 컨디션; 절호조\t\ten pleine forme; au meilleur niveau\tin top form\t en plej bona formo
00403	2026-08-17 17:18:53	0001	0002	une séance	n.\t\t회; 세션; 상영; 수업\t回; セッション; 上映 (kai; sesshon; jōei)\tpériode organisée d'une activité\tsession; screening\tseanco
00404	2026-08-17 17:19:35	0001	0002	l'avoir mis(e) de côté	동사표현\t\t그것을 따로 두었음; 저축해 두었음\tそれを取っておいた; 脇に置いた (sore o totte oita; waki ni oita)\tle fait de l'avoir réservé ou écarté\thaving put it aside\testi flankenmetinta ĝin
00405	2026-08-15 17:20:18	0001	0002	Joyeux Noël !	인사표현\t\t메리 크리스마스!\tメリークリスマス！ (merī kurisumasu)\tsouhait de Noël\tMerry Christmas!\tĜojan Kristnaskon!
00406	2026-08-15 05:57:06	0003	0004	le givre	n.\t\t서리; 성에\t霜; 氷霜 (shimo; hyōsō)\tdépôt de glace fin sur une surface\tfrost\trimo
00407	2026-08-16 17:21:52	0001	0002	l'odeur	n.\t\t냄새; 향기\t匂い; 香り (nioi; kaori)\témanation perçue par l'odorat\tsmell; odor\todoro
00408	2026-08-13 17:22:30	0001	0002	買い手	n.\tkaite\t구매자; 매수자\t\tacheteur; acquéreur\tbuyer\taĉetanto
00409	2026-08-17 17:22:53	0001	0002	オリーブ	n.\torību\t올리브\t\tolive\tolive\tolivo
00410	2026-08-13 17:23:03	0001	0002	allaient exploser	동사표현\t\t폭발할 것 같았다; 터지려 했다\t爆発しそうだった (bakuhatsu shisō datta)\tétaient sur le point d'exploser\twere going to explode\testis eksplodontaj
00411	2026-08-18 17:23:28	0001	0002	cuire / faire cuire	v.\t\t익히다; 요리하다; 익게 하다\t焼く; 煮る; 加熱する (yaku; niru; kanetsu suru)\tsoumettre à la chaleur pour préparer\tto cook; bake; boil\tkuiri
00412	2026-08-16 17:24:24	0001	0002	se laisser emporter par	동사구\t\t~에 휩쓸리다; 흥분에 맡기다\t〜に流される; 夢中になる (ni nagasareru; muchū ni naru)\tcéder à une émotion ou un mouvement\tto get carried away by\tlasi sin forporti de
00413	2026-08-13 17:25:00	0001	0002	ボクシング	n.\tbokushingu\t복싱\t\tboxe\tboxing\tboksado
00414	2026-08-16 17:25:10	0001	0002	ラッピング	명사・동사\trappingu\t포장; 선물 포장\t\temballage cadeau; emballer\twrapping\tpakado
00415	2026-08-13 17:25:25	0001	0002	なんとか	부사・대명사\tnantoka\t어떻게든; 그럭저럭; 무언가\t\td'une manière ou d'une autre; quelque chose\tsomehow; something\tiamaniere; io
00416	2026-08-16 17:25:52	0001	0002	壊す	v.\tkowasu\t부수다; 망가뜨리다\t\tcasser; détruire\tto break; destroy\trompi; detrui
00417	2026-08-15 05:57:16	0003	0004	試される	v.\ttamesareru\t시험받다\t\têtre mis à l'épreuve\tto be tested\testi provita
00418	2026-08-15 17:26:26	0001	0002	火	n.\thi\t불; 화재\t\tfeu\tfire\tfajro
00419	2026-08-14 17:26:35	0001	0002	生き延びよう	동사표현\tikinobiyō\t살아남자; 살아남으려 하자\t\ttentons de survivre\tlet's survive; try to survive\tni postvivu
00420	2026-08-16 17:27:18	0001	0002	落ちる	v.\tochiru\t떨어지다; 빠지다; 낙제하다\t\ttomber; échouer\tto fall; drop; fail\tfali; malsukcesi
00421	2026-08-11 17:37:58	0002	0003	おいおい	acc.\toi oi\t어이; 이봐; 설마\t\thé !; oh là !\the y; come on\thej; nu
00422	2026-08-14 17:28:02	0001	0002	薬を飲む	동사구\tkusuri o nomu\t약을 먹다\t\tprendre un médicament\tto take medicine\tpreni medikamenton
00423	2026-08-15 17:28:06	0001	0002	悲しい	い형용사\tkanashii\t슬프다\t\ttriste\tsad\tmalĝoja
00424	2026-08-16 17:28:15	0001	0002	une araignée	n.\t\t거미\t蜘蛛 (kumo)\tarthropode à huit pattes\tspider\taraneo
00425	2026-08-15 17:29:20	0001	0002	l'attention	n.\t\t주의; 관심; 배려\t注意; 関心; 気遣い (chūi; kanshin; kizukai)\tconcentration de l'esprit; soin\tattention\tatento
00426	2026-08-14 17:30:04	0001	0002	garde-le	명령표현\t\t그것을 가지고 있어; 지켜 둬\tそれを取っておいて (sore o totte oite)\tconserve-le\tkeep it\tkonservu ĝin
00427	2026-08-13 05:57:50	0003	0004	だらだら	adv.\tdarad ara\t질질; 빈둥빈둥; 장황하게\t\ttraîner; sans fin; paresseusement\tdawdling; endlessly; lazily\tmalvigle; senfine
00428	2026-08-13 17:31:08	0001	0002	la loi de la jungle	관용표현\t\t약육강식의 법칙\t弱肉強食の掟 (jakuniku kyōshoku no okite)\trègle où le plus fort domine\tlaw of the jungle\tleĝo de la ĝangalo
00429	2026-08-16 17:32:21	0001	0002	慣れる	v.\tnareru\t익숙해지다\t\ts'habituer\tto get used to\talkutimiĝi
00430	2026-08-13 17:32:53	0001	0002	少し	부사・명사\tsukoshi\t조금; 잠시\t\tun peu; légèrement\ta little; slightly\tiom; malmulte
00431	2026-08-14 17:33:04	0001	0002	だけ	조사・부사\tdake\t~만; ~만큼\t\tseulement; autant que\tonly; just\tnur
00432	2026-08-13 17:33:13	0001	0002	je ferai	동사표현\t\t내가 할 것이다\t私がする (watashi ga suru)\tje vais faire; futur de faire\tI will do\tmi faros
00433	2026-08-16 17:33:54	0001	0002	autoriser à	동사구\t\t~하도록 허가하다\t〜することを許可する (suru koto o kyoka suru)\tdonner la permission de\tto allow to\tpermesi
00434	2026-08-15 17:33:57	0001	0002	うまく	adv.\tumaku\t잘; 능숙하게; 순조롭게\t\tbien; habilement; avec succès\twell; skillfully; successfully\tbone; lerte; sukcese
00435	2026-08-14 17:34:19	0001	0002	サンタクロース	n.\tsanta kurōsu\t산타클로스\t\tPère Noël\tSanta Claus\tPatro Kristnasko
00436	2026-08-16 17:34:44	0001	0002	心配する	v.\tshinpai suru\t걱정하다\t\ts'inquiéter\tto worry\tmaltrankviliĝi
00437	2026-08-14 17:35:10	0001	0002	イルミネーション	n.\tiruminēshon\t일루미네이션; 장식 조명\t\tilluminations\tilluminations; decorative lights\tlumornamaĵoj
00438	2026-08-14 17:35:29	0001	0002	大変	な형용사・부사\ttaihen\t힘들다; 큰일; 매우\t\tdifficile; grave; très\tdifficult; serious; very\tmalfacila; grava; tre
00439	2026-08-14 17:35:46	0001	0002	un coup de chance	명사구\t\t행운; 운 좋은 우연\t幸運; ラッキーな偶然 (kōun; rakkī na gūzen)\tévénement favorable dû au hasard\tstroke of luck\tbonŝanca hazardo
00440	2026-08-18 17:36:32	0001	0002	冷蔵庫	n.\treizōko\t냉장고\t\tréfrigérateur\trefrigerator\tfridujo
00441	2026-08-18 17:36:44	0001	0002	pff	acc.\t\t후; 쳇; 어휴\tふう; ちぇっ (fū; che)\tsoupir d'agacement ou de fatigue\tpff; sigh\tpf; suspiro
00442	2026-08-14 17:37:32	0001	0002	gardien d'animaux	n.\t\t펫시터; 동물 돌보미\tペットシッター; 動物の世話人 (petto shittā; dōbutsu no sewanin)\tpersonne qui garde des animaux\tpet sitter\tbestgardisto
00443	2026-08-16 03:47:00	0001	0002	réduction	n.\t\t할인; 감소\t割引; 減少 (waribiki; genshō)\tbaisse de prix ou de quantité\tdiscount; reduction\trabato; redukto
00444	2026-08-16 03:47:23	0001	0002	スイーツ	n.\tsuītsu\t디저트; 단것\t\tdesserts; pâtisseries\tsweets; desserts\tdolĉaĵoj
00445	2026-08-17 03:48:06	0001	0002	les chaînes	n.\t\t사슬들; 체인점들; 채널들\t鎖; チェーン店; チャンネル (kusari; chēnten; channeru)\tsuites de maillons; réseaux; canaux\tchains; networks; channels\tĉenoj; retoj; kanaloj
00446	2026-08-18 03:49:06	0001	0002	猫砂	n.\tnekozuna / nekosuna\t고양이 모래\t\tlitière pour chat\tcat litter\tkatlita sablo
00447	2026-08-18 03:49:48	0001	0002	マラソン	n.\tmarason\t마라톤\t\tmarathon\tmarathon\tmaratono
00448	2026-08-19 03:50:11	0001	0002	la pharmacie	n.\t\t약국; 약학\t薬局; 薬学 (yakkyoku; yakugaku)\tcommerce de médicaments; science pharmaceutique\tpharmacy\tapoteko; farmacio
00449	2026-08-13 05:59:15	0003	0004	le substitut	n.\t\t대체물; 대리인\t代替品; 代理人 (daitaihin; dairinin)\télément qui remplace un autre\tsubstitute\tanstataŭaĵo
00450	2026-08-15 05:59:40	0003	0004	宗教	n.\tshūkyō\t종교\t\treligion\treligion\treligio
00451	2026-08-14 03:52:08	0001	0002	trempé	형용사\t\t흠뻑 젖은\tびしょ濡れの (bishonure no)\tcomplètement mouillé\tsoaked\ttute malseka
00452	2026-08-15 06:16:41	0003	0004	encourager à	동사구\t\t~하도록 격려하다\t〜するよう励ます (suru yō hagemasu)\tinciter positivement à\tto encourage to\tinstigi
00453	2026-08-18 03:54:16	0001	0002	un navet	명사・구어\t\t순무; 졸작 영화\tカブ; 駄作映画 (kabu; dasaku eiga)\tlégume; mauvais film\tturnip; bad movie\tnapo; malbona filmo
00454	2026-08-17 03:55:54	0001	0002	全然違った	동사표현\tzenzen chigatta\t전혀 달랐다\t\tc'était complètement différent\tit was completely different\tĝi estis tute malsama
00455	2026-08-17 03:56:18	0001	0002	衝動買い	명사・동사\tshōdōgai\t충동구매\t\tachat impulsif\timpulse buying\timpulsa aĉeto
00456	2026-08-19 03:57:04	0001	0002	恥ずかしい	い형용사\thazukashii\t부끄럽다; 창피하다\t\thonteux; embarrassé\tembarrassed; ashamed\thontema; embarasita
00457	2026-08-18 03:58:10	0001	0002	il traînait	동사표현\t\t그가 빈둥거렸다; 그것이 널려 있었다\t彼はぶらぶらしていた; それが放置されていた (kare wa burabura shite ita; sore ga hōchi sarete ita)\til restait sans but ou était laissé là\the was hanging around; it was lying around\tli vagadis; ĝi kuŝis ĉirkaŭe
00458	2026-08-19 03:59:13	0001	0002	j'te jure	구어표현\t\t진짜야; 맹세해\t本当だよ; 誓うよ (hontō da yo; chikau yo)\tje te promets que c'est vrai\tI swear\tmi ĵuras
00459	2026-08-17 03:59:57	0001	0002	抽選	명사・동사\tchūsen\t추첨; 제비뽑기\t\ttirage au sort\tlottery drawing\tlotado
00460	2026-08-15 04:00:31	0001	0002	寝ていた / 寝てた	v.\tne te ita / neteta\t자고 있었다\t\tdormait; était couché\twas sleeping\testis dormanta
00461	2026-08-14 06:17:10	0003	0004	女優 / 俳優	n.\tjoyū / haiyū\t여배우 / 배우\t\tactrice / acteur\tactress / actor\taktorino / aktoro
00462	2026-08-15 04:02:15	0001	0002	そりゃそうだろう	구어표현\tsorya sō darō\t그야 당연하지; 그렇겠지\t\tévidemment; c'est logique\twell, obviously; of course\tkompreneble
00463	2026-08-14 04:02:48	0001	0002	たぶん	adv.\ttabun\t아마; 아마도\t\tprobablement; peut-être\tprobably; maybe\tverŝajne; eble
00464	2026-08-18 04:03:11	0001	0002	ventre	n.\t\t배; 복부\tお腹; 腹 (onaka; hara)\tpartie abdominale du corps\tbelly; abdomen\tventro
00465	2026-08-16 04:04:36	0001	0002	louper	v.\t\t놓치다; 실패하다\t逃す; 失敗する (nogasu; shippai suru)\trater\tto miss; fail\tmaltrafi; malsukcesi
00466	2026-08-16 04:05:34	0001	0002	洗剤	n.\tsenzai\t세제\t\tdétergent; lessive\tdetergent\tlesivo
00467	2026-08-18 04:06:02	0001	0002	豆	n.\tmame\t콩; 작은 것\t\tharicot; fève; petit objet\tbean\tfabo
00468	2026-08-18 04:06:42	0001	0002	狂う	v.\tkuruu\t미치다; 어긋나다; 고장나다\t\tdevenir fou; se dérégler\tto go mad; go out of order\tfreneziĝi; misfunkcii
00469	2026-08-18 04:07:46	0001	0002	le/la fan	n.\t\t팬; 열성 지지자\tファン; 愛好家 (fan; aikōka)\tadmirateur passionné\tfan\tadoranto
00470	2026-08-16 04:08:47	0001	0002	végétal(e)	형용사・명사\t\t식물의; 식물성의; 식물\t植物の; 植物性の; 植物 (shokubutsu no; shokubutsusei no; shokubutsu)\trelatif aux plantes; plante\tplant-based; vegetal\tplanta
00471	2026-08-14 04:09:27	0001	0002	買い物	명사・동사\tkaimono\t쇼핑; 장보기\t\tcourses; shopping\tshopping\taĉetado
00472	2026-08-16 04:09:41	0001	0002	croustillant(e)	형용사\t\t바삭바삭한\tサクサクした; カリカリした (sakusaku shita; karikari shita)\tqui craque sous la dent\tcrispy; crunchy\tkrusteca; krakema
00473	2026-08-16 04:11:36	0001	0002	le sapin de Noël	명사구\t\t크리스마스트리; 크리스마스 전나무\tクリスマスツリー; もみの木 (kurisumasu tsurī; momi no ki)\tarbre décoré pour Noël\tChristmas tree\tkristnaska arbo
00474	2026-08-15 04:11:54	0001	0002	bureau	n.\t\t책상; 사무실\t机; オフィス (tsukue; ofisu)\tmeuble de travail; local professionnel\tdesk; office\tskribotablo; oficejo
00475	2026-08-16 04:13:06	0001	0002	がっかりしてる	동사표현\tgakkari shiteru\t실망해 있다\t\têtre déçu\tto be disappointed\testi seniluziigita
00476	2026-08-14 04:14:21	0001	0002	venimeux/venimeuse	형용사\t\t독이 있는; 독설의\t毒のある; 悪意のある (doku no aru; akui no aru)\tqui produit du venin; malveillant\tvenomous; spiteful\tvenena; malica
00477	2026-08-17 04:16:27	0001	0002	croiser les doigts	관용표현\t\t행운을 빌다; 손가락을 꼬다\t幸運を祈る; 指を交差させる (kōun o inoru; yubi o kōsa saseru)\tespérer que tout se passe bien\tto cross one's fingers\tteni la fingrojn krucitaj
00478	2026-08-14 04:18:53	0001	0002	待ちきれない	동사표현\tmachikirenai\t기다릴 수 없다; 몹시 기대된다\t\tne pas pouvoir attendre\tcan't wait\tne povi atendi
00479	2026-08-16 04:20:08	0001	0002	faire peur	동사구\t\t무섭게 하다\t怖がらせる (kowagaraseru)\teffrayer\tto scare\ttimigi
00480	2026-08-16 04:21:06	0001	0002	シャワー	n.\tshawā\t샤워\t\tdouche\tshower\tduŝo
00481	2026-08-17 04:21:33	0001	0002	sieste express	명사구\t\t짧은 낮잠; 파워 냅\t短い昼寝; パワーナップ (mijikai hirune; pawā nappu)\tsieste très courte\tpower nap\trapida dormeto
00482	2026-08-16 04:24:24	0001	0002	誤解	명사・동사\tgokai\t오해\t\tmalentendu; méprise\tmisunderstanding\tmiskompreno
00483	2026-08-15 04:25:51	0001	0002	するしかない	문법표현\tsuru shika nai\t할 수밖에 없다\t\tn'avoir d'autre choix que de faire\thave no choice but to do\tdevi fari
00484	2026-08-16 04:27:02	0001	0002	la cognition	n.\t\t인지; 인지 작용\t認知; 認知機能 (ninchi; ninchi kinō)\tprocessus de connaissance\tcognition\tkono
00485	2026-08-17 04:27:53	0001	0002	la circulation	n.\t\t교통; 순환; 유통\t交通; 循環; 流通 (kōtsū; junkan; ryūtsū)\tmouvement des véhicules, fluides ou biens\ttraffic; circulation\ttrafiko; cirkulado
00486	2026-08-16 04:29:27	0001	0002	prendre des résolutions	동사구\t\t결심을 세우다; 새해 목표를 정하다\t決意する; 新年の抱負を立てる (ketsui suru; shinnen no hōfu o tateru)\tdécider de nouveaux objectifs\tto make resolutions\tfari decidojn
00487	2026-08-18 04:32:00	0001	0002	発見する	v.\thakken suru\t발견하다\t\tdécouvrir\tto discover\tmalkovri
00488	2026-08-17 04:32:28	0001	0002	滑る	v.\tsuberu\t미끄러지다; 스케이트를 타다\t\tglisser; patiner\tto slip; slide; skate\tgliti; sketi
00489	2026-08-17 04:33:00	0001	0002	digérer	v.\t\t소화하다; 이해·수용하다\t消化する; 受け入れる (shōka suru; ukeireru)\ttransformer les aliments; assimiler\tto digest\tdigesti
00490	2026-08-18 04:35:37	0001	0002	une salle	n.\t\t방; 홀; 상영관\t部屋; ホール; 上映室 (heya; hōru; jōeishitsu)\tpièce ou espace intérieur\troom; hall\tĉambro; salono
00491	2026-08-15 04:37:36	0001	0002	chanter	v.\t\t노래하다\t歌う (utau)\tproduire une mélodie avec la voix\tto sing\tkanti
00492	2026-08-15 04:38:30	0001	0002	出る	v.\tderu\t나오다; 나가다; 출연하다\t\tsortir; apparaître; participer\tto go out; appear\teliri; aperi
00493	2026-08-18 04:39:57	0001	0002	magasins de cosmétiques	명사구\t\t화장품 가게들\t化粧品店 (keshōhinten)\tboutiques vendant des produits de beauté\tcosmetics stores\tkosmetikvendejoj
00494	2026-08-18 04:43:18	0001	0002	破産	명사・동사\thasan\t파산\t\tfaillite; faire faillite\tbankruptcy\tbankroto
00495	2026-08-17 04:45:12	0001	0002	胃薬	n.\tigusuri\t위장약; 소화제\t\tmédicament pour l'estomac\tstomach medicine\tstomakmedikamento
00496	2026-08-18 04:49:21	0001	0002	tenir bon	관용표현\t\t버티다; 굳세게 견디다\t持ちこたえる; 頑張る (mochikotaeru; ganbaru)\trésister sans abandonner\thold on; stand firm\telteni; persisti
00497	2026-08-17 04:55:13	0001	0002	爆撃	명사・동사\tbakugeki\t폭격\t\tbombardement\tbombing\tbombado
00498	2026-08-15 04:57:27	0001	0002	être à court de	동사구\t\t~이 바닥나다; 부족하다\t〜を切らしている (o kirashite iru)\tne plus avoir assez de\tto run out of\telĉerpiĝi je
00499	2026-08-16 05:01:45	0001	0002	やばい	い형용사・감탄사\tyabai\t위험하다; 큰일이다; 대박이다\t\tdangereux; grave; génial en argot\tdangerous; bad; awesome\t danĝera; terura; mojosa
00500	2026-08-15 05:04:27	0001	0002	進化してて	동사표현\tshinka shitete\t진화하고 있어서; 발전해 있어서\t\tayant évolué; étant très avancé\thaving evolved\t evoluinta
00501	2026-08-18 05:05:58	0001	0002	carnivores	명사・형용사\t\t육식동물들; 육식성의\t肉食動物; 肉食の (nikushoku dōbutsu; nikushoku no)\tanimaux qui mangent de la viande\tcarnivores\tkarnomanĝuloj
00502	2026-08-18 05:55:06	0001	0002	s'attendre à	동사구\t\t~을 예상하다\t〜を予想する; 覚悟する (o yosō suru; kakugo suru)\tprévoir comme probable\tto expect\tatendi; antaŭvidi
00503	2026-08-18 05:56:06	0001	0002	交通規則	n.\tkōtsū kisoku\t교통 규칙\t\tcode de la route; règles de circulation\ttraffic rules\ttrafikreguloj
00504	2026-08-16 05:57:11	0001	0002	期待外れ	명사・な형용사\tkitai hazure\t기대에 못 미침; 실망스러운\t\tdécevant; déception\tdisappointing\t seniluziiga
00505	2026-08-16 05:58:15	0001	0002	我慢	명사・동사\tgaman\t참음; 인내\t\tpatience; endurance\tpatience; endurance\tpacienco; elteno
00506	2026-08-16 05:59:11	0001	0002	saturé	형용사\t\t포화된; 꽉 찬\t飽和した; いっぱいの (hōwa shita; ippai no)\trempli jusqu'à la limite\tsaturated\t saturita
00507	2026-08-16 06:02:32	0001	0002	cuire à la vapeur	동사구\t\t찌다; 증기로 익히다\t蒸す (musu)\tcuire avec de la vapeur\tto steam\tvaporkuiri
00508	2026-08-18 06:04:06	0001	0002	ベッド	n.\tbeddo\t침대\t\tlit\tbed\tlito
00509	2026-08-16 06:04:17	0001	0002	pourtant	접속부사\t\t그런데도; 하지만\tそれなのに; しかし (sore na noni; shikashi)\tcependant; malgré cela\tyet; however\ttamen
00510	2026-08-18 06:07:26	0001	0002	やる気	n.\tyaruki\t의욕; 동기\t\tmotivation; envie d'agir\tmotivation\tmotivado
00511	2026-08-19 06:07:54	0001	0002	je te préviens	표현\t\t미리 말해 두는데; 경고할게\t言っておく; 警告する (itte oku; keikoku suru)\tje t'avertis\tI'm warning you\tmi avertas vin
00512	2026-08-15 06:09:23	0001	0002	近所	n.\tkinjo\t근처; 이웃 동네\t\tvoisinage; quartier\tneighborhood\tkvartalo; najbareco
00513	2026-08-18 06:10:56	0001	0002	装飾	명사・동사\tsōshoku\t장식; 꾸밈\t\tdécoration; ornement\tdécoration; ornament\tornamado; ornamaĵo
00514	2026-08-15 06:11:17	0001	0002	enseigner à	동사구\t\t~에게 가르치다\t〜に教える (ni oshieru)\tapprendre quelque chose à quelqu'un\tto teach someone\tinstrui al
00515	2026-08-19 06:13:59	0001	0002	graine	n.\t\t씨앗; 종자\t種; 種子 (tane; shushi)\torgane végétal capable de germer\tseed\tsemo
00516	2026-08-17 06:15:27	0001	0002	être à la bourre	구어표현\t\t시간에 쫓기다; 늦다\t時間に遅れている; 急いでいる (jikan ni okurete iru; isoide iru)\têtre très en retard\tto be running late\tmalfrui
00517	2026-08-16 06:20:03	0001	0002	envie	n.\t\t욕구; 하고 싶은 마음; 부러움\t欲求; したい気持ち; 羨望 (yokkyū; shitai kimochi; senbō)\tdésir; jalousie\tdesire; urge; envy\tdeziro; envio
00518	2026-08-14 07:04:12	0001	0002	le rhume	n.\t\t감기; 코감기\t風邪; 鼻風邪 (kaze; hanakaze)\tinfection légère des voies respiratoires\tcommon cold\tmalvarmumo
00519	2026-08-18 07:13:09	0001	0002	la célébrité	n.\t\t명성; 유명인\t名声; 有名人 (meisei; yūmeijin)\tfait d'être célèbre; personne célèbre\tfame; celebrity\tfamo; famulo
00520	2026-08-16 07:15:19	0001	0002	un bon d'achat	명사구\t\t상품권; 구매 쿠폰\t商品券; 購入クーポン (shōhinken; kōnyū kūpon)\ttitre utilisable pour payer un achat\tvoucher; gift certificate\taĉetkupono
00521	2026-08-15 07:21:41	0003	0004	ゴロゴロ（喉を）鳴らす	동사구\tgorogoro nodo o narasu\t고양이가 가르랑거리다\t\tronronner\tto purr\tronkroni
00522	2026-08-17 07:18:33	0001	0002	le scénario	n.\t\t시나리오; 각본; 상황 전개\t脚本; シナリオ (kyakuhon; shinario)\ttexte et déroulement d'un film\tscreenplay; scenario\tscenaro
00523	2026-08-18 07:20:36	0001	0002	ponctuel(le)	형용사\t\t시간을 잘 지키는; 일시적인\t時間厳守の; 一時的な (jikan genshu no; ichijiteki na)\tà l'heure; limité à un point\tpunctual; occasional\takurata; punktuala
00524	2026-08-17 07:21:07	0001	0002	le réalisme	n.\t\t현실주의; 사실성\tリアリズム; 現実感 (riarizumu; genjitsukan)\tcaractère fidèle à la réalité\trealism\trealismo
00525	2026-08-18 07:27:10	0001	0002	飼い主	n.\tkainushi\t반려동물 주인\t\tpropriétaire d'un animal\tpet owner\tbestoposedanto
00526	2026-08-15 07:28:10	0001	0002	～やらない？	구어표현\tyaranai?\t~하지 않을래?\t\ttu ne veux pas faire... ?\twant to do...? \tĉu vi volas fari...?
00527	2026-08-15 07:28:43	0001	0002	役立つ	v.\tyakudatsu\t도움이 되다; 유용하다\t\têtre utile\tto be useful\testi utila
00528	2026-08-17 07:29:34	0001	0002	le robot de cuisine	명사구\t\t푸드 프로세서; 주방 로봇\tフードプロセッサー; 調理ロボット (fūdo purosessā; chōri robotto)\tappareil multifonction pour cuisiner\tfood processor; kitchen robot\tkuireja roboto
00529	2026-08-15 07:31:18	0001	0002	選んだ	v.\teranda\t골랐다; 선택했다\t\ta choisi\tchose\telektis
00530	2026-08-16 07:31:59	0001	0002	肉食	명사・な형용사\tnikushoku\t육식; 육식성\t\tcarnivore; consommation de viande\tcarnivory; meat-eating\tkarnomanĝado
00531	2026-08-15 07:32:32	0001	0002	当たる	v.\tataru\t맞다; 당첨되다; 해당하다\t\ttoucher; gagner; correspondre\tto hit; win; apply\ttrafi; gajni
00532	2026-08-15 07:33:01	0001	0002	centaines	n.\t\t수백; 백 단위\t何百; 数百 (nanbyaku; sūhyaku)\tplusieurs groupes de cent\thundreds\tcentoj
00533	2026-08-16 07:34:23	0001	0002	le cinéma	n.\t\t영화; 영화관; 영화 예술\t映画; 映画館; 映画芸術 (eiga; eigakan; eiga geijutsu)\tart du film; salle de projection\tcinema; movie theater\tkino; kinejo
00534	2026-08-15 07:34:56	0001	0002	飾り付け	명사・동사\tkazaritsuke\t장식하기; 꾸밈\t\tdécoration; mise en place des ornements\tdecorating\tornamado
00535	2026-08-15 07:35:37	0001	0002	半ば	명사・부사\tnakaba\t중반; 절반; 거의\t\tmilieu; moitié; à demi\tmiddle; halfway\tmezo; duone
00536	2026-08-14 07:37:19	0001	0002	説き伏せる	v.\ttokifuseru\t설득해서 납득시키다\t\tconvaincre par le raisonnement\tto persuade\tkonvinki
00537	2026-08-16 07:39:27	0001	0002	試着	명사・동사\tshichaku\t옷을 입어 봄; 피팅\t\tessayage\ttrying on clothes\tprovado de vestaĵoj
00538	2026-08-15 07:39:49	0001	0002	もう少し	adv.\tmō sukoshi\t조금 더; 조금만 더\t\tencore un peu\ta little more\tiom pli
00539	2026-08-14 13:41:47	0001	0002	grimé(e)	형용사\t\t분장한; 진한 화장을 한\t扮装した; 厚化粧した (fun sō shita; atsugeshō shita)\tmaquillé pour changer d'apparence\tmade up; disguised\tmaskita; ŝminkita
00540	2026-08-16 13:47:37	0001	0002	les boules	명사・구어표현\t\t공들; 크리스마스 장식구; 짜증·실망\t球; クリスマスボール; がっかり (tama; kurisumasu bōru; gakkari)\tobjets ronds; sentiment de dépit\tballs; Christmas baubles; frustration\tgloboj; kristnaskaj globoj
00541	2026-08-16 13:48:22	0001	0002	終わる	v.\towaru\t끝나다\t\tfinir; se terminer\tto end; finish\tfiniĝi
00542	2026-08-17 13:48:32	0001	0002	la réalité virtuelle	명사구\t\t가상현실\tバーチャルリアリティ; 仮想現実 (bācharu riariti; kasō genjitsu)\ttechnologie simulant un environnement\tvirtual reality\tvirtuala realo
00543	2026-08-14 13:49:50	0001	0002	トリック・オア・トリート	표현\ttorikku oa torīto\t트릭 오어 트리트; 사탕 안 주면 장난칠 거야\t\tdes bonbons ou un sort\ttrick or treat\tdolĉaĵo aŭ petolo
00544	2026-08-17 13:52:39	0001	0002	l'ombre	n.\t\t그림자; 그늘\t影; 日陰 (kage; hikage)\tzone non éclairée produite par un obstacle\tshadow; shade\tombro
00545	2026-08-18 13:54:28	0001	0002	超	접두사・부사\tchō\t초~; 매우\t\tultra; super\tultra; super\tsuper; tre
00546	2026-08-14 13:54:52	0001	0002	クリスマスプレゼント	n.\tkurisumasu purezento\t크리스마스 선물\t\tcadeau de Noël\tChristmas present\tkristnaska donaco
00547	2026-08-17 13:55:13	0001	0002	tousser	v.\t\t기침하다\t咳をする (seki o suru)\texpulser brusquement de l'air par la gorge\tto cough\ttusi
00548	2026-08-15 13:57:59	0001	0002	regretter de	동사구\t\t~한 것을 후회하다; 유감으로 여기다\t〜したことを後悔する (shita koto o kōkai suru)\téprouver du regret d'avoir fait\tto regret doing\tbedaŭri
00549	2026-08-18 14:03:06	0001	0002	壁	n.\tkabe\t벽\t\tmur\twall\tmuro
00550	2026-08-18 06:17:25	0001	0002	のが	문법표현\tno ga\t~하는 것이; 명사화+주격\t\tle fait de... comme sujet\tthe act of... as subject\tla ago de... kiel subjekto
00551	2026-08-16 06:17:51	0001	0002	爬虫類	n.\thachūrui\t파충류\t\treptile\treptile\treptilio
00552	2026-08-17 06:18:13	0001	0002	大文字	n.\tōmoji\t대문자\t\tmajuscule\tcapital letter\tmajusklo
00553	2026-08-17 06:18:32	0001	0002	éviter de	동사구\t\t~하지 않도록 피하다\t〜するのを避ける (suru no o sakeru)\tne pas faire; contourner\tto avoid doing\teviti
00554	2026-08-16 06:19:31	0001	0002	à l'autre bout de	전치사구\t\t~의 반대편 끝에\t〜の反対側の端に (no hantaigawa no hashi ni)\tà l'extrémité opposée de\tat the other end of\tĉe la alia fino de
00555	2026-08-16 06:20:36	0001	0002	クレンジング	n.\tkurenzingu\t클렌징; 화장 지우기\t\tdémaquillage; nettoyant\tcleansing; makeup remover\tvizaĝpurigado
00556	2026-08-16 06:20:57	0001	0002	見知らぬ人	n.\tmishiranu hito\t낯선 사람\t\tinconnu; étrangère\tstranger\tfremdulo
00557	2026-08-10 06:22:46	0002	0002	売る	v.\turu\t팔다\t\tvendre\tto sell\tvendi
00558	2026-08-16 06:21:58	0001	0002	リース	n.\trīsu\t리스; 화환; 임대\t\tcouronne décorative; crédit-bail\twreath; lease\tkrono; luo
00559	2026-08-20 06:22:12	0001	0002	beau/belle	형용사・명사\t\t아름다운; 잘생긴; 미인\t美しい; ハンサムな; 美人 (utsukushii; hansamu na; bijin)\tagréable à voir; joli\tbeautiful; handsome\tbela
00560	2026-08-17 06:22:52	0001	0002	カロリー	n.\tkarorī\t칼로리\t\tcalorie\tcalorie\tkalorio
00561	2026-08-19 06:23:02	0001	0002	朝食	n.\tchōshoku\t아침 식사\t\tpetit-déjeuner\tbreakfast\tmatenmanĝo
00562	2026-08-16 06:23:32	0001	0002	あちこち	대명사・부사\tachikochi\t여기저기\t\tpartout; ici et là\there and there; all over\ttie kaj tie
00563	2026-08-16 06:24:13	0001	0002	grelotter	v.\t\t추워서 떨다\t寒さで震える (samusa de furueru)\ttrembler de froid\tto shiver\tfrostotremi
00564	2026-08-17 06:26:18	0001	0002	汗だく	명사・な형용사\tasedaku\t땀투성이\t\ten sueur; couvert de sueur\tdrenched in sweat\tŝvitkovrita
00565	2026-08-17 06:26:56	0001	0002	詐欺電話	n.\tsagi denwa\t사기 전화\t\tappel frauduleux; arnaque téléphonique\tscam call\tfraŭda telefonvoko
00566	2026-08-19 06:27:35	0001	0002	あるんだ	구어표현\tarun da\t있는 거야; 있단 말이야\t\til y en a; c'est qu'il existe\tthere is; you see, it exists\tekzistas
00567	2026-08-16 06:29:04	0001	0002	物干し	n.\tmonohoshi\t빨래 건조대; 빨랫줄\t\tétendoir; corde à linge\tclothes-drying rack\tsekigilo
00568	2026-08-19 06:31:07	0001	0002	le canard	n.\t\t오리; 신문; 오보\tアヒル; 新聞; 誤報 (ahiru; shinbun; gohō)\toiseau aquatique; journal; fausse nouvelle\tduck; newspaper; false report\tanaso; gazeto
00569	2026-08-20 06:34:19	0001	0002	ça passe	표현\t\t괜찮다; 통과한다; 넘어간다\t大丈夫だ; 通る (daijōbu da; tōru)\tc'est acceptable; cela traverse\tit works; it passes\tĝi taŭgas; ĝi pasas
00570	2026-08-16 06:44:23	0001	0002	passer son temps à	동사구\t\t시간을 ~하며 보내다\t〜して時間を過ごす (shite jikan o sugosu)\temployer son temps à\tto spend one's time doing\tpasigi sian tempon
00571	2026-08-16 06:45:26	0001	0002	les baskets	n.\t\t운동화\tスニーカー; 運動靴 (sunīkā; undōgutsu)\tchaussures de sport\tsneakers\tŝuoj sportaj
00572	2026-08-19 06:46:46	0001	0002	affrontant	현재분사・형용사\t\t맞서고 있는; 대면하는\t立ち向かっている; 対峙する (tachimukatte iru; taiji suru)\tqui fait face à\texperiencing; facing\talfrontanta
00573	2026-08-16 07:00:40	0001	0002	セール	n.\tsēru\t세일; 할인 판매\t\tsoldes; promotion\tsale\trabata vendo
00574	2026-08-19 07:01:02	0001	0002	la dégustation	n.\t\t시식; 시음\t試食; 試飲 (shishoku; shiin)\taction de goûter avec attention\ttasting\tgustumado
00575	2026-08-19 07:03:04	0001	0002	te rendrait zen	동사표현\t\t너를 편안하게 만들 것이다\t君を落ち着かせるだろう (kimi o ochitsukaseru darō)\tte ferait devenir calme\twould make you calm\ttrankviligus vin
00576	2026-08-18 07:03:16	0001	0002	消えてしまう	동사표현\tkiete shimau\t사라져 버리다\t\tdisparaître complètement\tto disappear entirely\tmalaperi
00577	2026-08-17 07:04:29	0001	0002	ほど	조사・부사\thodo\t~정도; ~만큼; ~할수록\t\tau point de; environ; autant que\tto the extent; about; as much as\tĝis la grado; ĉirkaŭ
00578	2026-08-19 07:05:46	0001	0002	refuser	v.\t\t거절하다; 거부하다\t断る; 拒否する (kotowaru; kyohi suru)\tne pas accepter\tto refuse\trifuzi
00579	2026-08-19 07:06:21	0001	0002	soirée	n.\t\t저녁 시간; 파티\t夜; パーティー (yoru; pātī)\tpériode du soir; fête\tevening; party\tvespero; festo
00580	2026-08-17 07:06:39	0001	0002	y'a pas à	구어표현\t\t~할 필요가 없다; 이견의 여지가 없다\t〜する必要はない; 文句なし (suru hitsuyō wa nai; monku nashi)\til n'est pas nécessaire de; aucun doute\tthere's no need to; no question\tnenecesas; sendube
00581	2026-08-19 07:10:07	0001	0002	ちゃんと	adv.\tchanto\t제대로; 확실히; 단정하게\t\tcorrectement; comme il faut\tproperly; correctly\tĝuste; dece
00582	2026-08-15 07:11:32	0001	0002	さっき	adv.\tsakki\t아까; 방금 전\t\ttout à l'heure; il y a un instant\ta moment ago\tantaŭ momento
00583	2026-08-19 07:13:07	0001	0002	オッズ	n.\tozzu\t배당률; 승산\t\tcote; probabilités\todds\tvetkvoto; ŝanco
00584	2026-08-17 07:15:51	0001	0002	tenu jusqu'au bout	동사표현\t\t끝까지 버텼다\t最後まで持ちこたえた (saigo made mochikotaeta)\ta résisté jusqu'à la fin\theld on to the end\teltenis ĝis la fino
00585	2026-08-19 07:24:59	0001	0002	希望	명사・동사\tkibō\t희망; 바람\t\tespoir; souhait\thope; wish\tespero; deziro
00586	2026-08-17 07:25:08	0001	0002	le tire-bouchon	n.\t\t코르크 마개뽑이\tコルク抜き (koruku nuki)\toutil pour retirer un bouchon\tcorkscrew\tkorktirilo
00587	2026-08-15 07:33:51	0001	0002	une citrouille	n.\t\t호박\tカボチャ (kabocha)\tgros fruit orange de la famille des courges\tpumpkin\tkukurbo
00588	2026-08-16 07:36:25	0001	0002	échantillon	n.\t\t샘플; 표본\t試供品; 標本 (shikyōhin; hyōhon)\tpetite quantité représentative\tsample\tspecimeno; provaĵo
00589	2026-08-19 07:38:15	0001	0002	faire cette tête	관용표현\t\t그런 표정을 짓다\tそんな顔をする (sonna kao o suru)\tprendre cette expression du visage\tto make that face\tfari tian mienon
00590	2026-08-18 07:38:21	0001	0002	目覚まし	n.\tmezamashi\t알람; 자명종\t\tréveil; alarme\talarm clock\tvekhorloĝo
00591	2026-08-17 07:39:03	0001	0002	double authentification	n.\t\t이중 인증; 2단계 인증\t二段階認証 (nidankai ninshō)\tvalidation de connexion en deux étapes\ttwo-factor authentication\tdufaktora aŭtentigo
00592	2026-08-20 07:41:13	0001	0002	好み	n.\tkonomi\t취향; 선호\t\tgoût; préférence\ttaste; preference\tgusto; prefero
00593	2026-08-15 07:42:29	0001	0002	大声	명사・부사\tōgoe\t큰 소리; 큰 목소리로\t\tvoix forte; à haute voix\tloud voice; loudly\tlaŭta voĉo
00594	2026-08-20 07:45:05	0001	0002	覚えてる	동사표현\toboeteru\t기억하고 있다\t\tse souvenir; avoir mémorisé\tto remember\tmemori
00595	2026-08-16 07:45:55	0001	0002	ancien	형용사・명사\t\t옛날의; 이전의; 고대인\t古い; 元の; 古代人 (furui; moto no; kodaijin)\tvieux; précédent; personne d'autrefois\told; former; ancient\tmalnova; iama
00596	2026-08-15 07:48:25	0001	0002	肉食植物	n.\tnikushoku shokubutsu\t식충식물; 육식 식물\t\tplante carnivore\tcarnivorous plant\tkarnovora planto
00597	2026-08-19 07:49:52	0001	0002	自制心	n.\tjiseishin\t자제력; 자기 통제\t\tmaîtrise de soi\tself-control\tsinregado
00598	2026-08-17 07:50:36	0001	0002	すってんてん	な형용사・부사\tsuttenten\t빈털터리; 완전히 무일푼\t\tsans le sou; complètement ruiné\tflat broke\tsenmonera
00599	2026-08-19 07:51:57	0001	0002	いたるところ	부사구\titaru tokoro\t도처에; 곳곳에\t\tpartout; en tous lieux\teverywhere\tĉie
00600	2026-08-19 07:54:16	0001	0002	覚悟	명사・동사\tkakugo\t각오; 마음의 준비\t\trésolution; préparation mentale\tresolve; readiness\tdecido; preteco
00601	1970-01-01 00:00:00	0000	0000	頑張る	v.\tganbaru\t힘내다; 노력하다; 버티다\t\tfaire de son mieux; tenir bon\tto do one's best; persevere\tklopodi; persisti
00602	1970-01-01 00:00:00	0000	0000	se geler les doigts	관용표현\t\t손가락이 얼어붙을 듯 춥다\t指が凍える (yubi ga kogoeru)\tavoir les doigts extrêmement froids\tto freeze one's fingers\tfrostigi siajn fingrojn
00603	1970-01-01 00:00:00	0000	0000	見向きもしない	동사표현\tmimuki mo shinai\t거들떠보지도 않다\t\tne pas même regarder; ignorer totalement\tto not even look at; ignore\t tute ignori
00604	1970-01-01 00:00:00	0000	0000	計画	명사・동사\tkeikaku\t계획\t\tplan; projet\tplan\tplano
00605	1970-01-01 00:00:00	0000	0000	ぶり	접미사・명사\tburi\t~만; 모습·방식; 방어(생선)\t\tdepuis; manière; sériole\tafter an interval; manner; yellowtail\tpost intervalo; maniero
00606	1970-01-01 00:00:00	0000	0000	お会計	n.\tokaikei\t계산; 계산서; 결제\t\taddition; paiement\tbill; checkout\tkalkulo; pago
00607	1970-01-01 00:00:00	0000	0000	一周	명사・동사\tisshū\t한 바퀴; 일주\t\tun tour; faire le tour\tone lap; one circuit\tunu rondiro
00608	1970-01-01 00:00:00	0000	0000	濡れる	v.\tnureru\t젖다\t\tse mouiller; être mouillé\tto get wet\tmalsekiĝi
00609	1970-01-01 00:00:00	0000	0000	argumenter	v.\t\t논증하다; 말다툼하다\t論証する; 言い争う (ronshō suru; iiarasou)\tdonner des arguments; discuter vivement\tto argue; reason\targumenti; disputi
00610	1970-01-01 00:00:00	0000	0000	tubes	n.\t\t튜브들; 히트곡들\t管; チューブ; ヒット曲 (kuda; chūbu; hitto kyoku)\tobjets cylindriques; chansons à succès\ttubes; hit songs\ttuboj; furoraĵoj
00611	1970-01-01 00:00:00	0000	0000	罠	n.\twana\t덫; 함정\t\tpiège; embuscade\ttrap; snare\tkaptilo
00612	1970-01-01 00:00:00	0000	0000	道路	n.\tdōro\t도로; 길\t\troute; chaussée\troad\tvojo
00613	1970-01-01 00:00:00	0000	0000	どんどん	adv.\tdondon\t계속해서; 빠르게; 거리낌 없이\t\tde plus en plus; rapidement; sans hésiter\trapidly; steadily; one after another\trapide; senĉese
00614	1970-01-01 00:00:00	0000	0000	fétiches	명사·형용사\t\t부적들; 애착 물건들; 가장 좋아하는\tお守り; 愛用品; お気に入りの (omamori; aiyōhin; okiniiri no)\tobjets porte-bonheur; préférés\tfetishes; favorite items\tfetiĉoj; plej ŝatataj
00615	1970-01-01 00:00:00	0000	0000	なくす	v.\tnakusu\t잃어버리다; 없애다\t\tperdre; supprimer\tto lose; eliminate\tperdi; forigi
00616	1970-01-01 00:00:00	0000	0000	portable	명사·형용사\t\t휴대전화; 휴대 가능한\t携帯電話; 持ち運べる (keitai denwa; mochihakoberu)\ttéléphone mobile; facile à transporter\tmobile phone; portable\tpoŝtelefono; portebla
00617	1970-01-01 00:00:00	0000	0000	お守り	n.\tomamori\t부적; 수호물\t\tporte-bonheur; amulette\tamulet; good-luck charm\tamuleto; talismano
00618	1970-01-01 00:00:00	0000	0000	失う	v.\tushinau\t잃다; 상실하다\t\tperdre\tto lose\tperdi
00619	1970-01-01 00:00:00	0000	0000	défi	n.\t\t도전; 난제\t挑戦; 難題 (chōsen; nandai)\tépreuve à relever\tchallenge\tdefio
00620	1970-01-01 00:00:00	0000	0000	un trop-perçu	n.\t\t과다 지급액; 초과 수령금\t過払い; 過剰受給額 (kabarai; kajō jukyūgaku)\tsomme reçue en excès\toverpayment\ttropago
00621	1970-01-01 00:00:00	0000	0000	la livraison	n.\t\t배달; 배송\t配達; 配送 (haitatsu; haisō)\taction de livrer\tdelivery\tliverado
00622	1970-01-01 00:00:00	0000	0000	la climatisation	n.\t\t냉방; 에어컨 설비\t冷房; エアコン (reibō; eakon)\tsystème de refroidissement de l'air\tair conditioning\tklimatizado
00623	1970-01-01 00:00:00	0000	0000	バーチャルリアリティ	n.\tbācharu riariti\t가상현실\t\tréalité virtuelle\tvirtual reality\tvirtuala realo
00624	1970-01-01 00:00:00	0000	0000	la galère	명사·구어\t\t고생; 난감한 상황; 갤리선\t苦労; 大変な状況; ガレー船 (kurō; taihen na jōkyō; garēsen)\tsituation très pénible; ancien navire\tnightmare; ordeal; galley\tturmento; galero
00625	1970-01-01 00:00:00	0000	0000	モバイルSuica	n.\tmobairu suika\t모바일 스이카 교통카드 서비스\t\tservice Suica sur smartphone\tmobile Suica service\tpoŝtelefona Suica-servo
00626	1970-01-01 00:00:00	0000	0000	だと感じる	동사표현\tda to kanjiru\t~라고 느끼다\t\tsentir que c'est...\tto feel that it is...\tsenti ke ĝi estas...
00627	1970-01-01 00:00:00	0000	0000	vrai coma	명사구·과장표현\t\t진짜 혼수상태; 완전히 뻗은 상태\t本当の昏睡状態; 爆睡状態 (hontō no konsui jōtai; bakusui jōtai)\tcoma véritable; sommeil extrêmement profond\treal coma; extremely deep sleep\tvera komato; profunda dormo
00628	1970-01-01 00:00:00	0000	0000	le petit-déjeuner	n.\t\t아침 식사\t朝食 (chōshoku)\trepas du matin\tbreakfast\tmatenmanĝo
00629	1970-01-01 00:00:00	0000	0000	お腹が爆発しそう	표현\tonaka ga bakuhatsu shisō\t배가 터질 것 같다\t\tj'ai l'impression que mon ventre va exploser\tmy stomach feels like it will explode\tmia ventro kvazaŭ eksplodos
00630	1970-01-01 00:00:00	0000	0000	落ち着く	v.\tochitsuku\t진정하다; 안정되다\t\tse calmer; se stabiliser\tto calm down; settle\ttrankviliĝi; stabiliĝi
00631	1970-01-01 00:00:00	0000	0000	mémoriser	v.\t\t암기하다; 기억하다\t記憶する; 暗記する (kioku suru; anki suru)\tfixer dans la mémoire\tto memorize\tenmemeigi
00632	1970-01-01 00:00:00	0000	0000	しかも	접속부사\tshikamo\t게다가; 더욱이\t\tde plus; qui plus est\tmoreover; besides\tcetere; plie
00633	1970-01-01 00:00:00	0000	0000	niveau tune	구어명사구\t\t돈의 수준; 금액 면에서\t金額のレベル; お金の面で (kingaku no reberu; okane no men de)\tniveau financier; côté argent\tmoney level; financially\tmonnivelo; finance
00634	1970-01-01 00:00:00	0000	0000	消える	v.\tkieru\t사라지다; 꺼지다\t\tdisparaître; s'éteindre\tto disappear; go out\tmalaperi; estingiĝi
00635	1970-01-01 00:00:00	0000	0000	厳しい	い형용사\tkibishii\t엄격하다; 혹독하다; 어렵다\t\tstrict; sévère; difficile\tstrict; harsh; difficult\tsevera; malfacila
00636	1970-01-01 00:00:00	0000	0000	感心した	동사표현\tkanshin shita\t감탄했다; 기특하게 여겼다\t\tj'ai été impressionné; j'ai admiré\tI was impressed\tmi estis imponita
00637	1970-01-01 00:00:00	0000	0000	grignoter	v.\t\t조금씩 먹다; 군것질하다\tつまむ; 間食する (tsumamu; kanshoku suru)\tmanger par petites quantités\tto snack; nibble\tmanĝeti
00638	1970-01-01 00:00:00	0000	0000	se coucher	v.\t\t잠자리에 들다; 눕다\t寝る; 横になる (neru; yoko ni naru)\taller au lit; s'allonger\tto go to bed; lie down\tenlitiĝi; kuŝiĝi
00639	1970-01-01 00:00:00	0000	0000	多め	명사·な형용사\tōme\t많은 편; 넉넉하게\t\tquantité un peu plus grande\ta little more; generous amount\tiom pli multe
00640	1970-01-01 00:00:00	0000	0000	座席	n.\tzaseki\t좌석\t\tsiège; place assise\tseat\tsidloko
00641	1970-01-01 00:00:00	0000	0000	力を入れる	동사구\tchikara o ireru\t힘을 쏟다; 중점을 두다\t\tfaire des efforts; mettre l'accent sur\tto put effort into; focus on\tklopodi; emfazi
00642	1970-01-01 00:00:00	0000	0000	溢れる	v.\tafureru\t넘치다; 가득 차다\t\tdéborder; regorger de\tto overflow; be full of\tsuperflui; abundi
00643	1970-01-01 00:00:00	0000	0000	スケートレベル	n.\tsukēto reberu\t스케이트 실력 수준\t\tniveau de patinage\tskating level\tsketnivelo
00644	1970-01-01 00:00:00	0000	0000	取り付ける	v.\ttoritsukeru\t부착하다; 설치하다\t\tinstaller; fixer\tto install; attach\tinstali; fiksi
00645	1970-01-01 00:00:00	0000	0000	女王	n.\tjoō\t여왕\t\treine\tqueen\treĝino
00646	1970-01-01 00:00:00	0000	0000	échouer	v.\t\t실패하다; 좌초하다\t失敗する; 座礁する (shippai suru; zashō suru)\tne pas réussir; s'échouer\tto fail; run aground\tmalsukcesi; alfundiĝi
00647	1970-01-01 00:00:00	0000	0000	les jetons	명사·구어\t\t토큰들; 겁\tチップ; 恐怖 (chippu; kyōfu)\tpièces de jeu; peur dans l'expression avoir les jetons\ttokens; the creeps\tĵetonoj; timo
00648	1970-01-01 00:00:00	0000	0000	toutes seules	형용표현\t\t그들끼리만; 저절로\t自分たちだけで; 勝手に (jibuntachi dake de; katte ni)\tsans aide; d'elles-mêmes\tall by themselves\ttute mem
00649	1970-01-01 00:00:00	0000	0000	味方	n.\tmikata\t내 편; 아군; 조력자\t\tallié; partisan\tally; supporter\taliancano; subtenanto
00650	1970-01-01 00:00:00	0000	0000	faire la sieste	동사구\t\t낮잠을 자다\t昼寝をする (hirune o suru)\tdormir brièvement pendant la journée\tto take a nap\tdormeti
00651	1970-01-01 00:00:00	0000	0000	miser sur	동사구\t\t~에 걸다; ~을 믿고 기대하다\t〜に賭ける; 〜を当てにする (ni kakeru; o ate ni suru)\tparier sur; compter sur\tto bet on; bank on\tveti pri; fidi je
00652	1970-01-01 00:00:00	0000	0000	始まり	n.\thajimari\t시작; 발단\t\tdébut; commencement\tbeginning\tkomenco
00653	1970-01-01 00:00:00	0000	0000	gâter quelqu'un	동사구\t\t누군가를 응석받이로 만들다; 잘 대접하다\t人を甘やかす; 人を喜ばせる (hito o amayakasu; hito o yorokobaseru)\tcombler quelqu'un de plaisirs ou le rendre capricieux\tto spoil someone; treat someone\tdorlotadi iun
00654	1970-01-01 00:00:00	0000	0000	effrayant	형용사\t\t무서운; 소름 끼치는\t怖い; 恐ろしい (kowai; osoroshii)\tqui provoque la peur\tfrightening\ttimiga
00655	1970-01-01 00:00:00	0000	0000	体温	n.\ttaion\t체온\t\ttempérature corporelle\tbody temperature\tkorpotemperaturo
00656	1970-01-01 00:00:00	0000	0000	la version originale (VO)	명사구\t\t원어판; 오리지널 버전\tオリジナル版; 字幕版の原語音声 (orijinaru-ban; jimakuban no gengo onsei)\tversion dans la langue d'origine\toriginal-language version\toriginala versio
00657	1970-01-01 00:00:00	0000	0000	la déshydratation	n.\t\t탈수\t脱水; 脱水症状 (dassui; dassui shōjō)\tperte excessive d'eau par l'organisme\tdehydration\tsenakviĝo
00658	1970-01-01 00:00:00	0000	0000	on l'a eu	동사표현\t\t우리가 그것을 얻었다; 잡았다; 해냈다\tそれを手に入れた; 捕まえた; やった (sore o te ni ireta; tsukamaeta; yatta)\tnous l'avons obtenu ou vaincu\twe got it; we got him\tni akiris ĝin; ni kaptis lin
00659	1970-01-01 00:00:00	0000	0000	spam téléphonique	명사구\t\t전화 스팸; 광고·사기 전화\t迷惑電話; 営業電話 (meiwaku denwa; eigyō denwa)\tappels téléphoniques indésirables\tphone spam\ttelefonspamo
00660	1970-01-01 00:00:00	0000	0000	完売	명사·동사\tkanbai\t매진; 완판\t\tcomplet; épuisé; vendu intégralement\tsold out\telvendita
00661	1970-01-01 00:00:00	0000	0000	le goût	n.\t\t맛; 취향; 미각\t味; 好み; 味覚 (aji; konomi; mikaku)\tsaveur; préférence; sens gustatif\ttaste; flavor\tgusto; saporo
00662	1970-01-01 00:00:00	0000	0000	結果的に	adv.\tkekkateki ni\t결과적으로\t\tfinalement; en conséquence\tas a result; ultimately\trezulte; finfine
00663	1970-01-01 00:00:00	0000	0000	tisane	n.\t\t허브차; 약초차\tハーブティー; 薬草茶 (hābu tī; yakusōcha)\tboisson obtenue par infusion de plantes\therbal tea\therba teo
00664	1970-01-01 00:00:00	0000	0000	感じ方	n.\tkanjikata\t느끼는 방식; 받아들이는 방식\t\tmanière de ressentir\tway of feeling; perception\tsentmaniero
00665	1970-01-01 00:00:00	0000	0000	鼻をかむ	동사구\thana o kamu\t코를 풀다\t\tse moucher\tto blow one's nose\tnazblovi
00666	1970-01-01 00:00:00	0000	0000	canon	명사·형용사·구어\t\t대포; 규범; 매우 멋진\t大砲; 規範; すごく魅力的な (taihō; kihan; sugoku miryokuteki na)\tarme; règle esthétique; très beau en argot\tcannon; canon; gorgeous\tkanono; normo; belega
00667	1970-01-01 00:00:00	0000	0000	転ぶ	v.\tkorobu\t넘어지다\t\ttomber; trébucher\tto fall; trip\tfali; stumbli
00668	1970-01-01 00:00:00	0000	0000	mettre de l'argent de côté	동사구\t\t돈을 저축하다\tお金を貯める; 取っておく (okane o tameru; totte oku)\tépargner de l'argent\tto save money\tŝpari monon
00669	1970-01-01 00:00:00	0000	0000	交換する	v.\tkōkan suru\t교환하다\t\téchanger; remplacer\tto exchange; replace\tinterŝanĝi; anstataŭigi
00670	1970-01-01 00:00:00	0000	0000	また	adv.\tmata\t또; 다시; 또한\t\tencore; de nouveau; aussi\tagain; also\tdenove; ankaŭ
00671	1970-01-01 00:00:00	0000	0000	迷惑電話	n.\tmeiwaku denwa\t스팸 전화; 귀찮은 전화\t\tappel indésirable\tnuisance call; spam call\tĝena telefonvoko
00672	1970-01-01 00:00:00	0000	0000	引っかき傷	n.\thikkakikizu\t긁힌 상처; 할퀸 자국\t\tgriffure\tscratch mark\tgrataĵo
00673	1970-01-01 00:00:00	0000	0000	flemme	명사·구어\t\t귀찮음; 의욕 없음\t面倒くささ; やる気のなさ (mendōkusasa; yaruki no nasa)\tmanque d'envie de faire quelque chose\tlaziness; can't-be-bothered feeling\tmalemo
00674	1970-01-01 00:00:00	0000	0000	la remarque	n.\t\t지적; 말; 관찰\t指摘; 発言; 所見 (shiteki; hatsugen; shoken)\tobservation ou commentaire\tremark; comment\trimarko
00675	1970-01-01 00:00:00	0000	0000	定期入れ	n.\tteiki-ire\t정기권 지갑; 교통카드 케이스\t\tporte-abonnement; étui à carte de transport\tpass holder\tabonmentujo
00676	1970-01-01 00:00:00	0000	0000	flemme (f.)	n.\t\t귀찮음; 무기력\t面倒くささ; 気力のなさ (mendōkusasa; kiryoku no nasa)\tgrande paresse momentanée\tlaziness; lack of motivation\tmalemo; malvigleco
00677	1970-01-01 00:00:00	0000	0000	雨具	n.\tamagu\t우비; 비옷과 우산 등 방우 용품\t\téquipement de pluie; imperméable\train gear\tpluvilaro
00678	1970-01-01 00:00:00	0000	0000	râler	v.\t\t투덜거리다; 불평하다\t文句を言う; ぶつぶつ言う (monku o iu; butsubutsu iu)\tse plaindre avec mauvaise humeur\tto grumble; complain\tgrumbli; plendi
00679	1970-01-01 00:00:00	0000	0000	prévoir	v.\t\t예상하다; 계획하다; 마련하다\t予想する; 計画する; 用意する (yosō suru; keikaku suru; yōi suru)\tanticiper; organiser à l'avance\tto foresee; plan\tantaŭvidi; plani
00680	1970-01-01 00:00:00	0000	0000	maîtrise	n.\t\t숙달; 통제; 석사 학위\t熟達; 制御; 修士号 (jukutatsu; seigyo; shūshigō)\tcontrôle; compétence avancée; diplôme\tmastery; control; master's degree\tmajstreco; regado
00681	1970-01-01 00:00:00	0000	0000	le travail à distance	명사구\t\t원격 근무; 재택근무\tリモートワーク; 在宅勤務 (rimōto wāku; zaitaku kinmu)\tactivité professionnelle exercée hors des locaux\tremote work\tdistanca laboro
00682	1970-01-01 00:00:00	0000	0000	la corvée	n.\t\t귀찮은 집안일; 고역\t面倒な仕事; 雑用 (mendō na shigoto; zatsuyō)\ttâche pénible et obligatoire\tchore; drudgery\tpeza tasko
00683	1970-01-01 00:00:00	0000	0000	抱負	n.\thōfu\t포부; 결의; 새해 목표\t\trésolution; ambition\tresolution; aspiration\tdecido; ambicio
00684	1970-01-01 00:00:00	0000	0000	見習うべき	표현\tminarau beki\t본받아야 할\t\tqu'il faut imiter ou prendre en exemple\tshould emulate\timitinda
00685	1970-01-01 00:00:00	0000	0000	かと思った	문법표현\tka to omotta\t~인 줄 알았다; ~인가 생각했다\t\tje pensais que; j'ai cru que\tI thought that\tmi pensis ke
00686	1970-01-01 00:00:00	0000	0000	傘	n.\tkasa\t우산\t\tparapluie\tumbrella\tombrelo
00687	1970-01-01 00:00:00	0000	0000	démaquillant	명사·형용사\t\t화장 제거제; 메이크업 리무버\tクレンジング; 化粧落とし (kurenzingu; keshō otoshi)\tproduit qui enlève le maquillage\tmakeup remover\tŝminkforigilo
00688	1970-01-01 00:00:00	0000	0000	砂糖	n.\tsatō\t설탕\t\tsucre\tsugar\tsukero
00689	1970-01-01 00:00:00	0000	0000	静か	な형용사\tshizuka\t조용하다; 고요하다\t\tcalme; silencieux\tquiet; calm\ttrankvila; silenta
00690	1970-01-01 00:00:00	0000	0000	biopics	n.\t\t전기 영화들\t伝記映画 (denki eiga)\tfilms biographiques\tbiographical films\tbiografiaj filmoj
00691	1970-01-01 00:00:00	0000	0000	もし	접속부사\tmoshi\t만약\t\tsi; au cas où\tif; in case\tse
00692	1970-01-01 00:00:00	0000	0000	洗濯バサミ	n.\tsentaku basami\t빨래집게\t\tpince à linge\tclothespin\tvestopinglo
00693	1970-01-01 00:00:00	0000	0000	お腹いっぱい	표현\tonaka ippai\t배부르다; 배가 가득하다\t\tavoir le ventre plein; rassasié\tfull; stuffed\tsata
00694	1970-01-01 00:00:00	0000	0000	まあ	감탄사·부사\tmā\t뭐; 글쎄; 그럭저럭; 어머\t\tbon; enfin; plutôt; oh\twell; so-so; oh\tnu; sufiĉe
00695	1970-01-01 00:00:00	0000	0000	une interface	n.\t\t인터페이스; 접점\tインターフェース; 接点 (intāfēsu; setten)\tzone de communication entre systèmes ou personnes\tinterface\tinterfaco
00696	1970-01-01 00:00:00	0000	0000	ガレット・デ・ロワ	n.\tgaretto de rowa\t갈레트 데 루아\t\tgalette des rois\tking cake; galette des rois\treĝa kuko
00697	1970-01-01 00:00:00	0000	0000	décoller	v.\t\t떼어 내다; 이륙하다; 출발하다\t剥がす; 離陸する; 出発する (hagasu; ririku suru; shuppatsu suru)\tse détacher; quitter le sol\tto peel off; take off\tdegluiĝi; ekflugi
00698	1970-01-01 00:00:00	0000	0000	うんざりしてて / うんざりする	동사표현\tunzari shitete / unzari suru\t질려 있어서 / 지긋지긋해하다\t\ten avoir marre; être dégoûté\tto be fed up\testi sata je; tediĝi
00699	1970-01-01 00:00:00	0000	0000	暖炉	n.\tdanro\t벽난로\t\tcheminée; foyer\tfireplace\tkameno
00700	1970-01-01 00:00:00	0000	0000	le podomètre	n.\t\t만보기\t万歩計 (manpokei)\tappareil qui compte les pas\tpedometer\tpaŝnombrilo
00701	1970-01-01 00:00:00	0000	0000	liste de cadeaux	명사구\t\t선물 목록\tプレゼントリスト; 贈り物一覧 (purezento risuto; okurimono ichiran)\tliste de présents souhaités ou prévus\tgift list\tdonacolisto
00702	1970-01-01 00:00:00	0000	0000	mais justement	접속표현\t\t하지만 바로 그 점이; 아니, 그러니까\tでもまさにそこが; いや、だからこそ (demo masa ni soko ga; iya, dakara koso)\tau contraire, c'est précisément le point\tbut that's exactly the point\tsed ĝuste tio
00703	1970-01-01 00:00:00	0000	0000	観察する	v.\tkansatsu suru\t관찰하다\t\tobserver\tto observe\tobservi
00704	1970-01-01 00:00:00	0000	0000	abonné	명사·형용사\t\t구독자; 가입된\t購読者; 加入している (kōdokusha; kanyū shite iru)\tpersonne inscrite à un service\tsubscriber; subscribed\tabonanto; abonita
00705	1970-01-01 00:00:00	0000	0000	選ぶ	v.\terabu\t고르다; 선택하다\t\tchoisir\tto choose\telekti
00706	1970-01-01 00:00:00	0000	0000	感じる	v.\tkanjiru\t느끼다\t\tsentir; ressentir\tto feel\tsenti
00707	1970-01-01 00:00:00	0000	0000	tu tomberais sur	동사표현\t\t네가 우연히 마주치게 될 것이다\t君が偶然見つけるだろう; 出くわすだろう (kimi ga gūzen mitsukeru darō; dekuwasu darō)\ttu rencontrerais ou découvrirais par hasard\tyou would come across\tvi hazarde renkontus
00708	1970-01-01 00:00:00	0000	0000	言い争う	v.\tiiarasou\t말다툼하다\t\tse disputer; argumenter\tto argue; quarrel\tdisputi
00709	1970-01-01 00:00:00	0000	0000	故障	명사·동사\tkoshō\t고장\t\tpanne; dysfonctionnement\tbreakdown; malfunction\tpaneo; misfunkcio
00710	1970-01-01 00:00:00	0000	0000	300%	수량표현\tsanbyaku pāsento\t300퍼센트; 완전히\t\ttrois cents pour cent; totalement\tthree hundred percent\ttricent procentoj
00711	1970-01-01 00:00:00	0000	0000	猛暑	n.\tmōsho\t폭염; 맹렬한 더위\t\tcanicule; chaleur extrême\textreme heat\tvarmondo
00712	1970-01-01 00:00:00	0000	0000	おかしい	い형용사\tokashii\t이상하다; 우습다; 잘못되다\t\tbizarre; drôle; incorrect\tstrange; funny; wrong\tstranga; amuza; malĝusta
00713	1970-01-01 00:00:00	0000	0000	devrait te plaire	동사표현\t\t네 마음에 들 것이다\t君の気に入るはずだ (kimi no ki ni iru hazu da)\ta de fortes chances de te plaire\tshould appeal to you\tdevus plaĉi al vi
00714	1970-01-01 00:00:00	0000	0000	l'activité physique	명사구\t\t신체 활동; 운동\t身体活動; 運動 (shintai katsudō; undō)\tmouvement corporel dépensant de l'énergie\tphysical activity\tkorpa aktiveco
00715	1970-01-01 00:00:00	0000	0000	かぼちゃ	n.\tkabocha\t호박\t\tcitrouille; potiron\tpumpkin; squash\tkukurbo
00716	1970-01-01 00:00:00	0000	0000	garnitures	n.\t\t고명; 속재료; 장식; 부속품\t具; トッピング; 装飾 (gu; toppingu; sōshoku)\téléments ajoutés à un plat ou un objet\ttoppings; fillings; trim\tgarnaĵoj
00717	1970-01-01 00:00:00	0000	0000	有効期限	n.\tyūkō kigen\t유효기간\t\tdate d'expiration; durée de validité\texpiration date\tlimdato
00718	1970-01-01 00:00:00	0000	0000	注文する	v.\tchūmon suru\t주문하다\t\tcommander\tto order\tmendi
00719	1970-01-01 00:00:00	0000	0000	キャンディー	n.\tkyandī\t사탕\t\tbonbon\tcandy\tbombono
00720	1970-01-01 00:00:00	0000	0000	論破する	v.\tronpa suru\t논박하여 이기다; 반박하다\t\tréfuter complètement; battre dans un débat\tto refute; defeat in argument\trefuti
00721	1970-01-01 00:00:00	0000	0000	ville	n.\t\t도시; 시내\t都市; 町 (toshi; machi)\tagglomération urbaine\tcity; town\turbo
00722	1970-01-01 00:00:00	0000	0000	s'évader	v.\t\t탈출하다; 현실에서 벗어나다\t逃げ出す; 現実逃避する (nigedasu; genjitsu tōhi suru)\ts'échapper; oublier le quotidien\tto escape; get away\teskapi
00723	1970-01-01 00:00:00	0000	0000	en quête de	전치사구\t\t~을 찾아서; 추구하며\t〜を求めて; 探して (o motomete; sagashite)\tà la recherche de\tin search of\tserĉante
00724	1970-01-01 00:00:00	0000	0000	faire le ménage	동사구\t\t청소하다; 집안일하다\t掃除をする; 家事をする (sōji o suru; kaji o suru)\tnettoyer et ranger la maison\tto do housework; clean\tpurigi la domon
00725	1970-01-01 00:00:00	0000	0000	à écrire	부정사구\t\t써야 할; 쓰기에\t書くべき; 書くための (kaku beki; kaku tame no)\tqui doit être écrit; pour écrire\tto write; to be written\tskribenda
00726	1970-01-01 00:00:00	0000	0000	tu devrais	조동표현\t\t너는 ~하는 것이 좋다; 해야 한다\t君は〜したほうがいい; 〜すべきだ (kimi wa shita hō ga ii; subeki da)\tconseil ou recommandation\tyou should\tvi devus
00727	1970-01-01 00:00:00	0000	0000	バランス	n.\tbaransu\t균형; 밸런스\t\téquilibre\tbalance\tekvilibro
00728	1970-01-01 00:00:00	0000	0000	la veine	명사·구어\t\t정맥; 운\t静脈; 運 (jōmyaku; un)\tvaisseau sanguin; chance\tvein; luck\tvejno; bonŝanco
00729	1970-01-01 00:00:00	0000	0000	imperdable	형용사\t\t놓칠 수 없는; 분실하기 어려운\t見逃せない; なくしにくい (minogasenai; nakushinikui)\tà ne pas manquer; difficile à perdre\tunmissable; hard to lose\tnepre vidinda; neperdebla
00730	1970-01-01 00:00:00	0000	0000	交通パス	n.\tkōtsū pasu\t교통 패스\t\tpass de transport\ttransit pass\ttransportkarto
00731	1970-01-01 00:00:00	0000	0000	招待状	n.\tshōtaijō\t초대장\t\tinvitation écrite\tinvitation card\tinvitilo
00732	1970-01-01 00:00:00	0000	0000	植木鉢	n.\tuekibachi\t화분\t\tpot de fleurs\tflowerpot\tflorpoto
00733	1970-01-01 00:00:00	0000	0000	邪魔されず	동사표현\tjama sarezu\t방해받지 않고\t\tsans être dérangé\twithout being disturbed\tsen esti ĝenata
00734	1970-01-01 00:00:00	0000	0000	包装紙	n.\thōsōshi\t포장지\t\tpapier cadeau; papier d'emballage\twrapping paper\tpakpapero
00735	1970-01-01 00:00:00	0000	0000	ちょうど	adv.\tchōdo\t정확히; 마침; 딱 알맞게\t\texactement; justement; parfaitement\texactly; just; right\tĝuste; precize
00736	1970-01-01 00:00:00	0000	0000	pattes	n.\t\t동물의 발; 다리\t足; 脚 (ashi; ashi)\tmembres d'un animal\tpaws; legs\tpiedoj; kruroj
00737	1970-01-01 00:00:00	0000	0000	une déduction fiscale	명사구\t\t세금 공제\t税額控除; 所得控除 (zeigaku kōjo; shotoku kōjo)\tsomme retirée de la base ou de l'impôt\ttax deduction\timpostdepreno
00738	1970-01-01 00:00:00	0000	0000	impatient(e)	형용사\t\t참을성 없는; 몹시 기다리는\tせっかちな; 待ちきれない (sekkachi na; machikirenai)\tqui supporte mal l'attente\timpatient\tsenpacienca
00739	1970-01-01 00:00:00	0000	0000	une horreur	n.\t\t공포; 끔찍한 것\t恐怖; ひどいもの (kyōfu; hidoi mono)\tchose affreuse ou terrifiante\thorror; awful thing\tteruraĵo
00740	1970-01-01 00:00:00	0000	0000	うまくいく	동사표현\tumaku iku\t잘되다; 순조롭게 진행되다\t\tbien se passer; réussir\tto go well; work out\tbone iri; sukcesi
00741	1970-01-01 00:00:00	0000	0000	étendre le linge	동사구\t\t빨래를 널다\t洗濯物を干す (sentakumono o hosu)\tsuspendre les vêtements pour les sécher\tto hang out laundry\tpendigi lavotaĵon
00742	1970-01-01 00:00:00	0000	0000	メルカリ	고유명사\tmerukari\t메루카리 중고거래 플랫폼\t\tMercari, plateforme de revente\tMercari resale platform\tMercari-revendoplatformo
00743	1970-01-01 00:00:00	0000	0000	選択	명사·동사\tsentaku\t선택\t\tchoix; sélection\tchoice; selection\telekto
00744	1970-01-01 00:00:00	0000	0000	迷信深い	い형용사\tmeishinbukai\t미신을 많이 믿는\t\tsuperstitieux\tsuperstitious\tsuperstiĉa
00745	1970-01-01 00:00:00	0000	0000	ダイエット	명사·동사\tdaietto\t다이어트; 식이요법\t\trégime; perte de poids\tdiet; weight loss\tdieto
00746	1970-01-01 00:00:00	0000	0000	切り分ける	v.\tkiriwakeru\t잘라 나누다; 구분하다\t\tdécouper en portions; distinguer\tto cut into portions; distinguish\tdisporciigi; distingi
00747	1970-01-01 00:00:00	0000	0000	吹き替え	n.\tfukikae\t더빙; 대역\t\tdoublage; doublure\tdubbing; substitute\tdublado; anstataŭanto
00748	1970-01-01 00:00:00	0000	0000	bon courage	격려표현\t\t힘내세요; 수고하세요\t頑張って; お疲れさま (ganbatte; otsukaresama)\tformule d'encouragement\tgood luck; hang in there\tkuraĝon
00749	1970-01-01 00:00:00	0000	0000	コーヒーショップ	n.\tkōhī shoppu\t커피숍\t\tcafé; coffee shop\tcoffee shop\tkafejo
00750	1970-01-01 00:00:00	0000	0000	撮った後	명사구\ttotta ato\t찍은 뒤\t\taprès avoir pris la photo\tafter taking it/the photo\tpost fotado
00751	1970-01-01 00:00:00	0000	0000	招待	명사·동사\tshōtai\t초대\t\tinvitation; inviter\tinvitation; to invite\tinvito; inviti
00752	1970-01-01 00:00:00	0000	0000	la fois	n.\t\t번; 회; 때\t回; 度; 時 (kai; do; toki)\toccurrence ou moment\ttime; occasion\tfojo
00753	1970-01-01 00:00:00	0000	0000	m'énerve	동사표현\t\t나를 짜증나게 한다\t私をイライラさせる (watashi o iraira saseru)\tm'irrite ou m'agace\tannoys me\tĝenas min
00754	1970-01-01 00:00:00	0000	0000	l'averse	n.\t\t소나기\tにわか雨; 夕立 (niwakaame; yūdachi)\tpluie soudaine et brève\tshower; downpour\tpluvduŝo
00755	1970-01-01 00:00:00	0000	0000	la galette	n.\t\t납작한 과자·빵; 갈레트\tガレット; 平たい焼き菓子 (garetto; hiratai yakigashi)\tgâteau ou préparation plate\tflat cake; galette\tplata kuko
00756	1970-01-01 00:00:00	0000	0000	誓う	v.\tchikau\t맹세하다\t\tjurer; promettre solennellement\tto swear; vow\tĵuri
00757	1970-01-01 00:00:00	0000	0000	le Père Noël	n.\t\t산타클로스\tサンタクロース (santa kurōsu)\tpersonnage qui apporte les cadeaux de Noël\tSanta Claus\tPatro Kristnasko
00758	1970-01-01 00:00:00	0000	0000	監督	명사·동사\tkantoku\t감독; 지휘·관리\t\tréalisateur; entraîneur; supervision\tdirector; coach; supervision\treĝisoro; trejnisto
00759	1970-01-01 00:00:00	0000	0000	猫耳	n.\tnekomimi\t고양이 귀; 고양이 귀 장식\t\toreilles de chat\tcat ears\tkatoreloj
00760	1970-01-01 00:00:00	0000	0000	帰る	v.\tkaeru\t돌아가다; 귀가하다\t\trentrer; retourner\tto return; go home\treveni; hejmeniri
00761	1970-01-01 00:00:00	0000	0000	抽選券	n.\tchūsenken\t추첨권; 복권식 응모권\t\tticket de tirage au sort\traffle ticket\tloteribileto
00762	1970-01-01 00:00:00	0000	0000	récurer	v.\t\t박박 문질러 닦다\tごしごし磨く; 磨き洗いする (goshigoshi migaku; migakiarai suru)\tnettoyer en frottant fortement\tto scour; scrub\tfrotpurigi
00763	1970-01-01 00:00:00	0000	0000	スプレッド	n.\tsupureddo\t스프레드; 바르는 잼; 가격 차\t\tpâte à tartiner; écart de prix\tspread; spreadable paste\tŝmiraĵo; diferenco
00764	1970-01-01 00:00:00	0000	0000	ça serait bête	표현\t\t그러면 아깝다; 어리석은 일이 될 것이다\tそれはもったいない; それは馬鹿げている (sore wa mottainai; sore wa bakagete iru)\tce serait dommage ou peu intelligent\tthat would be a shame; silly\ttio estus domaĝa
00765	1970-01-01 00:00:00	0000	0000	le linge sale	명사구\t\t더러운 빨래\t汚れた洗濯物 (yogoreta sentakumono)\tvêtements à laver\tdirty laundry\tmalpura lavotaĵo
00766	1970-01-01 00:00:00	0000	0000	油	n.\tabura\t기름; 오일\t\thuile; graisse\toil; fat\toleo; graso
00767	1970-01-01 00:00:00	0000	0000	une notif	명사·구어\t\t알림; 푸시 알림\t通知; プッシュ通知 (tsūchi; pusshu tsūchi)\tabréviation de notification\tnotification\tsciigo
00768	1970-01-01 00:00:00	0000	0000	知っていても	동사표현\tshitte ite mo\t알고 있어도\t\tmême si on le sait\teven if one knows\teĉ se oni scias
00769	1970-01-01 00:00:00	0000	0000	息切れする	v.\tikigire suru\t숨이 차다\t\têtre essoufflé\tto be out of breath\tsenspiriĝi
00770	1970-01-01 00:00:00	0000	0000	vacances	n.\t\t휴가; 방학\t休暇; 休み (kyūka; yasumi)\tpériode de repos sans travail ou école\tvacation; holidays\tferioj
00771	1970-01-01 00:00:00	0000	0000	全力で	부사구\tzenryoku de\t전력으로; 온 힘을 다해\t\tde toutes ses forces\twith all one's strength\ttutforte
00772	1970-01-01 00:00:00	0000	0000	映画館	n.\teigakan\t영화관\t\tcinéma; salle de cinéma\tmovie theater\tkinejo
00773	1970-01-01 00:00:00	0000	0000	流している	동사표현\tnagashite iru\t흘려보내고 있다; 틀어 놓고 있다\t\tfaire couler; diffuser en continu\tis letting flow; is playing\tfluigas; elsendas
00774	1970-01-01 00:00:00	0000	0000	フライパン	n.\tfuraipan\t프라이팬\t\tpoêle\tfrying pan\tpato
00775	1970-01-01 00:00:00	0000	0000	pâte à tartiner	명사구\t\t빵에 바르는 스프레드\tスプレッド; 塗るペースト (supureddo; nuru pēsuto)\tpréparation crémeuse à étaler\tspread\tŝmiraĵo
00776	1970-01-01 00:00:00	0000	0000	résister à la tentation	동사구\t\t유혹을 참다\t誘惑に耐える (yūwaku ni taeru)\tne pas céder à une envie\tto resist temptation\trezisti tenton
00777	1970-01-01 00:00:00	0000	0000	caisse	n.\t\t상자; 계산대; 금고; 차\t箱; レジ; 金庫; 車 (hako; reji; kinko; kuruma)\tboîte; comptoir de paiement; fonds\tbox; checkout; cash register\tkesto; kaso
00778	1970-01-01 00:00:00	0000	0000	驚かせる	v.\todorokaseru\t놀라게 하다\t\tsurprendre; étonner\tto surprise; startle\tsurprizi
00779	1970-01-01 00:00:00	0000	0000	がっかり	부사·동사표현\tgakkari\t실망; 낙담\t\tdéçu; découragé\tdisappointed\tseniluziigita
00780	1970-01-01 00:00:00	0000	0000	immangeable	형용사\t\t먹을 수 없는; 맛이 형편없는\t食べられない; まずすぎる (taberarenai; mazusugiru)\tqu'on ne peut pas manger\tinedible\tnemanĝebla
00781	1970-01-01 00:00:00	0000	0000	餌やり	n.\tesayari\t먹이 주기\t\tnourrissage des animaux\tfeeding animals\tbestnutrado
00782	1970-01-01 00:00:00	0000	0000	un enfer	명사·비유\t\t지옥; 끔찍한 상황\t地獄; 最悪の状況 (jigoku; saiaku no jōkyō)\tlieu ou situation insupportable\thell; nightmare\tinfero
00783	1970-01-01 00:00:00	0000	0000	正直な	な형용사\tshōjiki na\t정직한; 솔직한\t\thonnête; franc\thonest; frank\thonesta; sincera
00784	1970-01-01 00:00:00	0000	0000	でも	접속사\tdemo\t하지만; 그래도\t\tmais; pourtant\tbut; however\tsed; tamen
00785	1970-01-01 00:00:00	0000	0000	スキャンダル	n.\tsukyandaru\t스캔들; 추문\t\tscandale\tscandal\tskandalo
00786	1970-01-01 00:00:00	0000	0000	patinage	n.\t\t스케이팅\tスケート; 滑走 (sukēto; kassō)\tactivité de glisser sur des patins\tskating\tsketado
00787	1970-01-01 00:00:00	0000	0000	la serpillière	n.\t\t대걸레; 걸레\tモップ; 雑巾 (moppu; zōkin)\tlinge utilisé pour laver le sol\tmop; floor cloth\tplanklavilo
00788	1970-01-01 00:00:00	0000	0000	大好き	な형용사\tdaisuki\t매우 좋아하다; 아주 좋아함\t\tadorer; aimer beaucoup\tto love; like very much\ttre ŝati; ami
00789	1970-01-01 00:00:00	0000	0000	汚れ物	n.\tyogoremono\t더러운 옷·물건; 세탁물\t\tlinge sale; objets sales\tdirty laundry; soiled items\tmalpuraj aĵoj
00790	1970-01-01 00:00:00	0000	0000	年明け	n.\ttoshiake\t새해가 시작된 뒤; 연초\t\tdébut de l'année; après le Nouvel An\tbeginning of the year\tjarkomenco
00791	1970-01-01 00:00:00	0000	0000	すぎる	동사·보조동사\tsugiru\t지나가다; 너무 ~하다\t\tpasser; être trop\tto pass; be too\tpasi; tro
00792	1970-01-01 00:00:00	0000	0000	おかわり	명사·동사표현\tokawari\t한 그릇 더; 리필\t\tdeuxième portion; se resservir\tsecond helping; refill\taldona porcio
00793	1970-01-01 00:00:00	0000	0000	je n'oserais même pas	동사표현\t\t감히 ~할 엄두도 못 낸다\t〜する勇気さえない (suru yūki sae nai)\tje n'aurais même pas le courage de\tI wouldn't even dare\tmi eĉ ne kuraĝus
00794	1970-01-01 00:00:00	0000	0000	la gourmandise	n.\t\t식탐; 미식의 즐거움; 단것\t食いしん坊; 美食の楽しみ; 甘い物 (kuishinbō; bishoku no tanoshimi; amaimono)\tplaisir excessif de manger\tgluttony; indulgence\tmanĝemo; frandemo
00795	1970-01-01 00:00:00	0000	0000	mode silencieux	명사구\t\t무음 모드\tマナーモード; サイレントモード (manā mōdo; sairento mōdo)\tréglage qui coupe les sons\tsilent mode\tsilenta reĝimo
00796	1970-01-01 00:00:00	0000	0000	être tentant/tentatrice	형용사·동사표현\t\t유혹적이다; 끌리게 하다\t魅力的である; 誘惑する (miryokuteki de aru; yūwaku suru)\têtre attirant; inciter à céder\tto be tempting\testi tenta
00797	1970-01-01 00:00:00	0000	0000	choisir de	동사구\t\t~하기로 선택하다\t〜することを選ぶ (suru koto o erabu)\tdécider volontairement de\tto choose to\telekti fari
00798	1970-01-01 00:00:00	0000	0000	無理	명사·な형용사\tmuri\t무리; 불가능; 지나침\t\timpossible; excessif; déraisonnable\timpossible; unreasonable\tneebla; troa
00799	1970-01-01 00:00:00	0000	0000	結局〜ちゃう	문법표현\tkekkyoku chau\t결국 ~해 버리다\t\tfinir par faire malgré soi\tend up doing\tfine fari
00800	1970-01-01 00:00:00	0000	0000	罰金	n.\tbakkin\t벌금\t\tamende\tfine\tmonpuno
00801	1970-01-01 00:00:00	0000	0000	プレゼント選び	n.\tpurezento erabi\t선물 고르기\t\tchoix d'un cadeau\tchoosing a gift\tdonacelekto
00802	1970-01-01 00:00:00	0000	0000	la texture	n.\t\t질감; 식감\t質感; 食感 (shitsukan; shokkan)\taspect tactile ou consistance\ttexture\tteksturo
00803	1970-01-01 00:00:00	0000	0000	résolution	n.\t\t결의; 해결; 해상도\t決意; 解決; 解像度 (ketsui; kaiketsu; kaizōdo)\tdécision ferme; solution; définition d'image\tresolution; resolve\trezolucio; distingivo
00804	1970-01-01 00:00:00	0000	0000	シークレットサンタ	n.\tshīkuretto santa\t시크릿 산타; 익명 선물 교환\t\tPère Noël secret\tSecret Santa\tsekreta donacanto
00805	1970-01-01 00:00:00	0000	0000	動かす	v.\tugokasu\t움직이다; 작동시키다\t\tfaire bouger; actionner\tto move; operate\tmovi; funkciigi
00806	1970-01-01 00:00:00	0000	0000	répondeur	n.\t\t자동응답기; 음성사서함\t留守番電話; ボイスメール (rusuban denwa; boisu mēru)\tappareil ou service qui enregistre les messages\tanswering machine; voicemail\trespondilo
00807	1970-01-01 00:00:00	0000	0000	シネマ	n.\tshinema\t시네마; 영화관; 영화\t\tcinéma\tcinema\tkino
00808	1970-01-01 00:00:00	0000	0000	完璧	명사·な형용사\tkanpeki\t완벽; 완벽한\t\tparfait; perfection\tperfect; perfection\tperfekta; perfekteco
00809	1970-01-01 00:00:00	0000	0000	散らかる	v.\tchirakaru\t어질러지다; 흩어져 있다\t\têtre en désordre; traîner partout\tto be messy; scattered\testi malorda
00810	1970-01-01 00:00:00	0000	0000	épouvantable	형용사\t\t끔찍한; 형편없는\t恐ろしい; ひどい (osoroshii; hidoi)\textrêmement mauvais ou effrayant\tawful; dreadful\tterura
00811	1970-01-01 00:00:00	0000	0000	provocateur/provocatrice	명사·형용사\t\t도발적인 사람; 도발적인\t挑発者; 挑発的な (chōhatsusha; chōhatsuteki na)\tqui cherche à provoquer\tprovocative; provocateur\tprovokanto; provoka
00812	1970-01-01 00:00:00	0000	0000	la contrainte	n.\t\t제약; 강제\t制約; 強制 (seiyaku; kyōsei)\tobligation ou limite imposée\tconstraint\tdevigo; limigo
00813	1970-01-01 00:00:00	0000	0000	イブ	n.\tibu\t이브; 전야\t\tveille; réveillon\teve\tantaŭvespero
00814	1970-01-01 00:00:00	0000	0000	乗り換え	명사·동사\tnorikae\t환승; 갈아타기\t\tcorrespondance; changement de transport\ttransfer; change trains\ttransiro
00815	1970-01-01 00:00:00	0000	0000	faire mieux	동사구\t\t더 잘하다; 개선하다\tもっとうまくやる; 改善する (motto umaku yaru; kaizen suru)\tobtenir un meilleur résultat\tto do better\tfari pli bone
00816	1970-01-01 00:00:00	0000	0000	すでに	adv.\tsude ni\t이미; 벌써\t\tdéjà\talready\tjam
00817	1970-01-01 00:00:00	0000	0000	on dirait	표현\t\t~인 것 같다; 마치 ~같다\t〜のようだ; 〜みたいだ (no yō da; mitai da)\til semble que; cela ressemble à\tit seems; looks like\tŝajnas
00818	1970-01-01 00:00:00	0000	0000	イライラ	부사·명사·동사표현\tiraira\t짜증; 초조함\t\tirritation; énervement\tirritation; frustration\tkolero; iritiĝo
00819	1970-01-01 00:00:00	0000	0000	何とか	부사·대명사\tnantoka\t어떻게든; 그럭저럭; 무엇인가\t\td'une manière ou d'une autre; quelque chose\tsomehow; something\tiamaniere; io
00820	1970-01-01 00:00:00	0000	0000	faire du tri	동사구\t\t분류하다; 불필요한 것을 골라내다\t仕分けする; 不要品を選別する (shiwake suru; fuyōhin o senbetsu suru)\tclasser et éliminer l'inutile\tto sort through\tordigi; selekti
00821	1970-01-01 00:00:00	0000	0000	お腹が空く	동사구\tonaka ga suku\t배가 고프다\t\tavoir faim\tto get hungry\tmalsati
00822	1970-01-01 00:00:00	0000	0000	火をつける	동사구\thi o tsukeru\t불을 붙이다; 점화하다\t\tallumer le feu\tto light a fire\tekbruligi fajron
00823	1970-01-01 00:00:00	0000	0000	le véganisme	n.\t\t비건주의; 완전채식주의\tヴィーガニズム; 完全菜食主義 (vīganizumu; kanzen saishoku shugi)\tmode de vie excluant les produits animaux\tveganism\tveganismo
00824	1970-01-01 00:00:00	0000	0000	なかなか	adv.\tnakanaka\t좀처럼; 꽤; 상당히\t\tdifficilement avec négation; assez\tnot easily; quite\tne facile; sufiĉe
00825	1970-01-01 00:00:00	0000	0000	n'y voir que du feu	관용표현\t\t전혀 눈치채지 못하다\t全く気づかない (mattaku kizukanai)\tne rien remarquer à une tromperie\tnot notice a thing\tnenion rimarki
00826	1970-01-01 00:00:00	0000	0000	逆	명사·な형용사\tgyaku\t반대; 거꾸로\t\tinverse; contraire\treverse; opposite\tinverso; malo
00827	1970-01-01 00:00:00	0000	0000	自然な	な형용사\tshizen na\t자연스러운\t\tnaturel\tnatural\tnatura
00828	1970-01-01 00:00:00	0000	0000	使用制限	n.\tshiyō seigen\t사용 제한\t\trestriction d'utilisation\tusage restriction\tuzolimigo
00829	1970-01-01 00:00:00	0000	0000	un grillon	n.\t\t귀뚜라미\tコオロギ (kōrogi)\tinsecte qui stridule\tcricket\tgrilo
00830	1970-01-01 00:00:00	0000	0000	rêver de	동사구\t\t~을 꿈꾸다\t〜を夢見る (o yume miru)\timaginer ou désirer en rêve\tto dream of\trevi pri
00831	1970-01-01 00:00:00	0000	0000	心配しないで	표현\tshinpai shinaide\t걱정하지 마\t\tne t'inquiète pas\tdon't worry\tne zorgu
00832	1970-01-01 00:00:00	0000	0000	買わずに	동사표현\tkawazu ni\t사지 않고\t\tsans acheter\twithout buying\tsen aĉeti
00833	1970-01-01 00:00:00	0000	0000	l'appareil électroménager	명사구\t\t가전제품\t家電製品 (kaden seihin)\tmachine électrique utilisée à la maison\thousehold appliance\thejma elektra aparato
00834	1970-01-01 00:00:00	0000	0000	楽しめる	v.\ttanoshimeru\t즐길 수 있다\t\tpouvoir profiter; pouvoir s'amuser\tcan enjoy\tpovi ĝui
00835	1970-01-01 00:00:00	0000	0000	祝日	n.\tshukujitsu\t공휴일\t\tjour férié\tpublic holiday\tfestotago
00836	1970-01-01 00:00:00	0000	0000	政治家	n.\tseijika\t정치가\t\thomme/femme politique\tpolitician\tpolitikisto
00837	1970-01-01 00:00:00	0000	0000	扇風機	n.\tsenpūki\t선풍기\t\tventilateur\telectric fan\tventumilo
00838	1970-01-01 00:00:00	0000	0000	tout en -ant	문법표현\t\t~하면서; ~한 채로\t〜しながら (shi nagara)\tconstruction exprimant deux actions simultanées\twhile doing\tdum farante
00839	1970-01-01 00:00:00	0000	0000	避ける	v.\tsakeru\t피하다; 회피하다\t\téviter\tto avoid\teviti
00840	1970-01-01 00:00:00	0000	0000	ほこり	n.\thokori\t먼지\t\tpoussière\tdust\tpolvo
00841	1970-01-01 00:00:00	0000	0000	災い	n.\twazawai\t재앙; 화; 불행\t\tmalheur; calamité\tcalamity; misfortune\tkatastrofo; malfeliĉo
00842	1970-01-01 00:00:00	0000	0000	気づく	v.\tkizuku\t깨닫다; 알아차리다\t\tremarquer; se rendre compte\tto notice; realize\trimarki; konscii
00843	1970-01-01 00:00:00	0000	0000	アパート	n.\tapāto\t아파트; 소형 임대주택\t\tappartement\tapartment\tloĝejo
00844	1970-01-01 00:00:00	0000	0000	le pâté	n.\t\t파테; 고기 페이스트\tパテ; 肉のペースト (pate; niku no pēsuto)\tpréparation de viande hachée\tpâté\tviandpasto
00845	1970-01-01 00:00:00	0000	0000	réchauffer	v.\t\t다시 데우다; 따뜻하게 하다\t温め直す; 温める (atatamenaosu; atatameru)\trendre chaud de nouveau\tto reheat; warm up\trevarmigi
00846	1970-01-01 00:00:00	0000	0000	母さん	명사·호칭\tkāsan\t엄마; 어머니\t\tmaman\tmom\tpanjo
00847	1970-01-01 00:00:00	0000	0000	le thermostat	n.\t\t온도조절기\tサーモスタット; 温度調節器 (sāmosutatto; ondo chōsetsuki)\tappareil qui maintient une température\tthermostat\ttermostato
00848	1970-01-01 00:00:00	0000	0000	通信会社	n.\ttsūshin gaisha\t통신회사\t\topérateur de télécommunications\ttelecommunications company\ttelekomunika firmao
00849	1970-01-01 00:00:00	0000	0000	succès	n.\t\t성공; 인기작\t成功; ヒット (seikō; hitto)\tréussite; accueil favorable\tsuccess; hit\tsukceso
00850	1970-01-01 00:00:00	0000	0000	年賀状	n.\tnengajō\t연하장; 새해 인사 카드\t\tcarte de vœux du Nouvel An\tNew Year's card\tnovjara salutkarto
00851	1970-01-01 00:00:00	0000	0000	渡す	v.\twatasu\t건네다; 넘겨주다\t\tdonner; remettre\tto hand over; give\ttransdoni
00852	1970-01-01 00:00:00	0000	0000	rien qu'en regardant	부사구\t\t보기만 해도\t見ているだけで (mite iru dake de)\tsimplement en regardant\tjust by looking\tnur rigardante
00853	1970-01-01 00:00:00	0000	0000	la course à pied	명사구\t\t달리기; 러닝\tランニング; 徒競走 (ranningu; tokyōsō)\tactivité de courir à pied\trunning\tkurado
00854	1970-01-01 00:00:00	0000	0000	éviter le pire	동사구\t\t최악을 피하다\t最悪を避ける (saiaku o sakeru)\tempêcher la conséquence la plus grave\tto avoid the worst\teviti la plej malbonan
00855	1970-01-01 00:00:00	0000	0000	食べ過ぎ	n.\ttabesugi\t과식; 너무 많이 먹음\t\texcès de nourriture; avoir trop mangé\tovereating\ttromanĝado
00856	1970-01-01 00:00:00	0000	0000	sans me le dire	부사구\t\t나에게 말하지 않고\t私に言わずに (watashi ni iwazu ni)\tsans m'en informer\twithout telling me\tsen diri al mi
00857	1970-01-01 00:00:00	0000	0000	モーションセンサー	n.\tmōshon sensā\t동작 감지 센서\t\tcapteur de mouvement\tmotion sensor\tmovsensilo
00858	1970-01-01 00:00:00	0000	0000	材料	n.\tzairyō\t재료; 자료\t\tingrédient; matériau; donnée\tingredient; material\tingredienco; materialo
00859	1970-01-01 00:00:00	0000	0000	お尻をついてる	동사표현\toshiri o tsuiteru\t엉덩이를 바닥에 대고 있다\t\têtre assis les fesses au sol\tto be sitting on one's bottom\tsidi sur la postaĵo
00860	1970-01-01 00:00:00	0000	0000	prendre soin de	동사구\t\t돌보다; 관리하다\t世話をする; 大切にする (sewa o suru; taisetsu ni suru)\ts'occuper attentivement de\tto take care of\tprizorgi
00861	1970-01-01 00:00:00	0000	0000	きれい好き	명사·な형용사\tkireizuki\t청결을 좋아하는 사람; 깔끔한\t\tmaniaque de la propreté; très propre\tclean freak; neat\tpuramanto; ordema
00862	1970-01-01 00:00:00	0000	0000	取り合う	v.\ttoriau\t서로 빼앗다; 상대해 주다\t\tse disputer quelque chose; prendre au sérieux\tto compete for; pay attention to\tkonkuri pri; atenti
00863	1970-01-01 00:00:00	0000	0000	するつもり	문법표현\tsuru tsumori\t~할 생각; ~할 예정\t\tavoir l'intention de faire\tintend to do\tintenci fari
00864	1970-01-01 00:00:00	0000	0000	espoir	n.\t\t희망\t希望 (kibō)\tsentiment d'attente confiante\thope\tespero
00865	1970-01-01 00:00:00	0000	0000	promis	형용사·감탄표현\t\t약속된; 약속할게\t約束された; 約束だよ (yakusoku sareta; yakusoku da yo)\tgaranti par une promesse; je le promets\tpromised; I promise\tpromesita; mi promesas
00866	1970-01-01 00:00:00	0000	0000	早起き	명사·동사\thayaoki\t일찍 일어남\t\tlever matinal\tgetting up early\tfrua leviĝo
00867	1970-01-01 00:00:00	0000	0000	あちゃー	acc.\tachā\t아차; 아이고\t\toh là là; mince\toops; oh no\tho ve
00868	1970-01-01 00:00:00	0000	0000	朝早く	부사구\tasa hayaku\t아침 일찍\t\ttôt le matin\tearly in the morning\tfrumatene
00869	1970-01-01 00:00:00	0000	0000	jouer gros	관용표현\t\t큰 것을 걸다; 큰 위험을 감수하다\t大きく賭ける; 大きなリスクを負う (ōkiku kakeru; ōkina risuku o ou)\tprendre un risque important\tto play for high stakes\triski multe
00870	1970-01-01 00:00:00	0000	0000	faire du lèche-vitrine	관용표현\t\t아이쇼핑하다\tウィンドウショッピングをする (uindō shoppingu o suru)\tregarder les vitrines sans forcément acheter\tto window-shop\tfenestroviziti
00871	1970-01-01 00:00:00	0000	0000	どうせ	adv.\tdōse\t어차피; 결국\t\tde toute façon\tanyway\tĉiuokaze
00872	1970-01-01 00:00:00	0000	0000	間に合う	v.\tmaniau\t시간에 맞다; 늦지 않다\t\tarriver à temps; suffire\tto be in time; be enough\tĝustatempi; sufiĉi
00873	1970-01-01 00:00:00	0000	0000	囲炉裏	n.\tirori\t일본식 실내 화로\t\tfoyer traditionnel japonais\ttraditional sunken hearth\tjapana enfosita kameno
00874	1970-01-01 00:00:00	0000	0000	tu te casses	구어표현\t\t너는 떠난다; 너는 다친다\t君は出て行く; 怪我をする (kimi wa dete iku; kega o suru)\ttu t'en vas; tu te blesses\tyou leave; you hurt yourself\tvi foriras; vi vundas vin
00875	1970-01-01 00:00:00	0000	0000	le climatiseur	n.\t\t에어컨\tエアコン; 冷房機 (eakon; reibōki)\tappareil de climatisation\tair conditioner\tklimatizilo
00876	1970-01-01 00:00:00	0000	0000	ホラー映画	n.\thorā eiga\t공포 영화\t\tfilm d'horreur\thorror movie\thorora filmo
00877	1970-01-01 00:00:00	0000	0000	片方	n.\tkatahō\t한쪽; 한 짝\t\tun côté; l'un des deux\tone side; one of a pair\tunu flanko; unu el paro
00878	1970-01-01 00:00:00	0000	0000	traînasser	v.\t\t빈둥거리다; 꾸물거리다\tだらだらする; ぐずぐずする (daradara suru; guzuguzu suru)\tperdre du temps sans avancer\tto dawdle; loaf\tprokrastumi; malvigli
00879	1970-01-01 00:00:00	0000	0000	過ぎる	동사·보조동사\tsugiru\t지나가다; 너무 ~하다\t\tpasser; être trop\tto pass; be too\tpasi; tro
00880	1970-01-01 00:00:00	0000	0000	実際	명사·부사\tjissai\t실제; 실제로\t\tréalité; en réalité\treality; actually\trealo; fakte
00881	1970-01-01 00:00:00	0000	0000	疲れ切ってる	동사표현\ttsukarekitteru\t완전히 지쳐 있다\t\têtre complètement épuisé\tto be exhausted\testi elĉerpita
00882	1970-01-01 00:00:00	0000	0000	うん	acc.\tun\t응; 그래\t\toui; ouais\tyeah; yes\tjes
00883	1970-01-01 00:00:00	0000	0000	miauler	v.\t\t야옹거리다\tニャーニャー鳴く (nyānyā naku)\tpousser le cri du chat\tto meow\tmiaŭi
00884	1970-01-01 00:00:00	0000	0000	couper	v.\t\t자르다; 끊다; 차단하다\t切る; 切断する; 止める (kiru; setsudan suru; tomeru)\tséparer avec un outil; interrompre\tto cut; disconnect\ttranĉi; interrompi
00885	1970-01-01 00:00:00	0000	0000	craindre de	동사구\t\t~할까 두려워하다\t〜するのを恐れる (suru no o osoreru)\tavoir peur de faire\tto fear doing\ttimi fari
00886	1970-01-01 00:00:00	0000	0000	オファー	n.\tofā\t제안; 오퍼; 출연 요청\t\toffre; proposition\toffer\toferto
00887	1970-01-01 00:00:00	0000	0000	la comédie musicale	명사구\t\t뮤지컬\tミュージカル (myūjikaru)\tspectacle mêlant théâtre, chant et danse\tmusical\tmuzikalo
00888	1970-01-01 00:00:00	0000	0000	kleenex	명사·상표보통명사\t\t티슈; 종이 손수건\tティッシュペーパー (tisshu pēpā)\tmouchoir en papier\ttissue\tpapera naztuko
00889	1970-01-01 00:00:00	0000	0000	à tue-tête	부사구\t\t목청껏; 큰 소리로\t大声で; 声を張り上げて (ōgoe de; koe o hariagete)\ttrès fort, surtout en chantant\tat the top of one's voice\tplengorĝe
00890	1970-01-01 00:00:00	0000	0000	on a intérêt à	표현\t\t~하는 편이 좋다; ~해야 한다\t〜したほうがいい; 〜すべきだ (shita hō ga ii; subeki da)\til vaut mieux que nous\twe had better\tni prefere
00891	1970-01-01 00:00:00	0000	0000	逃げようとした	동사표현\tnigeyō to shita\t도망치려고 했다\t\ta essayé de s'enfuir\ttried to escape\tprovis eskapi
00892	1970-01-01 00:00:00	0000	0000	ブランケット	n.\tburanketto\t담요\t\tcouverture; plaid\tblanket\tkovrilo
00893	1970-01-01 00:00:00	0000	0000	contrariée	형용사\t\t속상한; 짜증 난; 방해받은\t不機嫌な; 困った; 妨げられた (fukigen na; komatta; samatagerareta)\tmécontente; frustrée\tupset; annoyed\tĉagrenita
00894	1970-01-01 00:00:00	0000	0000	予告編	n.\tyokokuhen\t예고편\t\tbande-annonce\ttrailer\tfilmanonco
00895	1970-01-01 00:00:00	0000	0000	plus tôt... plus tôt...	상관표현\t\t더 일찍 ~할수록 더 일찍 ~하다\t早ければ早いほど (hayakereba hayai hodo)\tcorrélation entre deux moments avancés\tthe earlier... the earlier...\tju pli frue... des pli frue...
00896	1970-01-01 00:00:00	0000	0000	即興	명사·동사\tsokkyō\t즉흥; 즉석 연주\t\timprovisation\timprovisation\timprovizado
00897	1970-01-01 00:00:00	0000	0000	チップ	n.\tchippu\t팁; 칩; 토큰\t\tpourboire; puce; jeton\ttip; chip; token\ttrinkmono; blato; ĵetono
00898	1970-01-01 00:00:00	0000	0000	在宅勤務	n.\tzaitaku kinmu\t재택근무\t\ttélétravail; travail à domicile\tworking from home\thejmlaboro
00899	1970-01-01 00:00:00	0000	0000	piètre	형용사\t\t형편없는; 보잘것없는\t下手な; ひどい (heta na; hidoi)\ttrès médiocre\tpoor; mediocre\tmizera; meznivela
00900	1970-01-01 00:00:00	0000	0000	bordélique	형용사·구어\t\t엉망인; 어수선한\t散らかった; めちゃくちゃな (chirakatta; mechakucha na)\ttrès désordonné\tmessy; chaotic\tmalorda; kaosa
00901	1970-01-01 00:00:00	0000	0000	いとこ	n.\titoko\t사촌\t\tcousin; cousine\tcousin\tkuzo
00902	1970-01-01 00:00:00	0000	0000	les glucides	n.\t\t탄수화물\t炭水化物 (tansuikabutsu)\tnutriments comprenant sucres et amidons\tcarbohydrates\tkarbonhidratoj
00903	1970-01-01 00:00:00	0000	0000	être matinal(e)	동사·형용사\t\t아침형이다; 일찍 일어나다\t朝型である; 早起きだ (asagata de aru; hayaoki da)\taimer ou avoir l'habitude du matin\tto be a morning person\testi matenema
00904	1970-01-01 00:00:00	0000	0000	un piège	n.\t\t덫; 함정\t罠 (wana)\tdispositif ou ruse pour capturer\ttrap\tkaptilo
00905	1970-01-01 00:00:00	0000	0000	ソーラーパネル	n.\tsōrā paneru\t태양광 패널\t\tpanneau solaire\tsolar panel\tsunpanelo
00906	1970-01-01 00:00:00	0000	0000	めちゃくちゃ	な형용사·부사\tmechakucha\t엉망진창; 터무니없이; 매우\t\tdésordonné; absurde; extrêmement\tchaotic; absurd; extremely\tkaosa; absurda; tre
00907	1970-01-01 00:00:00	0000	0000	配達	명사·동사\thaitatsu\t배달\t\tlivraison; livrer\tdelivery\tliverado
00908	1970-01-01 00:00:00	0000	0000	désinstaller une application	동사구\t\t앱을 삭제·제거하다\tアプリをアンインストールする; 削除する (apuri o an'insutōru suru; sakujo suru)\tretirer une application d'un appareil\tto uninstall an app\tmalinstali aplikaĵon
00909	1970-01-01 00:00:00	0000	0000	持ち主	n.\tmochinushi\t소유자; 주인\t\tpropriétaire\towner\tposedanto
00910	1970-01-01 00:00:00	0000	0000	税金対策	n.\tzeikin taisaku\t절세 대책; 세금 대비\t\toptimisation fiscale; mesures fiscales\ttax planning\timpostplanado
00911	1970-01-01 00:00:00	0000	0000	てた	축약문법\tteta\t~하고 있었다의 축약\t\tforme contractée de ていた\tcontracted form of was doing\tmallongigo de estis faranta
00912	1970-01-01 00:00:00	0000	0000	仮想体験	n.\tkasō taiken\t가상 체험\t\texpérience virtuelle\tvirtual experience\tvirtuala sperto
00913	1970-01-01 00:00:00	0000	0000	勝手に	adv.\tkatte ni\t제멋대로; 저절로\t\tà sa guise; tout seul\twithout permission; on its own\tlaŭvole; mem
00914	1970-01-01 00:00:00	0000	0000	飾り	n.\tkazari\t장식; 장식품\t\tdécoration; ornement\tdecoration; ornament\tornamaĵo
00915	1970-01-01 00:00:00	0000	0000	文句	n.\tmonku\t불평; 불만; 문구\t\tplainte; reproche; formulation\tcomplaint; phrase\tplendo; frazo
00916	1970-01-01 00:00:00	0000	0000	話題	n.\twadai\t화제; 주제\t\tsujet; thème\ttopic\ttemo
00917	1970-01-01 00:00:00	0000	0000	faire chauffer	동사구\t\t데우다; 가열하다\t温める; 加熱する (atatameru; kanetsu suru)\trendre chaud\tto heat up\tvarmigi
00918	1970-01-01 00:00:00	0000	0000	un somme	n.\t\t짧은 잠; 낮잠\tひと眠り; 昼寝 (hitonemuri; hirune)\tcourt sommeil\tnap\tdormeto
00919	1970-01-01 00:00:00	0000	0000	寒さ	n.\tsamusa\t추위; 차가움\t\tfroid; rigueur du froid\tcoldness\tmalvarmo
00920	1970-01-01 00:00:00	0000	0000	d'occasion	형용사구\t\t중고의; 기회에 따른\t中古の; 機会の (chūko no; kikai no)\tqui a déjà servi; lié à une occasion\tsecond-hand\tbrokanta
00921	1970-01-01 00:00:00	0000	0000	un trésor	n.\t\t보물\t宝物; 財宝 (takaramono; zaihō)\tobjet ou richesse de grande valeur\ttreasure\ttrezoro
00922	1970-01-01 00:00:00	0000	0000	un acompte	n.\t\t계약금; 선금\t手付金; 前金 (tetsukekin; maekin)\tpaiement partiel versé d'avance\tdeposit; down payment\tantaŭpago
00923	1970-01-01 00:00:00	0000	0000	布団	n.\tfuton\t이불; 일본식 요\t\tfuton; literie japonaise\tfuton\tfutono
00924	1970-01-01 00:00:00	0000	0000	パック	n.\tpakku\t팩; 묶음; 마스크팩\t\tpaquet; lot; masque facial\tpack; package; face mask\tpako; vizaĝmasko
00925	1970-01-01 00:00:00	0000	0000	les devantures	n.\t\t상점 정면; 진열창들\t店先; 店の正面 (misesaki; mise no shōmen)\tfaçades et vitrines de magasins\tshopfronts\tbutikfasadoj
00926	1970-01-01 00:00:00	0000	0000	限定セール	n.\tgentei sēru\t한정 세일\t\tvente limitée; promotion limitée\tlimited-time sale\tlimigita rabatvendo
00927	1970-01-01 00:00:00	0000	0000	経路	n.\tkeiro\t경로; 노선\t\titinéraire; trajet\troute; path\titinero; vojo
00928	1970-01-01 00:00:00	0000	0000	リラックスさせる	v.\trirakkusu saseru\t편안하게 하다\t\tdétendre; relaxer\tto relax someone\tmalstreĉi
00929	1970-01-01 00:00:00	0000	0000	si tu te calmes	조건표현\t\t네가 진정하면\t君が落ち着けば (kimi ga ochitsukeba)\tà condition que tu retrouves ton calme\tif you calm down\tse vi trankviliĝas
00930	1970-01-01 00:00:00	0000	0000	にする	문법표현\tni suru\t~로 하다; ~을 선택하다\t\tchoisir; rendre quelque chose\tto choose; make into\telekti; igi
00931	1970-01-01 00:00:00	0000	0000	arriver en retard	동사구\t\t늦게 도착하다; 지각하다\t遅れて到着する; 遅刻する (okurete tōchaku suru; chikoku suru)\tne pas arriver à l'heure\tto arrive late\tmalfrue alveni
00932	1970-01-01 00:00:00	0000	0000	寝坊	명사·동사\tnebō\t늦잠; 늦잠 자다\t\tgrasse matinée involontaire; se réveiller tard\toversleeping\ttroa dormado
00933	1970-01-01 00:00:00	0000	0000	念を押す	동사구\tnen o osu\t다짐을 받다; 재차 확인하다\t\tinsister; s'assurer une nouvelle fois\tto make sure; emphasize\tree konfirmi
00934	1970-01-01 00:00:00	0000	0000	毎年	명사·부사\tmaitoshi / mainen\t매년\t\tchaque année\tevery year\tĉiujare
00935	1970-01-01 00:00:00	0000	0000	済む	v.\tsumu\t끝나다; 해결되다; 필요 없게 되다\t\tse terminer; être réglé; suffire\tto be finished; be settled\tfiniĝi; solviĝi
00936	1970-01-01 00:00:00	0000	0000	mettre de l'argent dans	동사구\t\t~에 돈을 넣다; 투자하다\t〜にお金を入れる; 投資する (ni okane o ireru; tōshi suru)\tplacer ou investir de l'argent dans\tto put money into; invest in\tinvesti monon en
00937	1970-01-01 00:00:00	0000	0000	entretenir	v.\t\t유지·관리하다; 부양하다; 대화하다\t維持する; 世話する; 話し合う (iji suru; sewa suru; hanashiau)\tmaintenir en bon état; faire vivre\tto maintain; support\tprizorgi; subteni
00938	1970-01-01 00:00:00	0000	0000	確認する	v.\tkakunin suru\t확인하다\t\tvérifier; confirmer\tto check; confirm\tkontroli; konfirmi
00939	1970-01-01 00:00:00	0000	0000	emballage	n.\t\t포장; 포장재\t包装; 梱包材 (hōsō; konpōzai)\taction ou matériau servant à emballer\tpackaging\tpakaĵo
00940	1970-01-01 00:00:00	0000	0000	フォアグラ	n.\tfoa gura\t푸아그라\t\tfoie gras\tfoie gras\tgrashepataĵo
00941	1970-01-01 00:00:00	0000	0000	se limiter	v.\t\t제한되다; 스스로 제한하다\t限られる; 自制する (kagir areru; jisei suru)\tne pas dépasser une limite\tto limit oneself\tlimigi sin
00942	1970-01-01 00:00:00	0000	0000	レンタル	명사·동사\trentaru\t대여; 렌털\t\tlocation\trental\tluado
00943	1970-01-01 00:00:00	0000	0000	télécommande	n.\t\t리모컨\tリモコン (rimokon)\tappareil de commande à distance\tremote control\tteleregilo
00944	1970-01-01 00:00:00	0000	0000	徹底的に	adv.\ttetteiteki ni\t철저하게\t\tà fond; complètement\tthoroughly\tĝisfunde
00945	1970-01-01 00:00:00	0000	0000	レシピ	n.\treshipi\t요리법; 레시피\t\trecette\trecipe\trecepto
00946	1970-01-01 00:00:00	0000	0000	目覚めがいい	표현\tmezame ga ii\t상쾌하게 잘 깬다\t\tse réveiller en forme\tto wake up refreshed\tvekiĝi freŝa
00947	1970-01-01 00:00:00	0000	0000	bouchon	n.\t\t마개; 코르크; 교통 체증\t栓; コルク; 渋滞 (sen; koruku; jūtai)\tobjet fermant une ouverture; embouteillage\tstopper; cork; traffic jam\tŝtopilo; trafikŝtopiĝo
00948	1970-01-01 00:00:00	0000	0000	のに賛成	문법표현\tno ni sansei\t~하는 것에 찬성\t\têtre favorable au fait de\tto be in favor of doing\tfavori la faron
00949	1970-01-01 00:00:00	0000	0000	負ける	v.\tmakeru\t지다; 패배하다; 깎아주다\t\tperdre; être vaincu; faire une remise\tto lose; be defeated\tmalvenki
00950	1970-01-01 00:00:00	0000	0000	香水	n.\tkōsui\t향수\t\tparfum\tperfume\tparfumo
00951	1970-01-01 00:00:00	0000	0000	tu croques	동사표현\t\t너는 아삭 깨문다; 그린다; 돈을 쓴다\t君はかじる; スケッチする; お金を使う (kimi wa kajiru; sukecchi suru; okane o tsukau)\ttu mords; tu dessines rapidement\tyou bite; sketch\tvi mordas; skizas
00952	1970-01-01 00:00:00	0000	0000	le poids	n.\t\t무게; 체중; 중요성\t重さ; 体重; 重要性 (omosa; taijū; jūyōsei)\tmasse; importance\tweight\tpezo
00953	1970-01-01 00:00:00	0000	0000	SNS	n.\tesu enu esu\t소셜 네트워크 서비스\t\tréseaux sociaux\tsocial networking services\tsociaj retoj
00954	1970-01-01 00:00:00	0000	0000	宝くじ	n.\ttakarakuji\t복권\t\tloterie; billet de loterie\tlottery ticket\tloteribileto
00955	1970-01-01 00:00:00	0000	0000	avoir du bol	구어표현\t\t운이 좋다\t運がいい (un ga ii)\tavoir de la chance\tto be lucky\testi bonŝanca
00956	1970-01-01 00:00:00	0000	0000	出かける	v.\tdekakeru\t외출하다; 나가다\t\tsortir; partir\tto go out\teliri
00957	1970-01-01 00:00:00	0000	0000	instantanément	adv.\t\t즉시; 순간적으로\t即座に; 瞬時に (sokuza ni; shunji ni)\timmédiatement\tinstantly\ttuj
00958	1970-01-01 00:00:00	0000	0000	se moucher	v.\t\t코를 풀다\t鼻をかむ (hana o kamu)\texpulser les sécrétions du nez\tto blow one's nose\tnazblovi
00959	1970-01-01 00:00:00	0000	0000	秘密	n.\thimitsu\t비밀\t\tsecret\tsecret\tsekreto
00960	1970-01-01 00:00:00	0000	0000	体を動かす	동사구\tkarada o ugokasu\t몸을 움직이다; 운동하다\t\tbouger son corps; faire de l'exercice\tto move one's body\tmovi la korpon
00961	1970-01-01 00:00:00	0000	0000	嫌いな人	명사구\tkirai na hito\t싫어하는 사람\t\tpersonne qu'on n'aime pas\tperson one dislikes\tmalŝatata homo
00962	1970-01-01 00:00:00	0000	0000	十分	명사·な형용사·부사\tjūbun\t충분함; 충분한; 충분히\t\tsuffisant; suffisamment\tenough; sufficiently\tsufiĉa; sufiĉe
00963	1970-01-01 00:00:00	0000	0000	エピファニー	n.\tepifanī\t주현절; 에피파니\t\tÉpiphanie\tEpiphany\tEpifanio
00964	1970-01-01 00:00:00	0000	0000	en échantillon	부사구\t\t샘플로; 견본으로\t試供品として; 見本で (shikyōhin to shite; mihon de)\tsous forme de petite quantité d'essai\tas a sample\tkiel specimeno
00965	1970-01-01 00:00:00	0000	0000	à un moment	부사구\t\t어느 순간에; 한때\tある時; ある瞬間に (aru toki; aru shunkan ni)\tà une certaine période\tat one point\tiam
00966	1970-01-01 00:00:00	0000	0000	朝型人間	n.\tasagata ningen\t아침형 인간\t\tpersonne du matin\tmorning person\tmatenema homo
00967	1970-01-01 00:00:00	0000	0000	du coin	형용사구\t\t근처의; 지역의\t近所の; 地元の (kinjo no; jimoto no)\tlocal; des environs\tlocal; nearby\tloka; proksima
00968	1970-01-01 00:00:00	0000	0000	お祝い	명사·동사\toiwai\t축하; 축하 선물\t\tfélicitations; célébration; cadeau\tcelebration; congratulatory gift\tfestado; gratulo
00969	1970-01-01 00:00:00	0000	0000	必要	명사·な형용사\thitsuyō\t필요; 필요한\t\tnécessaire; besoin\tnecessary; need\tnecesa; bezono
00970	1970-01-01 00:00:00	0000	0000	ケバブ屋	n.\tkebabu-ya\t케밥 가게\t\trestaurant de kebab\tkebab shop\tkebabvendejo
00971	1970-01-01 00:00:00	0000	0000	apprivoiser	v.\t\t길들이다; 친숙하게 만들다\t飼いならす; 慣れさせる (kainarasu; naresaseru)\trendre moins sauvage; se familiariser\tto tame; familiarize\tmalsovaĝigi
00972	1970-01-01 00:00:00	0000	0000	営業電話	n.\teigyō denwa\t영업 전화; 판촉 전화\t\tappel commercial; démarchage téléphonique\tsales call\tvendotelefonvoko
00973	1970-01-01 00:00:00	0000	0000	有機EL	n.\tyūki īeru\t유기 EL; OLED\t\tOLED; diode électroluminescente organique\tOLED\torganika lumdiodo
00974	1970-01-01 00:00:00	0000	0000	porter bonheur	동사구\t\t행운을 가져오다\t幸運をもたらす (kōun o motarasu)\tapporter de la chance\tto bring good luck\talporti bonŝancon
00975	1970-01-01 00:00:00	0000	0000	n'avoir qu'à + infinitif	문법표현\t\t그저 ~하면 된다\t〜すればいい (sureba ii)\til suffit de\tonly have to\tsufiĉas
00976	1970-01-01 00:00:00	0000	0000	oublier de	동사구\t\t~하는 것을 잊다\t〜するのを忘れる (suru no o wasureru)\tne pas penser à faire\tto forget to\tforgesi fari
00977	1970-01-01 00:00:00	0000	0000	au pire	부사구\t\t최악의 경우; 안 되면\t最悪の場合; だめなら (saiaku no baai; dame nara)\tdans le scénario le plus défavorable\tat worst\tplej malbone
00978	1970-01-01 00:00:00	0000	0000	いかない	동사표현\tikanai\t가지 않는다; 잘되지 않는다\t\tne va pas; ne fonctionne pas\tdoesn't go; doesn't work\tne iras; ne funkcias
00979	1970-01-01 00:00:00	0000	0000	インテリア	n.\tinteria\t인테리어; 실내 장식\t\tdécoration intérieure; intérieur\tinterior design\tinterna dekoracio
00980	1970-01-01 00:00:00	0000	0000	キッチン	n.\tkicchin\t주방\t\tcuisine\tkitchen\tkuirejo
00981	1970-01-01 00:00:00	0000	0000	se faire plaisir	동사구\t\t스스로 즐거움을 주다; 하고 싶은 것을 하다\t自分を喜ばせる; 好きなことをする (jibun o yorokobaseru; sukina koto o suru)\ts'accorder quelque chose d'agréable\tto treat oneself\tdorlotigi sin
00982	1970-01-01 00:00:00	0000	0000	呪われた	동사·형용표현\tnorowareta\t저주받은\t\tmaudit\tcursed\tmalbenita
00983	1970-01-01 00:00:00	0000	0000	le taux d'imposition	명사구\t\t세율\t税率 (zeiritsu)\tpourcentage appliqué pour calculer l'impôt\ttax rate\timpostkvoto
00984	1970-01-01 00:00:00	0000	0000	frémir	v.\t\t살짝 떨다; 약하게 끓다\t震える; かすかに沸く (furueru; kasuka ni waku)\ttrembler légèrement; bouillir à peine\tto shiver; simmer\ttremeti; boleti
00985	1970-01-01 00:00:00	0000	0000	蛍光色	n.\tkeikōshoku\t형광색\t\tcouleur fluorescente\tfluorescent color\tfluoreska koloro
00986	1970-01-01 00:00:00	0000	0000	un emballage	n.\t\t포장; 포장재\t包装; 梱包 (hōsō; konpō)\tmatériau ou action d'emballer\tpackaging\tpakaĵo
00987	1970-01-01 00:00:00	0000	0000	口論	명사·동사\tkōron\t말다툼; 언쟁\t\tdispute; querelle\targument; quarrel\tdisputo
00988	1970-01-01 00:00:00	0000	0000	je ne le mets plus	동사표현\t\t나는 그것을 더 이상 입거나 두지 않는다\tもうそれを着ない; 置かない (mō sore o kinai; okanai)\tje cesse de le porter ou de le placer\tI don't wear/use it anymore\tmi ne plu portas ĝin
00989	1970-01-01 00:00:00	0000	0000	持ち歩く	v.\tmochiaruku\t휴대하고 다니다\t\tporter sur soi; emporter partout\tto carry around\tkunporti
00990	1970-01-01 00:00:00	0000	0000	contrôleur	n.\t\t검표원; 관제자; 컨트롤러\t検札員; 管制官; コントローラー (kensatsuin; kanseikan; kontorōrā)\tpersonne ou appareil qui contrôle\tinspector; controller\tkontrolisto; regilo
00991	1970-01-01 00:00:00	0000	0000	隣人	n.\trinjin\t이웃 사람\t\tvoisin; voisine\tneighbor\tnajbaro
00992	1970-01-01 00:00:00	0000	0000	フライドポテト	n.\tfuraido poteto\t감자튀김\t\tfrites\tFrench fries\tfrititaj terpomoj
00993	1970-01-01 00:00:00	0000	0000	スキー	명사·동사\tsukī\t스키\t\tski\tskiing\tskiado
00994	1970-01-01 00:00:00	0000	0000	勧める	v.\tsusumeru\t권하다; 추천하다\t\trecommander; conseiller\tto recommend\trekomendi
00995	1970-01-01 00:00:00	0000	0000	涼しい	い형용사\tsuzushii\t시원하다; 선선하다\t\tfrais; agréable\tcool; refreshing\tmalvarmeta
00996	1970-01-01 00:00:00	0000	0000	bombarder	v.\t\t폭격하다; 질문·메시지를 퍼붓다\t爆撃する; 質問攻めにする (bakugeki suru; shitsumonzeme ni suru)\tattaquer avec des bombes; accabler\tto bombard\tbombadi
00997	1970-01-01 00:00:00	0000	0000	〜ておく	문법표현\tte oku\t미리 ~해 두다; 그대로 두다\t\tfaire à l'avance; laisser en état\tto do in advance; leave as is\tfari anticipe
00998	1970-01-01 00:00:00	0000	0000	la déclaration d'impôts	명사구\t\t세금 신고\t確定申告; 税務申告 (kakutei shinkoku; zeimu shinkoku)\tdocument déclarant les revenus au fisc\ttax return\timpostdeklaro
00999	1970-01-01 00:00:00	0000	0000	dépanner	v.\t\t고장을 수리하다; 급한 곤란을 도와주다\t修理する; 急場を助ける (shūri suru; kyūba o tasukeru)\tréparer ou aider temporairement\tto troubleshoot; help out\tripari; helpi
01000	1970-01-01 00:00:00	0000	0000	贈り物	n.\tokurimono\t선물\t\tcadeau; présent\tgift\tdonaco
01001	1970-01-01 00:00:00	0000	0000	parier	v.\t\t내기하다; 돈을 걸다\t賭ける (kakeru)\tmiser sur un résultat\tto bet\tvetadi
01002	1970-01-01 00:00:00	0000	0000	génial(e)	형용사\t\t훌륭한; 천재적인\t素晴らしい; 天才的な (subarashii; tensaiteki na)\texcellent; très ingénieux\tgreat; brilliant\tbonega; genia
01003	1970-01-01 00:00:00	0000	0000	te resservir	동사구\t\t네가 한 번 더 덜어 먹다\tおかわりする; もう一度取る (okawari suru; mō ichido toru)\tprendre une nouvelle portion\tto help yourself again\trepreni porcion
01004	1970-01-01 00:00:00	0000	0000	la vitrine de Noël	명사구\t\t크리스마스 쇼윈도\tクリスマスのショーウィンドウ (kurisumasu no shō uindō)\tdevanture décorée pour Noël\tChristmas window display\tkristnaska montrofenestro
01005	1970-01-01 00:00:00	0000	0000	再発見	명사·동사\tsaihakken\t재발견\t\tredécouverte\trediscovery\tremalkovro
01006	1970-01-01 00:00:00	0000	0000	配送料無料	명사·표현\thaisōryō muryō\t배송료 무료\t\tlivraison gratuite\tfree shipping\tsenpaga liverado
01007	1970-01-01 00:00:00	0000	0000	鍛える	v.\tkitaeru\t단련하다; 훈련하다\t\tentraîner; renforcer\tto train; strengthen\ttrejni; fortigi
01008	1970-01-01 00:00:00	0000	0000	le suivi d'activité	명사구\t\t활동 추적; 피트니스 트래킹\t活動量追跡; アクティビティ記録 (katsudōryō tsuiseki; akutibiti kiroku)\tmesure et enregistrement des mouvements\tactivity tracking\taktivecspurado
01009	1970-01-01 00:00:00	0000	0000	正しい	い형용사\ttadashii\t옳다; 정확하다\t\tcorrect; juste\tcorrect; right\tĝusta
01010	1970-01-01 00:00:00	0000	0000	en parler	동사구\t\t그것에 대해 말하다\tそれについて話す (sore ni tsuite hanasu)\tparler de ce sujet\tto talk about it\tparoli pri ĝi
01011	1970-01-01 00:00:00	0000	0000	アイシャドウ	n.\taishadō\t아이섀도\t\tfard à paupières\teye shadow\tokulombraĵo
01012	1970-01-01 00:00:00	0000	0000	décorations	n.\t\t장식들\t飾り; 装飾 (kazari; sōshoku)\tobjets décoratifs\tdecorations\tornamaĵoj
01013	1970-01-01 00:00:00	0000	0000	全身	n.\tzenshin\t전신; 온몸\t\ttout le corps\twhole body\ttuta korpo
01014	1970-01-01 00:00:00	0000	0000	なってほしい	동사표현\tnatte hoshii\t~이 되어 주었으면 한다\t\tje veux que tu/ça devienne\tI want someone/something to become\tmi volas ke fariĝu
01015	1970-01-01 00:00:00	0000	0000	年末年始	n.\tnenmatsu nenshi\t연말연시\t\tfêtes de fin et début d'année\tyear-end and New Year period\tjarfina kaj novjara periodo
01016	1970-01-01 00:00:00	0000	0000	domestique	형용사·명사\t\t가정의; 국내의; 가사도우미\t家庭の; 国内の; 使用人 (katei no; kokunai no; shiyōnin)\trelatif à la maison; employé de maison\tdomestic; house worker\thejma; servisto
01017	1970-01-01 00:00:00	0000	0000	se poser devant	동사구·구어\t\t~앞에 자리 잡고 앉다\t〜の前に座り込む (no mae ni suwarikomu)\ts'installer devant\tto plop down in front of\tsidiĝi antaŭ
01018	1970-01-01 00:00:00	0000	0000	aspirer	v.\t\t빨아들이다; 진공청소기로 청소하다; 열망하다\t吸い込む; 掃除機をかける; 切望する (suikomu; sōjiki o kakeru; setsubō suru)\tabsorber; passer l'aspirateur; désirer\tto suck; vacuum; aspire\tsuĉi; polvosuĉi; aspiri
01019	1970-01-01 00:00:00	0000	0000	faire plaisir	동사구\t\t기쁘게 하다; 선물하다\t喜ばせる; 嬉しくする (yorokobaseru; ureshiku suru)\trendre quelqu'un heureux\tto please; make happy\tĝojigi
01020	1970-01-01 00:00:00	0000	0000	la journée	n.\t\t하루; 낮 시간\t一日; 日中 (ichinichi; nitchū)\tdurée d'un jour ou période diurne\tday; daytime\ttago
01021	1970-01-01 00:00:00	0000	0000	la cuisson	n.\t\t조리; 익힘 정도\t調理; 焼き加減 (chōri; yakikagen)\taction et degré de cuire\tcooking; doneness\tkuirado; kuirgrado
01022	1970-01-01 00:00:00	0000	0000	faire du stock	동사구\t\t비축하다; 재고를 쌓다\t備蓄する; 買いだめする (bichiku suru; kaidame suru)\tconstituer des réserves\tto stock up\tstoki
01023	1970-01-01 00:00:00	0000	0000	凍える	v.\tkogoeru\t얼어붙을 듯 추워하다\t\tgrelotter; être transi de froid\tto freeze; shiver\tfrostotremi
01024	1970-01-01 00:00:00	0000	0000	carte de vœux	명사구\t\t축하·연하 카드\tグリーティングカード; 年賀状 (gurītingu kādo; nengajō)\tcarte envoyée pour présenter des souhaits\tgreeting card\tsalutkarto
01025	1970-01-01 00:00:00	0000	0000	隠せる	v.\tkakuseru\t숨길 수 있다\t\tpouvoir cacher\tcan hide\tpovi kaŝi
01026	1970-01-01 00:00:00	0000	0000	vu comment	접속표현\t\t~한 상태를 보면; ~인 점을 고려하면\t〜の様子を見ると; 〜を考えると (no yōsu o miru to; o kangaeru to)\tétant donné la manière dont\tgiven how\tkonsiderante kiel
01027	1970-01-01 00:00:00	0000	0000	je suis crevé	구어표현\t\t나는 완전히 지쳤다\tへとへとだ; 疲れ切っている (hetoheto da; tsukarek itte iru)\tje suis très fatigué\tI'm exhausted\tmi estas elĉerpita
01028	1970-01-01 00:00:00	0000	0000	魔法	n.\tmahō\t마법\t\tmagie\tmagic\tmagio
01029	1970-01-01 00:00:00	0000	0000	サクサク	부사·な형용사\tsakusaku\t바삭바삭; 일이 척척 진행됨\t\tcroustillant; sans difficulté\tcrispy; smoothly\tkrusteca; glate
01030	1970-01-01 00:00:00	0000	0000	不正乗車	명사·동사\tfusei jōsha\t부정 승차; 무임승차\t\tfraude dans les transports; resquille\tfare evasion\ttransportfraŭdo
01031	1970-01-01 00:00:00	0000	0000	les factures	n.\t\t청구서들; 공과금\t請求書; 公共料金 (seikyūsho; kōkyō ryōkin)\tdocuments indiquant une somme à payer\tbills; invoices\tfakturoj
01032	1970-01-01 00:00:00	0000	0000	もしかしたら	adv.\tmoshikashitara\t어쩌면; 혹시\t\tpeut-être\tmaybe; perhaps\teble
01033	1970-01-01 00:00:00	0000	0000	スマホ	n.\tsumaho\t스마트폰\t\tsmartphone\tsmartphone\tsaĝtelefono
01034	1970-01-01 00:00:00	0000	0000	la séance de minuit	명사구\t\t심야 상영; 자정 회차\t深夜上映; ミッドナイト上映 (shin'ya jōei; middonaito jōei)\tprojection organisée à minuit\tmidnight screening\tnoktomeza seanco
01035	1970-01-01 00:00:00	0000	0000	コスメ	n.\tkosume\t화장품\t\tcosmétiques\tcosmetics\tkosmetikaĵoj
01036	1970-01-01 00:00:00	0000	0000	愛らしい	い형용사\tairashii\t사랑스럽다; 귀엽다\t\tadorable; charmant\tadorable; lovely\tĉarma; aminda
01037	1970-01-01 00:00:00	0000	0000	あっという間	부사구\tatto iu ma\t눈 깜짝할 사이; 순식간\t\ten un clin d'œil\tin no time\ttuj; en palpebrumo
01038	1970-01-01 00:00:00	0000	0000	サボる	v.\tsaboru\t게으름 피우다; 빼먹다\t\tsécher; paresser\tto skip; slack off\tfuŝeviti; mallabori
01039	1970-01-01 00:00:00	0000	0000	相手	n.\taite\t상대; 파트너; 맞은편 사람\t\tadversaire; partenaire; interlocuteur\topponent; partner\tkontraŭulo; partnero
01040	1970-01-01 00:00:00	0000	0000	表現する	v.\thyōgen suru\t표현하다\t\texprimer\tto express\tesprimi
01041	1970-01-01 00:00:00	0000	0000	reporter à	동사구\t\t~로 연기하다; ~에 옮기다\t〜まで延期する; 〜に移す (made enki suru; ni utsusu)\tremettre à une date ultérieure\tto postpone until; transfer to\tprokrasti ĝis
01042	1970-01-01 00:00:00	0000	0000	Suica/PASMO	고유명사\tsuika / pasumo\t일본 교통 IC 카드 Suica/PASMO\t\tcartes de transport japonaises Suica/PASMO\tJapanese transit cards\tjapanaj transportkartoj
01043	1970-01-01 00:00:00	0000	0000	embouteillage	n.\t\t교통 체증; 병입\t渋滞; 瓶詰め (jūtai; binzume)\tbouchon routier; mise en bouteille\ttraffic jam; bottling\ttrafikŝtopiĝo; enboteligo
01044	1970-01-01 00:00:00	0000	0000	T'inquiète !	구어표현\t\t걱정 마!\t心配しないで！ (shinpai shinaide)\tne t'inquiète pas\tdon't worry\tne zorgu
01045	1970-01-01 00:00:00	0000	0000	あまり	부사·명사\tamari\t별로; 너무; 나머지\t\tpas beaucoup; trop; reste\tnot much; too much; remainder\tne multe; tro; restaĵo
01046	1970-01-01 00:00:00	0000	0000	bonbons ou un sort	할로윈표현\t\t사탕 안 주면 장난칠 거야\tトリック・オア・トリート (torikku oa torīto)\tformule d'Halloween\ttrick or treat\tdolĉaĵo aŭ petolo
01047	1970-01-01 00:00:00	0000	0000	un régal	n.\t\t진미; 큰 즐거움\tごちそう; 大きな喜び (gochisō; ōkina yorokobi)\tchose délicieuse ou très agréable\ta treat; delight\tbongustaĵo; ĝojo
01048	1970-01-01 00:00:00	0000	0000	語る	v.\tkataru\t이야기하다; 서술하다\t\traconter; parler de\tto tell; narrate\trakonti
01049	1970-01-01 00:00:00	0000	0000	仮面	n.\tkamen\t가면\t\tmasque\tmask\tmasko
01050	1970-01-01 00:00:00	0000	0000	la technologie de pointe	명사구\t\t최첨단 기술\t最先端技術 (saisentan gijutsu)\ttechnologie la plus avancée\tcutting-edge technology\tpintnivela teknologio
01051	1970-01-01 00:00:00	0000	0000	continuer à	동사구\t\t계속 ~하다\t〜し続ける (shi tsuzukeru)\tpoursuivre une action\tto continue to\tdaŭrigi
01052	1970-01-01 00:00:00	0000	0000	子犬	n.\tkoinu\t강아지; 어린 개\t\tchiot\tpuppy\thundido
01053	1970-01-01 00:00:00	0000	0000	ポップコーン	n.\tpoppukōn\t팝콘\t\tpop-corn\tpopcorn\tpufmaizo
01054	1970-01-01 00:00:00	0000	0000	courant d'air	명사구\t\t외풍; 바람길\t隙間風; 気流 (sukimakaze; kiryū)\tmouvement d'air dans un espace\tdraft; air current\taerfluo
01055	1970-01-01 00:00:00	0000	0000	mouchoirs	n.\t\t손수건들; 휴지들\tハンカチ; ティッシュ (hankachi; tisshu)\tpièces de tissu ou papier pour le nez\thandkerchiefs; tissues\tnaztukoj
01056	1970-01-01 00:00:00	0000	0000	コレクター	n.\tkorekutā\t수집가; 컬렉터\t\tcollectionneur\tcollector\tkolektanto
01057	1970-01-01 00:00:00	0000	0000	des bottes de pluie	명사구\t\t장화; 레인부츠\t長靴; レインブーツ (nagagutsu; rein būtsu)\tbottes imperméables\train boots\tpluvbotoj
01058	1970-01-01 00:00:00	0000	0000	後	명사·부사\tato / go\t뒤; 후; 나중\t\taprès; derrière; plus tard\tafter; behind; later\tpost; malantaŭ; poste
01059	1970-01-01 00:00:00	0000	0000	essoufflé(e)	형용사\t\t숨이 찬\t息切れした (ikigire shita)\tqui manque de souffle\tout of breath\tsenspira
01060	1970-01-01 00:00:00	0000	0000	ブラフかける	동사구\tburafu kakeru\t블러핑하다\t\tbluffer\tto bluff\tblufi
01061	1970-01-01 00:00:00	0000	0000	バス	n.\tbasu\t버스; 욕조; 농어\t\tbus; bain; bar\tbus; bath; sea bass\tbuso; bano; labrako
01062	1970-01-01 00:00:00	0000	0000	impatiente	형용사\t\t기다리지 못하는; 몹시 기대하는\t待ちきれない; せっかちな (machikirenai; sekkachi na)\tqui supporte mal l'attente\timpatient\tsenpacienca
01063	1970-01-01 00:00:00	0000	0000	かかる	v.\tkakaru\t걸리다; 비용이 들다; 전화가 오다\t\tprendre du temps; coûter; arriver par téléphone\tto take; cost; come in\tdaŭri; kosti
01064	1970-01-01 00:00:00	0000	0000	papier cadeau	명사구\t\t선물 포장지\t包装紙 (hōsōshi)\tpapier utilisé pour emballer un cadeau\tgift wrap\tdonacpapero
01065	1970-01-01 00:00:00	0000	0000	確定申告	명사·동사\tkakutei shinkoku\t확정 신고; 종합소득세 신고\t\tdéclaration de revenus; déclaration fiscale\ttax return filing\timpostdeklaro
01066	1970-01-01 00:00:00	0000	0000	死ぬ	v.\tshinu\t죽다\t\tmourir\tto die\tmorti
01067	1970-01-01 00:00:00	0000	0000	チケット売り場	n.\tchiketto uriba\t매표소\t\tbilletterie; guichet de billets\tticket office\tbiletvendejo
01068	1970-01-01 00:00:00	0000	0000	la part	n.\t\t몫; 조각; 부분\t分け前; 一切れ; 部分 (wakemae; hitokire; bubun)\tportion attribuée; morceau\tshare; slice; part\tparto; porcio
01069	1970-01-01 00:00:00	0000	0000	si je tombe dessus	조건표현\t\t내가 우연히 그것을 발견하면\tもし偶然見つけたら (moshi gūzen mitsuketara)\tsi je le découvre par hasard\tif I come across it\tse mi hazarde trovas ĝin
01070	1970-01-01 00:00:00	0000	0000	熱狂的な	な형용사\tnekkyōteki na\t열광적인\t\tfanatique; enthousiaste\tfanatical; enthusiastic\tfanatika; entuziasma
01071	1970-01-01 00:00:00	0000	0000	キラキラ	부사·な형용사\tkirakira\t반짝반짝; 화려한\t\tscintillant; brillant\tsparkling\tbrileta
01072	1970-01-01 00:00:00	0000	0000	雑巾	n.\tzōkin\t걸레\t\tchiffon de nettoyage; serpillière\tcleaning rag\tpurigtuko
01073	1970-01-01 00:00:00	0000	0000	仕事	명사·동사\tshigoto\t일; 직업; 업무\t\ttravail; métier\twork; job\tlaboro
01074	1970-01-01 00:00:00	0000	0000	pâte à pizza	명사구\t\t피자 도우\tピザ生地 (piza kiji)\tpâte utilisée comme base de pizza\tpizza dough\tpicpasto
01075	1970-01-01 00:00:00	0000	0000	欲望に負ける	동사구\tyokubō ni makeru\t욕망에 지다; 유혹에 굴복하다\t\tcéder au désir; succomber à la tentation\tto give in to desire\tcedi al deziro
01076	1970-01-01 00:00:00	0000	0000	あと1秒	명사구\tato ichi-byō\t앞으로 1초; 1초만 더\t\tencore une seconde\tone second left\tankoraŭ unu sekundo
01077	1970-01-01 00:00:00	0000	0000	蜘蛛	n.\tkumo\t거미\t\taraignée\tspider\taraneo
01078	1970-01-01 00:00:00	0000	0000	脱水	명사·동사\tdassui\t탈수; 물기 제거\t\tdéshydratation; essorage\tdehydration; spin-drying\tsenakviĝo; centrifugado
01079	1970-01-01 00:00:00	0000	0000	les radiateurs	n.\t\t라디에이터들; 난방기들\tラジエーター; 暖房器具 (rajētā; danbō kigu)\tappareils diffusant de la chaleur\tradiators\tradiatoroj
01080	1970-01-01 00:00:00	0000	0000	タンスの肥やし	관용명사\ttansu no koyashi\t장롱 속에 묵혀 둔 물건\t\tobjet inutilisé qui reste dans l'armoire\tunused item gathering dust\tneuzata ŝrankaĵo
01081	1970-01-01 00:00:00	0000	0000	浄化する	v.\tjōka suru\t정화하다\t\tpurifier\tto purify\tpurigi
01082	1970-01-01 00:00:00	0000	0000	賭け	n.\tkake\t내기; 도박\t\tpari; mise\tbet; wager\tveto
01083	1970-01-01 00:00:00	0000	0000	エキゾチック	な형용사\tekizochikku\t이국적인\t\texotique\texotic\tekzotika
01084	1970-01-01 00:00:00	0000	0000	un imperméable	명사·형용사\t\t비옷; 방수의\tレインコート; 防水の (rein kōto; bōsui no)\tvêtement de pluie; qui résiste à l'eau\traincoat; waterproof\tpluvmantelo; akvorezista
01085	1970-01-01 00:00:00	0000	0000	se rappeler / se souvenir de	동사구\t\t기억하다; 떠올리다\t覚えている; 思い出す (oboete iru; omoidasu)\tgarder ou retrouver en mémoire\tto remember\tmemori
01086	1970-01-01 00:00:00	0000	0000	une lessive	n.\t\t세탁; 세제; 한 번의 빨래\t洗濯; 洗剤 (sentaku; senzai)\tlavage du linge; produit lessiviel\tlaundry; detergent\tlavado; lesivo
01087	1970-01-01 00:00:00	0000	0000	autant	부사·대명사\t\t그만큼; 같은 정도; 그렇게 많이\t同じくらい; それほど多く (onaji kurai; sore hodo ōku)\ten quantité égale ou importante\tas much; so much\tsame multe; tiom
01088	1970-01-01 00:00:00	0000	0000	un virement	n.\t\t계좌이체\t振り込み; 銀行振込 (furikomi; ginkō furikomi)\ttransfert d'argent entre comptes\tbank transfer\tbanktransigo
01089	1970-01-01 00:00:00	0000	0000	目標	n.\tmokuhyō\t목표\t\tobjectif; but\tgoal; target\tcelo
01090	1970-01-01 00:00:00	0000	0000	すればいいじゃない	문법표현\tsureba ii janai\t~하면 되잖아; ~하면 좋지 않아?\t\ttu n'as qu'à; pourquoi ne pas...\twhy don't you just...\tvi nur faru
01091	1970-01-01 00:00:00	0000	0000	待つ	v.\tmatsu\t기다리다\t\tattendre\tto wait\tatendi
01092	1970-01-01 00:00:00	0000	0000	l'horaire	명사·형용사\t\t시간표; 일정; 시간의\t時刻表; スケジュール; 時間の (jikokuhyō; sukejūru; jikan no)\ttableau des heures; relatif au temps\tschedule; timetable\thoraro
01093	1970-01-01 00:00:00	0000	0000	la bouillotte	n.\t\t온수 주머니; 유단포\t湯たんぽ (yutanpo)\trécipient rempli d'eau chaude\thot-water bottle\tvarmakva botelo
01094	1970-01-01 00:00:00	0000	0000	頼んで	동사표현\ttanonde\t부탁해; 주문해서\t\tdemande; en commandant\tplease ask; having ordered\tpetu; mendinte
01095	1970-01-01 00:00:00	0000	0000	le tapis rouge	명사구\t\t레드카펫\tレッドカーペット (reddo kāpetto)\ttapis cérémoniel pour les célébrités\tred carpet\truĝa tapiŝo
01096	1970-01-01 00:00:00	0000	0000	手伝って	동사표현\ttetsudatte\t도와줘; 도와서\t\taide-moi; en aidant\thelp me; helping\thelpu min
01097	1970-01-01 00:00:00	0000	0000	les plats salés	명사구\t\t짭짤한 요리; 디저트가 아닌 음식\t塩味の料理; おかず系の料理 (shiomi no ryōri; okazu-kei no ryōri)\tmets non sucrés\tsavory dishes\tsalaj pladoj
01098	1970-01-01 00:00:00	0000	0000	un achat compulsif	명사구\t\t충동구매; 강박적 구매\t衝動買い; 強迫的な買い物 (shōdōgai; kyōhakuteki na kaimono)\tachat incontrôlé dicté par une impulsion\tcompulsive purchase\tdeviga aĉeto
01099	1970-01-01 00:00:00	0000	0000	la superstition	n.\t\t미신\t迷信 (meishin)\tcroyance irrationnelle liée à la chance\tsuperstition\tsuperstiĉo
01100	1970-01-01 00:00:00	0000	0000	バラ色	명사·な형용사\tbarairo\t장밋빛; 낙관적인\t\trose; optimiste\trose-colored; rosy\troza; optimisma
01101	1970-01-01 00:00:00	0000	0000	この	연체사\tkono\t이; 이쪽의\t\tce; cette\tthis\tĉi tiu
01102	1970-01-01 00:00:00	0000	0000	se mouiller	v.\t\t젖다; 위험을 감수하고 나서다\t濡れる; 思い切って関わる (nureru; omoikitte kakawaru)\tdevenir mouillé; prendre position\tto get wet; take a stand\tmalsekiĝi; engaĝiĝi
01103	1970-01-01 00:00:00	0000	0000	光合成	n.\tkōgōsei\t광합성\t\tphotosynthèse\tphotosynthesis\tfotosintezo
01104	1970-01-01 00:00:00	0000	0000	この前	명사·부사\tkono mae\t지난번; 얼마 전\t\tl'autre jour; récemment\tthe other day\tantaŭ nelonge
01105	1970-01-01 00:00:00	0000	0000	être censé faire qc	문법표현\t\t~하기로 되어 있다; ~해야 한다\t〜することになっている; 〜するはずだ (suru koto ni natte iru; suru hazu da)\têtre supposé faire quelque chose\tto be supposed to do\testi supozata fari
01106	1970-01-01 00:00:00	0000	0000	le Bordeaux	n.\t\t보르도 와인; 보르도 지역\tボルドーワイン; ボルドー地方 (borudō wain; borudō chihō)\tvin ou région de Bordeaux\tBordeaux wine; Bordeaux\tbordoza vino; Bordozo
01107	1970-01-01 00:00:00	0000	0000	セッション切れ	n.\tsesshon-gire\t세션 만료\t\texpiration de session\tsession expiration\tseancfino
01108	1970-01-01 00:00:00	0000	0000	conseiller municipal	n.\t\t시의원\t市議会議員 (shigikai giin)\tmembre élu du conseil municipal\tcity councilor\turba konsiliano
01109	1970-01-01 00:00:00	0000	0000	se soigner	v.\t\t치료받다; 몸을 돌보다\t治療する; 養生する (chiryō suru; yōjō suru)\trecevoir des soins; prendre soin de sa santé\tto get treated; care for oneself\tkuraci sin
01110	1970-01-01 00:00:00	0000	0000	ne pas faire de mal	동사구\t\t해를 끼치지 않다; 나쁘지 않다\t害を与えない; 悪くない (gai o ataenai; warukunai)\tne pas nuire\tto do no harm\tne damaĝi
01111	1970-01-01 00:00:00	0000	0000	得するわ	표현\ttoku suru wa\t이득을 보겠네\t\tj'y gagnerai; ce sera avantageux\tI'll benefit\tmi profitos
01112	1970-01-01 00:00:00	0000	0000	il fait beau	표현\t\t날씨가 좋다\t天気がいい (tenki ga ii)\tle temps est agréable\tthe weather is nice\testas bela vetero
01113	1970-01-01 00:00:00	0000	0000	griffures	n.\t\t긁힌 상처들; 할퀸 자국들\t引っかき傷 (hikkakikizu)\tmarques laissées par des griffes\tscratches\tgrataĵoj
01114	1970-01-01 00:00:00	0000	0000	馬鹿みたい	な형용사표현\tbaka mitai\t바보 같다\t\tavoir l'air idiot\tto look stupid\tŝajni stulta
01115	1970-01-01 00:00:00	0000	0000	失敗談	n.\tshippaidan\t실패담; 실수 이야기\t\tanecdote d'échec\tstory of a failure\trakonto pri malsukceso
01116	1970-01-01 00:00:00	0000	0000	少なくとも	adv.\tsukunaku tomo\t적어도\t\tau moins\tat least\talmenaŭ
01117	1970-01-01 00:00:00	0000	0000	するはずが	문법표현\tsuru hazu ga\t~할 예정이었는데; ~해야 했으나\t\tétait censé faire, mais...\twas supposed to, but...\testis supozata fari, sed
01118	1970-01-01 00:00:00	0000	0000	un piéton	n.\t\t보행자\t歩行者 (hokōsha)\tpersonne qui se déplace à pied\tpedestrian\tpiediranto
01119	1970-01-01 00:00:00	0000	0000	paumé	형용사·구어\t\t길을 잃은; 어찌할 바 모르는; 외딴\t迷った; 途方に暮れた; 辺鄙な (mayotta; tohō ni kureta; henpi na)\tperdu; désorienté; isolé\tlost; confused; remote\tperdita; konfuzita
01120	1970-01-01 00:00:00	0000	0000	à croire que	관용표현\t\t마치 ~인 것 같다\tまるで〜のようだ (marude no yō da)\ton pourrait penser que\tas if; you'd think\tkvazaŭ
01121	1970-01-01 00:00:00	0000	0000	大きすぎる	い형용사표현\tōkisugiru\t너무 크다\t\ttrop grand\ttoo big\ttro granda
01122	1970-01-01 00:00:00	0000	0000	字幕	n.\tjimaku\t자막\t\tsous-titres\tsubtitles\tsubtekstoj
01123	1970-01-01 00:00:00	0000	0000	la honte	명사·감탄표현\t\t수치; 창피함\t恥; 恥ずかしさ (haji; hazukashisa)\tsentiment d'humiliation\tshame\thonto
01124	1970-01-01 00:00:00	0000	0000	遅れた	v.\tokureta\t늦었다; 지연되었다\t\test arrivé en retard; a été retardé\twas late; was delayed\tmalfruis
01125	1970-01-01 00:00:00	0000	0000	la carte Navigo	명사구\t\t나비고 교통카드\tナヴィゴカード; パリ交通定期券 (navigo kādo; pari kōtsū teikiken)\tcarte de transport d'Île-de-France\tNavigo transit card\tNavigo-transportkarto
01126	1970-01-01 00:00:00	0000	0000	se réveiller	v.\t\t잠에서 깨다\t目を覚ます; 起きる (me o samasu; okiru)\tsortir du sommeil\tto wake up\tvekiĝi
01127	1970-01-01 00:00:00	0000	0000	débattre	v.\t\t토론하다\t討論する; 議論する (tōron suru; giron suru)\tdiscuter des arguments opposés\tto debate\tdebati
01128	1970-01-01 00:00:00	0000	0000	カウントダウン	명사·동사\tkauntodaun\t카운트다운\t\tcompte à rebours\tcountdown\tretronombrado
01129	1970-01-01 00:00:00	0000	0000	la grippe	n.\t\t독감\tインフルエンザ (infuruenza)\tinfection virale saisonnière\tflu; influenza\tgripo
01130	1970-01-01 00:00:00	0000	0000	lotion tonique	명사구\t\t토너; 화장수\t化粧水; トナー (keshōsui; tonā)\tlotion appliquée après le nettoyage du visage\ttoner\thaŭttoniko
01131	1970-01-01 00:00:00	0000	0000	調べる	v.\tshiraberu\t조사하다; 찾아보다\t\texaminer; rechercher\tto investigate; look up\tesplori; serĉi
01132	1970-01-01 00:00:00	0000	0000	なくて済む	문법표현\tnakute sumu\t~하지 않아도 되다\t\tne pas avoir besoin de faire\tnot have to do\tne bezoni fari
01133	1970-01-01 00:00:00	0000	0000	描いてある	동사표현\tkaite aru\t그려져 있다\t\têtre dessiné\tto be drawn\testi desegnita
01134	1970-01-01 00:00:00	0000	0000	une brocante	n.\t\t벼룩시장; 중고품 장터\t蚤の市; 古物市 (nomi no ichi; kobutsu-ichi)\tmarché de biens d'occasion\tflea market\tbrokanta bazaro
01135	1970-01-01 00:00:00	0000	0000	accepter de	동사구\t\t~하기를 수락하다\t〜することを受け入れる (suru koto o ukeireru)\tconsentir à faire\tto agree to\tkonsenti fari
01136	1970-01-01 00:00:00	0000	0000	c'est la bonne	표현\t\t이게 맞는 것이다; 이번이 기회다\tこれが正しい; 今度こそだ (kore ga tadashii; kondo koso da)\tc'est la bonne option ou le bon moment\tthis is the right one\tĉi tiu estas la ĝusta
01137	1970-01-01 00:00:00	0000	0000	un jeu vidéo	명사구\t\t비디오 게임\tビデオゲーム (bideo gēmu)\tjeu électronique interactif\tvideo game\tvideoludo
01138	1970-01-01 00:00:00	0000	0000	スクリーンタイム	n.\tsukurīn taimu\t화면 사용 시간\t\ttemps d'écran\tscreen time\tekrantempo
01139	1970-01-01 00:00:00	0000	0000	甘口	명사·な형용사\tamakuchi\t단맛; 순한 맛; 달콤한 와인\t\tdoux; sucré; vin doux\tsweet; mild\tdolĉa; milda
01140	1970-01-01 00:00:00	0000	0000	en sueur	형용사구\t\t땀에 젖은\t汗だくの (asedaku no)\tcouvert de transpiration\tsweaty\tŝvita
01141	1970-01-01 00:00:00	0000	0000	la paresse	n.\t\t게으름\t怠け; 怠惰 (namake; taida)\tmanque d'envie d'agir\tlaziness\tpigreco
01142	1970-01-01 00:00:00	0000	0000	avoir besoin de	동사구\t\t~이 필요하다\t〜が必要である (ga hitsuyō de aru)\tnécessiter\tto need\tbezoni
01143	1970-01-01 00:00:00	0000	0000	loin du compte	관용표현\t\t실제와 거리가 먼; 턱없이 부족한\t実際とは程遠い; 全く足りない (jissai to wa hodotōi; mattaku tarinai)\ttrès éloigné du résultat attendu\tfar from the mark\tmalproksima de la celo
01144	1970-01-01 00:00:00	0000	0000	飼育	명사·동사\tshiiku\t사육; 기르기\t\télevage; soin d'animaux\tanimal care; breeding\tbestobredado
01145	1970-01-01 00:00:00	0000	0000	la lessive liquide	명사구\t\t액체 세제\t液体洗剤 (ekitai senzai)\tdétergent liquide pour le linge\tliquid laundry detergent\tlikva lesivo
01146	1970-01-01 00:00:00	0000	0000	セキュリティ	n.\tsekyuriti\t보안; 안전\t\tsécurité\tsecurity\tsekureco
01147	1970-01-01 00:00:00	0000	0000	やっと	adv.\tyatto\t겨우; 마침내\t\tenfin; à peine\tfinally; barely\tfine; apenaŭ
01148	1970-01-01 00:00:00	0000	0000	運がいい	표현\tun ga ii\t운이 좋다\t\tavoir de la chance\tto be lucky\testi bonŝanca
01149	1970-01-01 00:00:00	0000	0000	la manette	n.\t\t게임 컨트롤러; 손잡이\tゲームコントローラー; 取っ手 (gēmu kontorōrā; totte)\tcommande tenue en main\tgame controller; handle\tludregilo; tenilo
01150	1970-01-01 00:00:00	0000	0000	ロック	명사·동사\trokku\t록 음악; 잠금; 잠그다\t\trock; verrouillage; verrouiller\trock; lock\troko; ŝloso
01151	1970-01-01 00:00:00	0000	0000	真似してた	동사표현\tmane shiteta\t흉내 내고 있었다\t\timitait\twas imitating\timitis
01152	1970-01-01 00:00:00	0000	0000	バカンス	n.\tbakansu\t바캉스; 장기 휴가\t\tvacances\tvacation\tferioj
01153	1970-01-01 00:00:00	0000	0000	ホットチョコレート	n.\thotto chokorēto\t핫초코\t\tchocolat chaud\thot chocolate\tvarma ĉokolado
01154	1970-01-01 00:00:00	0000	0000	意見が合う	동사구\tiken ga au\t의견이 맞다\t\têtre du même avis\tto agree\tsamopinii
01155	1970-01-01 00:00:00	0000	0000	la chaussée glissante	명사구\t\t미끄러운 차도\t滑りやすい車道 (suberiyasui shadō)\troute dont la surface glisse\tslippery roadway\tglitiga ŝoseo
01156	1970-01-01 00:00:00	0000	0000	la galerie	n.\t\t갤러리; 회랑; 관객\t画廊; 回廊; 観客 (garō; kairō; kankyaku)\tlieu d'exposition; passage couvert; public\tgallery; arcade; audience\tgalerio; arkado
01157	1970-01-01 00:00:00	0000	0000	se réchauffer	v.\t\t몸을 녹이다; 따뜻해지다\t温まる; 体を温める (atatamaru; karada o atatameru)\tdevenir plus chaud\tto warm up\tvarmiĝi
01158	1970-01-01 00:00:00	0000	0000	prendre de l'avance	동사구\t\t미리 해 두다; 앞서 나가다\t先に進める; 前もってする (saki ni susumeru; maemotte suru)\tgagner du temps ou progresser avant les autres\tto get ahead\tantaŭi
01159	1970-01-01 00:00:00	0000	0000	スケートリンク	n.\tsukēto rinku\t스케이트장\t\tpatinoire\tice rink\tsketejo
01160	1970-01-01 00:00:00	0000	0000	かかってきた	동사표현\tkakatte kita\t전화가 걸려 왔다; 덤벼왔다\t\tun appel est arrivé; est venu attaquer\ta call came in; came at me\ttelefonvoko venis; atakis
01161	1970-01-01 00:00:00	0000	0000	réserver une table	동사구\t\t식당 자리를 예약하다\tテーブルを予約する (tēburu o yoyaku suru)\tretenir une table au restaurant\tto book a table\trezervi tablon
01162	1970-01-01 00:00:00	0000	0000	やってのける	v.\tyattenokeru\t훌륭히 해내다\t\tréussir à accomplir\tto pull off\tsukcesi plenumi
01163	1970-01-01 00:00:00	0000	0000	身を持ち崩す	동사구\tmi o mochikuzusu\t방탕하여 신세를 망치다\t\truiner sa vie par une mauvaise conduite\tto ruin oneself\truinigi sin
01164	1970-01-01 00:00:00	0000	0000	ヤバい	い형용사·감탄사\tyabai\t위험하다; 심각하다; 대박이다\t\tdangereux; grave; génial en argot\tdangerous; awful; awesome\tdanĝera; terura; mojosa
01165	1970-01-01 00:00:00	0000	0000	口当たり	n.\tkuchiatari\t입에 닿는 느낌; 식감; 목넘김\t\tsensation en bouche\tmouthfeel\tbuŝsento
01166	1970-01-01 00:00:00	0000	0000	あまりにも	adv.\tamari ni mo\t너무나; 지나치게\t\ttrop; excessivement\ttoo; excessively\ttro; troege
01167	1970-01-01 00:00:00	0000	0000	映画ファン	n.\teiga fan\t영화 팬\t\tcinéphile; fan de cinéma\tfilm fan\tfilmamanto
01168	1970-01-01 00:00:00	0000	0000	なりつつある	문법표현\tnari tsutsu aru\t점점 ~이 되어 가고 있다\t\têtre en train de devenir progressivement\tto be becoming\tiom post iom fariĝi
01169	1970-01-01 00:00:00	0000	0000	カフェ	n.\tkafe\t카페\t\tcafé\tcafé\tkafejo
01170	1970-01-01 00:00:00	0000	0000	裏側	n.\turagawa\t뒷면; 이면; 비하인드\t\tverso; coulisses; face cachée\tback side; behind the scenes\tdorso; kulisoj
01171	1970-01-01 00:00:00	0000	0000	l'embarras	n.\t\t당황; 곤란; 방해물\t困惑; 困難; 障害 (konwaku; konnan; shōgai)\tgêne ou difficulté\tembarrassment; difficulty\tembaraso
01172	1970-01-01 00:00:00	0000	0000	反対側	n.\thantaigawa\t반대편\t\tcôté opposé\topposite side\tkontraŭa flanko
01173	1970-01-01 00:00:00	0000	0000	解像度	n.\tkaizōdo\t해상도\t\trésolution d'image\timage resolution\tdistingivo
01174	1970-01-01 00:00:00	0000	0000	〜ざるを得ない	문법표현\tzaru o enai\t~하지 않을 수 없다\t\têtre obligé de; ne pas pouvoir éviter de\thave no choice but to\tdevi
01175	1970-01-01 00:00:00	0000	0000	confrontation	n.\t\t대결; 대면; 비교\t対決; 対面; 照合 (taiketsu; taimen; shōgō)\topposition directe; mise en présence\tconfrontation\tkonfronto
01176	1970-01-01 00:00:00	0000	0000	化粧品店	n.\tkeshōhinten\t화장품 가게\t\tmagasin de cosmétiques\tcosmetics store\tkosmetikvendejo
01177	1970-01-01 00:00:00	0000	0000	食べ放題	n.\ttabehōdai\t무제한 식사; 무한리필\t\tà volonté\tall-you-can-eat\tmanĝu kiom vi volas
01178	1970-01-01 00:00:00	0000	0000	le résultat	n.\t\t결과; 성과\t結果; 成果 (kekka; seika)\tce qui découle d'une action\tresult\trezulto
01179	1970-01-01 00:00:00	0000	0000	我慢できなくなる	동사표현\tgaman dekinaku naru\t참을 수 없게 되다\t\tne plus pouvoir supporter\tto become unable to stand it\tne plu povi elteni
01180	1970-01-01 00:00:00	0000	0000	fruité / fruitée	형용사\t\t과일 향이 나는\t果実味のある; フルーティーな (kajitsumi no aru; furūtī na)\tqui rappelle le fruit\tfruity\tfrukteca
01181	1970-01-01 00:00:00	0000	0000	ツイてる	표현\ttsuiteru\t운이 좋다\t\tavoir de la chance\tto be lucky\testi bonŝanca
01182	1970-01-01 00:00:00	0000	0000	クリスマスケーキ	n.\tkurisumasu kēki\t크리스마스 케이크\t\tgâteau de Noël\tChristmas cake\tkristnaska kuko
01183	1970-01-01 00:00:00	0000	0000	暖かい	い형용사\tatatakai\t따뜻하다\t\tchaud; doux\twarm\tvarma
01184	1970-01-01 00:00:00	0000	0000	謝罪	명사·동사\tshazai\t사과; 사죄\t\texcuses; présenter ses excuses\tapology\tpardonpeto
01185	1970-01-01 00:00:00	0000	0000	さえ	조사\tsae\t~조차; ~마저\t\tmême; jusqu'à\teven\teĉ
01186	1970-01-01 00:00:00	0000	0000	せい	명사·문법표현\tsei\t탓; 원인\t\tfaute; cause\tfault; because of\tkulpo; kaŭzo
01187	1970-01-01 00:00:00	0000	0000	シミュレーション	n.\tshimyurēshon\t시뮬레이션\t\tsimulation\tsimulation\tsimulado
01188	1970-01-01 00:00:00	0000	0000	迷惑	명사·な형용사\tmeiwaku\t폐; 민폐; 곤란\t\tnuisance; dérangement\tnuisance; trouble\tĝeno
01189	1970-01-01 00:00:00	0000	0000	testé	과거분사·형용사\t\t시험된; 검증된\t試された; 検証済みの (tamesareta; kenshōzumi no)\tsoumis à un essai\ttested\ttestita
01190	1970-01-01 00:00:00	0000	0000	警笛 / クラクション	n.\tkeiteki / kurakushon\t경적; 자동차 경적\t\tklaxon; avertisseur sonore\thorn\tkorno
01191	1970-01-01 00:00:00	0000	0000	ショッピング	n.\tshoppingu\t쇼핑\t\tshopping; achats\tshopping\taĉetado
01192	1970-01-01 00:00:00	0000	0000	きれいに	adv.\tkirei ni\t깨끗하게; 아름답게\t\tproprement; joliment\tcleanly; beautifully\tpure; bele
01193	1970-01-01 00:00:00	0000	0000	美味しい	い형용사\toishii\t맛있다\t\tdélicieux\tdelicious\tbongusta
01194	1970-01-01 00:00:00	0000	0000	きつね色	명사·な형용사\tkitsuneiro\t노릇노릇한 갈색\t\tdoré; brun doré\tgolden brown\torbruna
01195	1970-01-01 00:00:00	0000	0000	薬局	n.\tyakkyoku\t약국\t\tpharmacie\tpharmacy\tapoteko
01196	1970-01-01 00:00:00	0000	0000	園芸	n.\tengei\t원예\t\tjardinage; horticulture\tgardening; horticulture\tĝardenado
01197	1970-01-01 00:00:00	0000	0000	feuilleté(e)	형용사·명사\t\t겹겹이 된; 페이스트리\t層になった; パイ生地 (sō ni natta; pai kiji)\tcomposé de fines couches\tflaky; puff pastry\ttavoleca; foliigita pasto
01198	1970-01-01 00:00:00	0000	0000	お腹を壊す	동사구\tonaka o kowasu\t배탈이 나다\t\tavoir mal au ventre; avoir une indigestion\tto get an upset stomach\thavi stomakdoloron
01199	1970-01-01 00:00:00	0000	0000	暖房	n.\tdanbō\t난방\t\tchauffage\theating\thejtado
01200	1970-01-01 00:00:00	0000	0000	瞑想	명사·동사\tmeisō\t명상\t\tméditation\tmeditation\tmeditado
01201	1970-01-01 00:00:00	0000	0000	信号	n.\tshingō\t신호; 신호등\t\tsignal; feu de circulation\tsignal; traffic light\tsignalo; semaforo
01202	1970-01-01 00:00:00	0000	0000	la sueur	n.\t\t땀\t汗 (ase)\tliquide produit par la peau\tsweat\tŝvito
01203	1970-01-01 00:00:00	0000	0000	aider à	동사구\t\t~하는 것을 돕다\t〜するのを助ける (suru no o tasukeru)\tfaciliter ou soutenir une action\tto help to\thelpi
01204	1970-01-01 00:00:00	0000	0000	達成する	v.\ttassei suru\t달성하다\t\taccomplir; atteindre\tto achieve\tatingi
01205	1970-01-01 00:00:00	0000	0000	une addiction au jeu	명사구\t\t도박 중독; 게임 중독\t賭博依存症; ゲーム依存症 (tobaku izonshō; gēmu izonshō)\tdépendance aux jeux d'argent ou aux jeux\tgambling or gaming addiction\tluddependeco
01206	1970-01-01 00:00:00	0000	0000	挑発的な	な형용사\tchōhatsuteki na\t도발적인\t\tprovocateur; provocant\tprovocative\tprovoka
01207	1970-01-01 00:00:00	0000	0000	興行収入	n.\tkōgyō shūnyū\t흥행 수입; 박스오피스 매출\t\trecettes au box-office\tbox-office revenue\tbiletenspezo
01208	1970-01-01 00:00:00	0000	0000	生焼け	명사·な형용사\tnamayake\t설익음; 덜 구워짐\t\tpas assez cuit; mi-cuit\tundercooked\tduonkruda
01209	1970-01-01 00:00:00	0000	0000	vitrine	n.\t\t진열창; 쇼윈도\tショーウィンドウ; 陳列窓 (shō uindō; chinretsumado)\tfenêtre d'exposition d'un magasin\tdisplay window\tmontrofenestro
01210	1970-01-01 00:00:00	0000	0000	華やか	な형용사\thanayaka\t화려하다; 화사하다\t\tsplendide; éclatant\tgorgeous; glamorous\tbrila; luksa
01211	1970-01-01 00:00:00	0000	0000	コーヒー	n.\tkōhī\t커피\t\tcafé\tcoffee\tkafo
01212	1970-01-01 00:00:00	0000	0000	毛布	n.\tmōfu\t담요\t\tcouverture\tblanket\tkovrilo
01213	1970-01-01 00:00:00	0000	0000	un tricheur / une tricheuse	n.\t\t부정행위자; 사기꾼\tずるをする人; 詐欺師 (zuru o suru hito; sagishi)\tpersonne qui triche\tcheater\ttrompanto
01214	1970-01-01 00:00:00	0000	0000	un succès retentissant	명사구\t\t대성공; 큰 반향을 일으킨 성공\t大成功; 大反響の成功 (daiseikō; daihankyō no seikō)\tréussite spectaculaire\tresounding success\tbruega sukceso
01215	1970-01-01 00:00:00	0000	0000	デパコス	n.\tdepakosu\t백화점 화장품; 고급 코스메틱\t\tcosmétiques de grand magasin\tdepartment-store cosmetics\tluksa kosmetikaĵo
01216	1970-01-01 00:00:00	0000	0000	si si justement	강조표현\t\t아니, 맞아, 바로 그거야\tいやいや、まさにそう (iya iya, masa ni sō)\toui, précisément\tyes, exactly\tjes, ĝuste
01217	1970-01-01 00:00:00	0000	0000	覚悟しておいて	표현\tkakugo shite oite\t미리 각오해 둬\t\tprépare-toi mentalement\tbe prepared\tpreparu vin
01218	1970-01-01 00:00:00	0000	0000	l'intrigue / le scénario	n.\t\t줄거리 / 시나리오\t筋書き; 脚本 (sujigaki; kyakuhon)\thistoire et texte d'une œuvre\tplot / screenplay\tintrigo / scenaro
01219	1970-01-01 00:00:00	0000	0000	走る	v.\thashiru\t달리다\t\tcourir\tto run\tkuri
01220	1970-01-01 00:00:00	0000	0000	magasinage / shopping	n.\t\t쇼핑; 장보기\t買い物 (kaimono)\taction de faire des achats\tshopping\taĉetado
01221	1970-01-01 00:00:00	0000	0000	山	n.\tyama\t산; 산더미\t\tmontagne; tas\tmountain; pile\tmonto; amaso
01222	1970-01-01 00:00:00	0000	0000	les calories brûlées	명사구\t\t소모된 칼로리\t消費カロリー (shōhi karorī)\ténergie dépensée par le corps\tcalories burned\tbruligitaj kalorioj
01223	1970-01-01 00:00:00	0000	0000	apprécier	v.\t\t좋아하다; 평가하다; 고마워하다\t好む; 評価する; 感謝する (konomu; hyōka suru; kansha suru)\taimer; évaluer; être reconnaissant\tto appreciate; enjoy\taprezi; ĝui
01224	1970-01-01 00:00:00	0000	0000	filet	n.\t\t그물; 필레; 가느다란 줄\t網; ヒレ肉; 細い線 (ami; hire niku; hosoi sen)\tréseau de mailles; morceau de viande\tnet; fillet\treto; fileo
01225	1970-01-01 00:00:00	0000	0000	エアフライヤー	n.\tea furaiyā\t에어프라이어\t\tfriteuse à air\tair fryer\tvarmaera fritilo
01226	1970-01-01 00:00:00	0000	0000	説得力	n.\tsettokuryoku\t설득력\t\tforce de persuasion\tpersuasiveness\tkonvinkforto
01227	1970-01-01 00:00:00	0000	0000	飼ってた	동사표현\tkatteta\t기르고 있었다\t\tavait comme animal; élevait\tused to keep or raise\tbredis
01228	1970-01-01 00:00:00	0000	0000	ラッシュアワー	n.\trasshu awā\t러시아워; 출퇴근 혼잡 시간\t\theure de pointe\trush hour\tpintohoro
01229	1970-01-01 00:00:00	0000	0000	appart	명사·구어\t\t아파트\tアパート; マンション (apāto; manshon)\tabréviation d'appartement\tapartment\tloĝejo
01230	1970-01-01 00:00:00	0000	0000	à une seconde près	부사구\t\t1초 차이로; 정확히 1초까지\t1秒差で; 1秒単位で正確に (ichi-byō sa de; ichi-byō tan'i de seikaku ni)\tavec un écart d'une seconde\tby one second; to the exact second\tje unu sekundo
01231	1970-01-01 00:00:00	0000	0000	味見させて	동사표현\tajimi sasete\t맛보게 해 줘\t\tlaisse-moi goûter\tlet me taste\tlasu min gustumi
01232	1970-01-01 00:00:00	0000	0000	apprendre à	동사구\t\t~하는 법을 배우다; ~에게 가르치다\t〜することを学ぶ; 〜に教える (suru koto o manabu; ni oshieru)\tacquérir une compétence; enseigner à\tto learn to; teach to\tlerni; instrui
01233	1970-01-01 00:00:00	0000	0000	お化け屋敷	n.\tobake yashiki\t귀신의 집\t\tmaison hantée\thaunted house\tfantomdomo
01234	1970-01-01 00:00:00	0000	0000	乾杯	명사·감탄사\tkanpai\t건배\t\tsanté !; trinquer\tcheers\tje via sano
01235	1970-01-01 00:00:00	0000	0000	une poussière	n.\t\t먼지 한 톨; 먼지\tほこり; 塵 (hokori; chiri)\tparticule très fine\tspeck of dust\tpolvero
01236	1970-01-01 00:00:00	0000	0000	la couverture	n.\t\t담요; 덮개; 표지; 보도 범위\t毛布; カバー; 表紙; 報道 (mōfu; kabā; hyōshi; hōdō)\tobjet qui couvre; action médiatique\tblanket; cover; coverage\tkovrilo; kovrado
01237	1970-01-01 00:00:00	0000	0000	昇る	v.\tnoboru\t오르다; 떠오르다\t\tmonter; se lever\tto rise; ascend\tsupreniri; leviĝi
01238	1970-01-01 00:00:00	0000	0000	なんだか	adv.\tnandaka\t왠지; 어쩐지\t\tje ne sais pourquoi; en quelque sorte\tsomehow; for some reason\tiel
01239	1970-01-01 00:00:00	0000	0000	ゴシップ	n.\tgoshippu\t가십; 연예 소문\t\tpotins; ragots\tgossip\tklaĉo
01240	1970-01-01 00:00:00	0000	0000	comme après	접속표현\t\t~한 뒤처럼\t〜した後のように (shita ato no yō ni)\tde la même manière qu'après\tlike after\tkiel post
01241	1970-01-01 00:00:00	0000	0000	モッツァレラチーズ	n.\tmottsarera chīzu\t모차렐라 치즈\t\tmozzarella\tmozzarella cheese\tmozarelo
01242	1970-01-01 00:00:00	0000	0000	趣味に合う	동사구\tshumi ni au\t취향에 맞다\t\tcorrespondre à ses goûts\tto suit one's taste\tkongrui kun gusto
01243	1970-01-01 00:00:00	0000	0000	mettre l'argent en sécurité	동사구\t\t돈을 안전하게 보관하다\tお金を安全に保管する (okane o anzen ni hokan suru)\tprotéger son argent\tto keep money safe\tsekure konservi monon
01244	1970-01-01 00:00:00	0000	0000	気を付ける	동사구\tki o tsukeru\t조심하다\t\tfaire attention\tto be careful\tatenti
01245	1970-01-01 00:00:00	0000	0000	ça doit être...	추측표현\t\t그것은 ~임에 틀림없다; 아마 ~일 것이다\tそれは〜に違いない; 〜だろう (sore wa ni chigainai; darō)\tprobablement; logiquement c'est\tit must be\tĝi devas esti
01246	1970-01-01 00:00:00	0000	0000	下げる	v.\tsageru\t내리다; 낮추다; 매달다\t\tbaisser; descendre; suspendre\tto lower; hang\tmallevi; pendigi
01247	1970-01-01 00:00:00	0000	0000	le réveil	n.\t\t기상; 알람시계\t目覚め; 目覚まし時計 (mezame; mezamashidokei)\taction de se réveiller; appareil d'alarme\twaking; alarm clock\tvekiĝo; vekhorloĝo
01248	1970-01-01 00:00:00	0000	0000	時期	n.\tjiki\t시기; 때; 철\t\tpériode; saison\tperiod; time\tperiodo
01249	1970-01-01 00:00:00	0000	0000	宝物	n.\ttakaramono\t보물; 소중한 것\t\ttrésor\ttreasure\ttrezoro
01250	1970-01-01 00:00:00	0000	0000	se faire harceler	동사구\t\t괴롭힘을 당하다\t嫌がらせを受ける; ハラスメントを受ける (iyagarase o ukeru; harasumento o ukeru)\tsubir du harcèlement\tto be harassed\testi ĉikanata
01251	1970-01-01 00:00:00	0000	0000	演奏	명사·동사\tensō\t연주\t\tinterprétation musicale\tmusical performance\tmuzika prezento
01252	1970-01-01 00:00:00	0000	0000	foyer	n.\t\t난로의 불자리; 가정; 홀\t炉床; 家庭; ロビー (roshō; katei; robī)\tlieu du feu; maison; espace d'accueil\thearth; home; lobby\tfajrujo; hejmo
01253	1970-01-01 00:00:00	0000	0000	落ち込む	v.\tochikomu\t우울해지다; 움푹 들어가다\t\tdéprimer; s'enfoncer\tto feel down; sink\tdeprimiĝi; enprofundiĝi
01254	1970-01-01 00:00:00	0000	0000	売れる	v.\tureru\t팔리다; 인기를 얻다\t\tse vendre; avoir du succès\tto sell; become popular\tvendiĝi; populariĝi
01255	1970-01-01 00:00:00	0000	0000	un de ces quatre	관용표현\t\t조만간 어느 날\t近いうちのいつか (chikai uchi no itsuka)\tun jour prochain\tone of these days\tunu el ĉi tiuj tagoj
01256	1970-01-01 00:00:00	0000	0000	se casser la figure	관용표현\t\t넘어지다; 크게 실패하다\t転ぶ; 大失敗する (korobu; daishippai suru)\ttomber; échouer lourdement\tto fall flat; fail badly\tfali; fiaski
01257	1970-01-01 00:00:00	0000	0000	les routes	n.\t\t도로들; 길들\t道路; 道 (dōro; michi)\tvoies de circulation\troads\tvojoj
01258	1970-01-01 00:00:00	0000	0000	インフルエンザ	n.\tinfuruenza\t인플루엔자; 독감\t\tgrippe\tinfluenza\tgripo
01259	1970-01-01 00:00:00	0000	0000	commencent à tourner	동사표현\t\t돌기 시작한다; 상하기 시작한다\t回り始める; 悪くなり始める (mawari hajimeru; waruku nari hajimeru)\tse mettent à tourner ou à se gâter\tstart spinning; start going bad\tekturniĝas; ekputras
01260	1970-01-01 00:00:00	0000	0000	散歩	명사·동사\tsanpo\t산책\t\tpromenade\twalk; stroll\tpromenado
01261	1970-01-01 00:00:00	0000	0000	le mode de vie sain	명사구\t\t건강한 생활방식\t健康的な生活様式 (kenkōteki na seikatsu yōshiki)\thabitudes favorables à la santé\thealthy lifestyle\tsana vivmaniero
01262	1970-01-01 00:00:00	0000	0000	conseillère	n.\t\t여성 상담가; 여성 고문; 여성 의원\t女性相談員; 女性顧問; 女性議員 (josei sōdan'in; josei komon; josei giin)\tfemme qui conseille\tfemale adviser\tkonsilistino
01263	1970-01-01 00:00:00	0000	0000	休暇	n.\tkyūka\t휴가\t\tcongé; vacances\tleave; vacation\tferio
01264	1970-01-01 00:00:00	0000	0000	en réalité virtuelle	부사구\t\t가상현실에서\t仮想現実で (kasō genjitsu de)\tdans un environnement virtuel\tin virtual reality\ten virtuala realo
01265	1970-01-01 00:00:00	0000	0000	superstitieux / superstitieuse	형용사\t\t미신을 믿는\t迷信深い (meishinbukai)\tqui croit aux superstitions\tsuperstitious\tsuperstiĉa
01266	1970-01-01 00:00:00	0000	0000	どうしても	adv.\tdōshite mo\t아무리 해도; 꼭; 도저히\t\tà tout prix; quoi qu'il arrive\tno matter what; by all means\tĉiel; nepre
01267	1970-01-01 00:00:00	0000	0000	la mise	n.\t\t판돈; 놓기; 연출·설치\t賭け金; 配置; 演出 (kakekin; haichi; enshutsu)\tsomme pariée; action de mettre\tstake; placement\tveto; metado
01268	1970-01-01 00:00:00	0000	0000	interdire de	동사구\t\t~하는 것을 금지하다\t〜することを禁止する (suru koto o kinshi suru)\tdéfendre de faire\tto forbid from doing\tmalpermesi
01269	1970-01-01 00:00:00	0000	0000	でもさ	구어접속사\tdemo sa\t하지만 말이야\t\tmais tu sais; quand même\tbut you know\tsed nu
01270	1970-01-01 00:00:00	0000	0000	grossir	v.\t\t살찌다; 커지다\t太る; 大きくなる (futoru; ōkiku naru)\tprendre du poids ou du volume\tto gain weight; grow\tdikiĝi; grandiĝi
01271	1970-01-01 00:00:00	0000	0000	サラミ	n.\tsarami\t살라미\t\tsalami\tsalami\tsalamo
01272	1970-01-01 00:00:00	0000	0000	慌てる	v.\tawateru\t당황하다; 허둥대다\t\tpaniquer; se précipiter\tto panic; rush\tpaniki; hasti
01273	1970-01-01 00:00:00	0000	0000	たまに	adv.\ttama ni\t가끔\t\tde temps en temps\toccasionally\tfoje
01274	1970-01-01 00:00:00	0000	0000	思い出	n.\tomoide\t추억; 기념품\t\tsouvenir; mémoire\tmemory; keepsake\tmemoro; memoraĵo
01275	1970-01-01 00:00:00	0000	0000	気まずそう	な형용사표현\tkimazusō\t어색해 보인다; 난처해 보인다\t\tavoir l'air gêné\tto look awkward\tŝajni embarasita
01276	1970-01-01 00:00:00	0000	0000	売りに出す	동사구\turi ni dasu\t매물로 내놓다\t\tmettre en vente\tto put up for sale\tvendigi
01277	1970-01-01 00:00:00	0000	0000	食いしん坊	명사·な형용사\tkuishinbō\t먹보; 식탐이 많은 사람\t\tgourmand; glouton\tfoodie; glutton\tfrandemulo
01278	1970-01-01 00:00:00	0000	0000	les flocons	n.\t\t눈송이; 플레이크\t雪片; フレーク (seppen; furēku)\tpetits morceaux légers, notamment de neige\tflakes; snowflakes\tflokoj; neĝeroj
01279	1970-01-01 00:00:00	0000	0000	買って帰りたくなる	동사표현\tkatte kaeritaku naru\t사서 집에 가져가고 싶어진다\t\tavoir envie d'en acheter et de rentrer avec\tfeel like buying it to take home\temi aĉeti kaj hejmenporti
01280	1970-01-01 00:00:00	0000	0000	放っておいて	표현\thotte oite\t내버려 둬; 혼자 있게 해 줘\t\tlaisse-moi tranquille\tleave me alone\tlasu min trankvila
01281	1970-01-01 00:00:00	0000	0000	お得	명사·な형용사\totoku\t이득; 가성비 좋은\t\tavantageux; bonne affaire\tgood value; bargain\tavantaĝa
01282	1970-01-01 00:00:00	0000	0000	動く	v.\tugoku\t움직이다; 작동하다\t\tbouger; fonctionner\tto move; work\tmoviĝi; funkcii
01283	1970-01-01 00:00:00	0000	0000	もっと	adv.\tmotto\t더; 더욱\t\tplus; davantage\tmore\tpli
01284	1970-01-01 00:00:00	0000	0000	la volonté	n.\t\t의지; 의향\t意志; 意欲 (ishi; iyoku)\tfaculté de vouloir; détermination\twill; determination\tvolo
01285	1970-01-01 00:00:00	0000	0000	lendemain de fête	명사구\t\t파티 다음 날; 숙취가 있는 다음 날\t宴会の翌日; 二日酔いの朝 (enkai no yokujitsu; futsukayoi no asa)\tjour suivant une fête\tday after a party\ttago post festo
01286	1970-01-01 00:00:00	0000	0000	être dans le rouge	관용표현\t\t적자 상태다; 계좌가 마이너스다\t赤字である; 口座がマイナスだ (akaji de aru; kōza ga mainasu da)\tavoir un solde négatif\tto be in the red\testi en deficito
01287	1970-01-01 00:00:00	0000	0000	日傘	n.\thigasa\t양산\t\tombrelle; parasol portatif\tsun umbrella\tsunombrelo
01288	1970-01-01 00:00:00	0000	0000	高校時代	n.\tkōkō jidai\t고등학교 시절\t\tannées de lycée\thigh school days\tliceaj jaroj
01289	1970-01-01 00:00:00	0000	0000	金銭的に	adv.\tkinsenteki ni\t금전적으로\t\tfinancièrement\tfinancially\tfinance
01290	1970-01-01 00:00:00	0000	0000	la religion	n.\t\t종교\t宗教 (shūkyō)\tsystème de croyances et de pratiques\treligion\treligio
01291	1970-01-01 00:00:00	0000	0000	色落ち	n.\tiroochi\t색 빠짐\t\tdécoloration; perte de couleur\tcolor fading; color loss\tkolorpaliĝo
01292	1970-01-01 00:00:00	0000	0000	la sucrerie	n.\t\t단 것, 사탕류\t甘い物; お菓子 (amaimono; okashi)\taliment sucré; confiserie\tsweets; confectionery\tdolĉaĵoj
01293	1970-01-01 00:00:00	0000	0000	penser à	동사구\t\t~할 것을 생각하다\t～することを考える; ～を思い出す (suru koto o kangaeru; o omoidasu)\tavoir à l'esprit; envisager\tto think about; remember to\tpensi pri; memori
01294	1970-01-01 00:00:00	0000	0000	se mettre à	동사구\t\t~하기 착수하다\t～し始める (shi hajimeru)\tcommencer une action\tto start doing\tekfari
01295	1970-01-01 00:00:00	0000	0000	伝記映画	n.\tdenki eiga\t전기 영화\t\tfilm biographique\tbiographical film; biopic\tbiografia filmo
01296	1970-01-01 00:00:00	0000	0000	enfer	n.\t\t지옥\t地獄 (jigoku)\tlieu de damnation; situation terrible\thell\tinfero
01297	1970-01-01 00:00:00	0000	0000	10分	n.\tjuppun\t10분\t\tdix minutes\tten minutes\tdek minutoj
01298	1970-01-01 00:00:00	0000	0000	論争	명사·동사\tronsō\t논쟁\t\tcontroverse; débat conflictuel\tcontroversy; dispute\tpolemiko; disputo
01299	1970-01-01 00:00:00	0000	0000	なきゃいけない	문법표현\tnakya ikenai\t~해야 한다 (구어체)\t\tdevoir faire; il faut\thave to; must\tdevi
01300	1970-01-01 00:00:00	0000	0000	ケーキ屋	n.\tkēki-ya\t케이크 가게\t\tpâtisserie; magasin de gâteaux\tcake shop\tkukvendejo
01301	1970-01-01 00:00:00	0000	0000	les préjugés	n.\t\t편견들\t偏見; 先入観 (henken; sen'nyūkan)\topinions préconçues\tprejudices; biases\tantaŭjuĝoj
01302	1970-01-01 00:00:00	0000	0000	恐れずに	부사구\tosorezu ni\t겁내지않고\t\tsans avoir peur\twithout fear\tsentime
01303	1970-01-01 00:00:00	0000	0000	ブーランジェリー	n.\tbūranjerī\t빵집 boulangerie\t\tboulangerie\tbakery\tpanejo
01304	1970-01-01 00:00:00	0000	0000	rester assis(e)	동사구\t\t앉아 있는다\t座ったままでいる (suwatta mama de iru)\tdemeurer assis\tto remain seated\tresti sidanta
01305	1970-01-01 00:00:00	0000	0000	感情	n.\tkanjō\t감정\t\tsentiment; émotion\tfeeling; emotion\tsento; emocio
01306	1970-01-01 00:00:00	0000	0000	なんか	부사·대명사\tnanka\t왠지, 뭔가 (구어체)\t\tquelque chose; pour une raison quelconque\tsomething; somehow\tio; ial
01307	1970-01-01 00:00:00	0000	0000	お菓子	n.\tokashi\t과자\t\tgâteau; friandise; snack\tsnack; sweets\tdolĉaĵo; manĝeto
01308	1970-01-01 00:00:00	0000	0000	se régaler	v.\t\t즐기다, 만족하다\tごちそうを楽しむ; 舌鼓を打つ (gochisō o tanoshimu; shitatsuzumi o utsu)\tmanger avec grand plaisir\tto enjoy a delicious meal\tĝui bongustan manĝon
01309	1970-01-01 00:00:00	0000	0000	連れて行ってあげる	동사표현\ttsurete itte ageru\t連れる(데리다) + 行く(가다) + 수혜 표현 あげる(주다)가 합쳐져 '데려가 줄게(쏠게)'라는 의미의 복합 동사 구문.\t\temmener quelqu'un pour lui rendre service\tto take someone along; take someone there\tkunpreni iun
01310	1970-01-01 00:00:00	0000	0000	いい値段	명사구\tii nedan\t좋은 가격\t\tbon prix; prix assez élevé selon le contexte\tgood price; substantial price\tbona prezo
01311	1970-01-01 00:00:00	0000	0000	la bûche de Noël	명사구\t\t통나무 케이크\tクリスマスの薪形ケーキ (kurisumasu no makigata kēki)\tgâteau roulé de Noël en forme de bûche\tYule log cake\tkristnaska ŝtipkuko
01312	1970-01-01 00:00:00	0000	0000	le casque VR	명사구\t\tVR 헤드셋\tVRヘッドセット (bui āru heddosetto)\tcasque de réalité virtuelle\tVR headset\tvirtualreala kapaŭskultilo
01313	1970-01-01 00:00:00	0000	0000	栄養価	n.\teiyōka\t영양가\t\tvaleur nutritive\tnutritional value\tnutra valoro
01314	1970-01-01 00:00:00	0000	0000	中毒みたいになる	동사표현\tchūdoku mitai ni naru\t중독 같이 되다\t\tdevenir comme dépendant\tto become almost addicted\tpreskaŭ dependiĝi
01315	1970-01-01 00:00:00	0000	0000	la boisson gazeuse	명사구\t\t탄산음료\t炭酸飲料 (tansan inryō)\tboisson contenant du gaz carbonique\tcarbonated drink; soda\tkarbonigita trinkaĵo
01316	1970-01-01 00:00:00	0000	0000	arriver à	동사구\t\t~하는 데 다다르다/성공하다\t～することに成功する; ～に到着する (suru koto ni seikō suru; ni tōchaku suru)\tréussir à; parvenir à\tto manage to; arrive at\tsukcesi; atingi
01317	1970-01-01 00:00:00	0000	0000	朝日	n.\tasahi\t아침 햇살\t\tsoleil du matin; lumière matinale\tmorning sun; morning sunlight\tmatena suno
01318	1970-01-01 00:00:00	0000	0000	デジタルデトックス	n.\tdejitaru detokkusu\t디지털 디톡스\t\tpause volontaire des appareils numériques\tdigital detox\tcifereca senvenenigo
01319	1970-01-01 00:00:00	0000	0000	je touche du bois	관용표현\t\t(말조심/액땜) 행위\t木を触る; 縁起を担ぐ (ki o sawaru; engi o katsugu)\tgeste superstitieux pour éviter le malheur\tknock on wood\tfrapi lignon por bonŝanco
01320	1970-01-01 00:00:00	0000	0000	le temps	n.\t\t날씨\t天気; 時間 (tenki; jikan)\tmétéo; temps\tweather; time\tvetero; tempo
01321	1970-01-01 00:00:00	0000	0000	するの	문법표현\tsuru no\t5단 동사 する(하다)의 기본형에 명사화 어미 の가 붙어 '하는 것'이 됨.\t\tnominalisation de « faire »\tdoing; the act of doing\tfarado
01322	1970-01-01 00:00:00	0000	0000	そうそう	acc.\tsō sō\t그러게, 맞아맞아\t\toui, exactement; c'est ça\tright; exactly\tĝuste; jes
01323	1970-01-01 00:00:00	0000	0000	いられるわね	문법표현\tirareru wa ne\t동사 いる(있다)의 가능형인 いられる(있을 수 있다)에 여성형 종조사 わ와 공감의 ね가 결합.\t\tpouvoir rester; pouvoir être là, avec nuance affective\tcan stay; can be there\tpovi resti
01324	1970-01-01 00:00:00	0000	0000	fou / folle	형용사\t\t미친, 엄청난\t狂った; すごい (kurutta; sugoi)\tdément; extraordinaire\tcrazy; incredible\tfreneza; nekredebla
01325	1970-01-01 00:00:00	0000	0000	聞こえてくる	동사표현\tkikoete kuru\t들려오다\t\tparvenir à l'oreille; se faire entendre\tto come into hearing; be heard approaching\taŭdiĝi
01326	1970-01-01 00:00:00	0000	0000	脱走する	v.\tdassō suru\t탈출하다\t\ts'évader; prendre la fuite\tto escape\teskapi
01327	1970-01-01 00:00:00	0000	0000	渋滞	n.\tjūtai\t교통 체증\t\tembouteillage; congestion\ttraffic jam; congestion\ttrafikŝtopiĝo
01328	1970-01-01 00:00:00	0000	0000	日陰	n.\thikage\t그늘, 해가 안 드는 곳\t\tombre; endroit sans soleil\tshade\tombro
01329	1970-01-01 00:00:00	0000	0000	faire sécher	동사구\t\t말리다\t乾かす (kawakasu)\trendre sec\tto dry\tsekigi
01330	1970-01-01 00:00:00	0000	0000	faire la bise	동사구\t\t볼 키스를 하다 (인사)\t頬にキスして挨拶する (hoho ni kisu shite aisatsu suru)\tsaluer par des baisers sur les joues\tto greet with cheek kisses\tsaluti per vangokisoj
01331	1970-01-01 00:00:00	0000	0000	la morsure	n.\t\t물림, 교상\t噛み傷; 咬傷 (kamikizu; kōshō)\tblessure causée par une morsure\tbite; bite wound\tmordvundo
01332	1970-01-01 00:00:00	0000	0000	porter malheur	동사구\t\t불운을 가져오다\t不運をもたらす (fuun o motarasu)\tapporter la malchance\tto bring bad luck\talporti malbonŝancon
01333	1970-01-01 00:00:00	0000	0000	着る	v.\tkiru\t입다\t\tmettre un vêtement sur le haut du corps\tto wear; put on\tsurmeti; porti
01334	1970-01-01 00:00:00	0000	0000	tapis !	acc.\t\t올인!\tオールイン (ōru in)\tmise de tous les jetons\tall in\tĉion veti
01335	1970-01-01 00:00:00	0000	0000	hésiter à	동사구\t\t~하는 것을 망설이다\t～するのをためらう (suru no o tamerau)\tne pas se décider à\tto hesitate to\theziti
01336	1970-01-01 00:00:00	0000	0000	フルボディ	명사·형용사\tfuru bodi\t풀 바디 (묵직하고 진한 와인 맛)\t\tvin riche, dense et puissant\tfull-bodied wine; full-bodied\tplenkorpa vino
01337	1970-01-01 00:00:00	0000	0000	je rendais service	동사표현\t\t봉사했다\t人の役に立っていた (hito no yaku ni tatte ita)\tje rendais un service à quelqu'un\tI was helping out\tmi helpadis
01338	1970-01-01 00:00:00	0000	0000	ジム	n.\tjimu\t체육관, 헬스장\t\tsalle de sport; gymnase\tgym\tgimnastikejo
01339	1970-01-01 00:00:00	0000	0000	本当のところ	부사구\thontō no tokoro\t사실은, 실은\t\tà vrai dire; en réalité\tthe truth is; actually\tverdire; fakte
01340	1970-01-01 00:00:00	0000	0000	se concentrer	v.\t\t집중하다\t集中する (shūchū suru)\tporter toute son attention sur\tto concentrate\tkoncentriĝi
01341	1970-01-01 00:00:00	0000	0000	体調を崩す	동사구\ttaichō o kuzusu\t몸상태나빠지다\t\ttomber malade; voir sa condition physique se dégrader\tto fall ill; get out of condition\tmalsaniĝi
01342	1970-01-01 00:00:00	0000	0000	tu me paieras	동사표현\t\t네가 나에게 지불할 것이다\t君が私に払うだろう (kimi ga watashi ni harau darō)\ttu effectueras un paiement en ma faveur\tyou will pay me\tvi pagos al mi
01343	1970-01-01 00:00:00	0000	0000	le délire	n.\t\t광기, 미친 상황\t狂気; 異常な状況 (kyōki; ijō na jōkyō)\tfolie; situation extravagante\tmadness; crazy situation\tfrenezo; freneza situacio
01344	1970-01-01 00:00:00	0000	0000	冷房	n.\treibō\t냉방\t\trefroidissement d'un bâtiment\tair conditioning; cooling\tklimatizado
01345	1970-01-01 00:00:00	0000	0000	sans craindre que	접속구\t\t~ 두려워하지 않으면서\t～を恐れずに (o osorezu ni)\tsans avoir peur que\twithout fearing that\tsen timi ke
01346	1970-01-01 00:00:00	0000	0000	無限	명사·な형용사\tmugen\t무한\t\tabsence de limite; infini\tinfinity; infinite\tsenfineco; senfina
01347	1970-01-01 00:00:00	0000	0000	la scène	n.\t\t장면\t場面; 舞台 (bamen; butai)\tpartie d'un film; scène de théâtre\tscene; stage\tsceno; scenejo
01348	1970-01-01 00:00:00	0000	0000	le tirage	n.\t\t추첨\t抽選; 印刷部数 (chūsen; insatsu busū)\taction de tirer au sort; tirage imprimé\tdraw; lottery; print run\tlotumo; eldonkvanto
01349	1970-01-01 00:00:00	0000	0000	でなきゃ	접속표현\tdenakya\t아니면\t\tsinon; faute de quoi\totherwise\talie
01350	1970-01-01 00:00:00	0000	0000	痛める	v.\titameru\t다치다, 상하게 하다\t\tblesser; abîmer\tto hurt; damage\tvundi; difekti
01351	1970-01-01 00:00:00	0000	0000	rouler	v.\t\t굴러가다, 운행하다\t転がる; 運転する (korogaru; unten suru)\tse déplacer en roulant; conduire\tto roll; drive\truliĝi; veturi
01352	1970-01-01 00:00:00	0000	0000	se sentir mal	동사구\t\t몸이 안 좋다\t気分が悪い (kibun ga warui)\têtre indisposé ou nauséeux\tto feel unwell\tsenti sin malsana
01353	1970-01-01 00:00:00	0000	0000	démarches	n.\t\t절차, 수속\t手続き; 手順 (tetsuzuki; tejun)\tformalités; procédures\tprocedures; formalities\tproceduroj; formalaĵoj
01354	1970-01-01 00:00:00	0000	0000	un gâteau	n.\t\t케이크\tケーキ (kēki)\tpâtisserie sucrée cuite\tcake\tkuko
01355	1970-01-01 00:00:00	0000	0000	sang-froid	n.\t\t냉정, 침착함\t冷静さ; 平常心 (reiseisa; heijōshin)\tmaîtrise de soi face au danger\tcomposure; cool-headedness\tmemregado; trankvileco
01356	1970-01-01 00:00:00	0000	0000	掛かる	v.\tkakaru\t걸려 있다\t\têtre suspendu; être accroché\tto hang; be suspended\tpendi
01357	1970-01-01 00:00:00	0000	0000	avoir tendance à	동사구\t\t~하는 경향이 있다\t～する傾向がある (suru keikō ga aru)\tavoir une propension à\tto tend to\temi
01358	1970-01-01 00:00:00	0000	0000	対戦する	v.\ttaisen suru\t대전하다\t\taffronter un adversaire\tto compete against; face off\tkonkuri kontraŭ
01359	1970-01-01 00:00:00	0000	0000	fesses	n.\t\t엉덩이\tお尻 (oshiri)\tpartie postérieure du corps\tbuttocks\tpostaĵo
01360	1970-01-01 00:00:00	0000	0000	une mygale	n.\t\t타란툴라\tタランチュラ (taranchura)\tgrande araignée velue\ttarantula\ttarantulo
01361	1970-01-01 00:00:00	0000	0000	ドタキャン	명사·동사\tdotakyan\t약속 직전의 취소\t\tannulation à la dernière minute\tlast-minute cancellation\tlastmomenta nuligo
01362	1970-01-01 00:00:00	0000	0000	blush / fard à joues	n.\t\t블러셔, 볼터치\tチーク; 頬紅 (chīku; hōbeni)\tproduit colorant les joues\tblush; rouge\tvangruĝigilo
01363	1970-01-01 00:00:00	0000	0000	贅沢品	n.\tzeitakuhin\t사치품, 고급품\t\tobjet coûteux non indispensable\tluxury item\tluksaĵo
01364	1970-01-01 00:00:00	0000	0000	怪我する	v.\tkega suru\t다치다\t\tse blesser\tto get injured\tvundiĝi
01365	1970-01-01 00:00:00	0000	0000	羨ましい	い형용사\turayamashii\t'부럽다'라는 뜻의 형용사입니다.\t\tqui suscite l'envie\tenvious; enviable\tenvia; enviinda
01366	1970-01-01 00:00:00	0000	0000	les illuminations	n.\t\t조명 장식\tイルミネーション; 電飾 (iruminēshon; denshoku)\tdécorations lumineuses\tdecorative lights; illuminations\tlumornamaĵoj
01367	1970-01-01 00:00:00	0000	0000	douceur	n.\t\t단 것, 부드러운 것\t甘い物; 優しさ (amaimono; yasashisa)\tfriandise; douceur au toucher ou au caractère\tsweet treat; softness\tdolĉaĵo; mildeco
01368	1970-01-01 00:00:00	0000	0000	balayer	v.\t\t쓸다\t掃く (haku)\tnettoyer avec un balai\tto sweep\tbalai
01369	1970-01-01 00:00:00	0000	0000	plaire	v.\t\t마음에 들다\t気に入られる (ki ni irareru)\têtre agréable à quelqu'un\tto please\tplaĉi
01370	1970-01-01 00:00:00	0000	0000	se refaire	v.\t\t손실을 만회하다\t損を取り戻す; やり直す (son o torimodosu; yarinaosu)\trécupérer ses pertes; se reconstruire\tto recoup losses; rebuild oneself\tregajni perdojn; refari sin
01371	1970-01-01 00:00:00	0000	0000	location de patins	명사구\t\t스케이트 대여\tスケート靴のレンタル (sukēto-gutsu no rentaru)\tservice de location de patins\tskate rental\tsketluado
01372	1970-01-01 00:00:00	0000	0000	le graphisme	n.\t\t그래픽\tグラフィック; 視覚表現 (gurafikku; shikaku hyōgen)\tconception visuelle et graphique\tgraphics; visual design\tgrafikaĵo; grafika dezajno
01373	1970-01-01 00:00:00	0000	0000	commencer à	동사구\t\t~하기 시작하다\t～し始める (shi hajimeru)\tdébuter une action\tto begin to\tekfari
01374	1970-01-01 00:00:00	0000	0000	la pâtisserie	n.\t\t페이스트리, 제과류\t洋菓子; 菓子作り (yōgashi; kashizukuri)\tproduits de pâtisserie; art pâtissier\tpastry; pastry making\tbakaĵoj; kukfarado
01375	1970-01-01 00:00:00	0000	0000	récupération de compte	명사구\t\t계정 복구\tアカウント復旧 (akaunto fukkyū)\tprocédure pour retrouver l'accès à un compte\taccount recovery\tkontreakiro
01376	1970-01-01 00:00:00	0000	0000	反応	n.\thannō\t반응\t\tréponse à un stimulus\treaction; response\treago
01377	1970-01-01 00:00:00	0000	0000	本人確認	n.\thonnin kakunin\t본인 확인\t\tvérification de l'identité d'une personne\tidentity verification\tidentec-kontrolo
01378	1970-01-01 00:00:00	0000	0000	そう	조동사적 표현\tsō\t~할 것 같다\t\tsembler sur le point de; avoir l'air de\tlooks like; seems likely to\tŝajni
01379	1970-01-01 00:00:00	0000	0000	一切れ	n.\thitokire\t한 조각\t\tportion découpée d'un aliment\tone slice; one piece\tunu tranĉaĵo
01380	1970-01-01 00:00:00	0000	0000	acheter sur un coup de tête	동사구\t\t충동구매 하다 (≒ craquer pour)\t衝動買いする (shōdōgai suru)\tacheter impulsivement sans réfléchir\tto make an impulse purchase\timpulse aĉeti
01381	1970-01-01 00:00:00	0000	0000	お勧め	n.\tosusume\t추천\t\tconseil ou chose recommandée\trecommendation\trekomendo
01382	1970-01-01 00:00:00	0000	0000	には	조사표현\tni wa\t~에는 (대비/강조)\t\tdans ou pour, avec contraste\tas for; in; for\tkoncerne; en
01383	1970-01-01 00:00:00	0000	0000	faire grimper	동사구\t\t올리다, 증가시키다\t上昇させる; 急騰させる (jōshō saseru; kyūtō saseru)\tfaire augmenter fortement\tto drive up; raise\taltigi
01384	1970-01-01 00:00:00	0000	0000	舞台裏	n.\tbutaiura\t무대 뒤, 비하인드\t\tcoulisses; envers du décor\tbackstage; behind the scenes\tkulisoj
01385	1970-01-01 00:00:00	0000	0000	priorité à droite	명사구\t\t우측 우선권\t右方優先 (uhō yūsen)\trègle donnant priorité au véhicule venant de droite\tpriority to the right\tdekstra prioritato
01386	1970-01-01 00:00:00	0000	0000	暗証番号	n.\tanshō bangō\tPIN 번호\t\tcode secret; code PIN\tPIN; passcode\tPIN-kodo
01387	1970-01-01 00:00:00	0000	0000	le plat	n.\t\t요리, 접시 (le plat principal: 메인 요리)\t料理; 皿 (ryōri; sara)\tmets préparé; assiette\tdish; plate\tplado; telero
01388	1970-01-01 00:00:00	0000	0000	porter la poisse	동사구\t\t재수 없게 만들다\t不運をもたらす (fuun o motarasu)\tporter malchance à quelqu'un\tto jinx; bring bad luck\talporti malbonŝancon
01389	1970-01-01 00:00:00	0000	0000	厚手の	연체표현\tatsude no\t두꺼운\t\tépais; en tissu épais\tthick; heavy-duty\tdika
01390	1970-01-01 00:00:00	0000	0000	passer entre les mailles du filet	관용표현\t\t그물을 빠져나가다\t網の目をくぐり抜ける (ami no me o kugurinukeru)\téchapper au contrôle ou à la détection\tto slip through the net\teskapi tra la reto
01391	1970-01-01 00:00:00	0000	0000	うんざり	부사·동사표현\tunzari\t질리다, 지긋지긋하다\t\ten avoir assez; être dégoûté\tto be fed up\testi sata je
01392	1970-01-01 00:00:00	0000	0000	目の保養	명사구\tme no hoyō\t눈요기,아이쇼핑\t\tplaisir pour les yeux\teye candy; visual treat\tokula plezuro
01393	1970-01-01 00:00:00	0000	0000	決まる	v.\tkimaru\t정해지다, 결정되다\t\têtre décidé; être fixé\tto be decided; settled\testi decidita
01394	1970-01-01 00:00:00	0000	0000	料理	명사·동사\tryōri\t요리\t\tpréparation des aliments; cuisine\tcooking; cuisine\tkuirado; kuirarto
01395	1970-01-01 00:00:00	0000	0000	fera pas de mal	동사표현\t\t해롭지않을거야\t害にはならないだろう (gai ni wa naranai darō)\tcela ne fera probablement pas de mal\tit won't hurt\tĝi ne damaĝos
01396	1970-01-01 00:00:00	0000	0000	relever	v.\t\t일으켜 세우다\t起こす; 持ち上げる; 強調する (okosu; mochiageru; kyōchō suru)\tremettre debout; relever; souligner\tto raise; lift; highlight\tlevi; reliefigi
01397	1970-01-01 00:00:00	0000	0000	逃げる	v.\tnigeru\t도망치다, 피하다\t\tfuir; s'échapper\tto flee; escape\tfuĝi; eskapi
01398	1970-01-01 00:00:00	0000	0000	分	n.\tfun / pun\t분 (시간 단위)\t\tunité de soixante secondes\tminute\tminuto
01399	1970-01-01 00:00:00	0000	0000	être bloqué	동사표현\t\t잠기다, 차단되다\tロックされている; 遮断されている (rokku sarete iru; shadan sarete iru)\têtre verrouillé ou empêché de passer\tto be blocked; locked\testi blokita; ŝlosita
01400	1970-01-01 00:00:00	0000	0000	le rappel	n.\t\t앵콜\tアンコール; 再通知 (ankōru; saitsūchi)\tdemande de reprise; rappel\tencore; reminder\tbisado; memorigilo
01401	1970-01-01 00:00:00	0000	0000	飲み代	n.\tnomidai\t술값\t\targent dépensé pour boire\tdrinking expenses\ttrinkkosto
01402	1970-01-01 00:00:00	0000	0000	オウム	n.\tōmu\t앵무새\t\tperroquet\tparrot\tpapago
01403	1970-01-01 00:00:00	0000	0000	filer un rancard	동사구·구어\t\t데이트 약속을 잡다\tデートの約束を取り付ける (dēto no yakusoku o toritsukeru)\tfixer un rendez-vous amoureux\tto set up a date\taranĝi rendevuon
01404	1970-01-01 00:00:00	0000	0000	ミュージカル	n.\tmyūjikaru\t뮤지컬\t\tspectacle mêlant chant, danse et théâtre\tmusical\tmuzikalo
01405	1970-01-01 00:00:00	0000	0000	立てる	v.\ttateru\t세우다\t\tmettre debout; établir\tto stand up; erect\tstarigi
01406	1970-01-01 00:00:00	0000	0000	留守番電話	n.\trusuban denwa\t자동응답기\t\tsystème enregistrant les appels en absence\tanswering machine; voicemail\trespondilo
01407	1970-01-01 00:00:00	0000	0000	ティーサロン	n.\ttī saron\t티 살롱, 찻집\t\tsalon de thé\ttea room\tteĉambro
01408	1970-01-01 00:00:00	0000	0000	le capteur de mouvement	명사구\t\t모션 센서\t動作センサー; モーションセンサー (dōsa sensā; mōshon sensā)\tdispositif détectant un mouvement\tmotion sensor\tmovsensilo
01409	1970-01-01 00:00:00	0000	0000	急ぐ	v.\tisogu\t서두르다\t\tse dépêcher\tto hurry\thasti
01410	1970-01-01 00:00:00	0000	0000	代替品	n.\tdaitaihin\t대체품\t\tproduit utilisé à la place d'un autre\tsubstitute; replacement\tanstataŭaĵo
01411	1970-01-01 00:00:00	0000	0000	la fraude	n.\t\t부정승차\t不正; 無賃乗車 (fusei; muchin jōsha)\ttromperie; fraude dans les transports\tfraud; fare evasion\tfraŭdo; senbileta veturado
01412	1970-01-01 00:00:00	0000	0000	les archives	n.\t\t기록 보관소, 아카이브\t記録保管所; アーカイブ (kiroku hokansho; ākaibu)\tensemble de documents conservés\tarchives\tarkivoj
01413	1970-01-01 00:00:00	0000	0000	un porte-bonheur	n.\t\t행운의 부적\tお守り; 縁起物 (omamori; engimono)\tobjet censé apporter de la chance\tlucky charm\ttalismano
01414	1970-01-01 00:00:00	0000	0000	晴れ	n.\thare\t맑음\t\ttemps clair\tclear weather\tserena vetero
01415	1970-01-01 00:00:00	0000	0000	残念ながら	adv.\tzannen nagara\t안타깝게도\t\tmalheureusement\tunfortunately\tbedaŭrinde
01416	1970-01-01 00:00:00	0000	0000	地獄	n.\tjigoku\t지옥\t\tlieu de souffrance extrême\thell\tinfero
01417	1970-01-01 00:00:00	0000	0000	実現	명사·동사\tjitsugen\t실현\t\tfait de devenir réel\trealization; implementation\trealigo
01418	1970-01-01 00:00:00	0000	0000	時	n.\ttoki\t때\t\tmoment; époque\ttime; occasion\ttempo; momento
01419	1970-01-01 00:00:00	0000	0000	作品	n.\tsakuhin\t작품\t\tcréation artistique ou littéraire\twork; piece\tverko
01420	1970-01-01 00:00:00	0000	0000	justificatif d'abonnement	명사구\t\t정기권 증명서\t定期券証明書; 加入証明 (teikiken shōmeisho; kanyū shōmei)\tdocument prouvant un abonnement\tproof of subscription\tabonpruvo
01421	1970-01-01 00:00:00	0000	0000	du mal à ~	표현\t\t~하기 어렵다\t～するのが難しい (suru no ga muzukashii)\tavoir de la difficulté à\tto have trouble doing\tmalfacile fari
01422	1970-01-01 00:00:00	0000	0000	わけにはいかない	문법표현\twake ni wa ikanai\t~하지 않을 수 없다\t\tne pas pouvoir se permettre de; devoir malgré soi\tcannot afford not to; cannot simply\tne povi permesi al si
01423	1970-01-01 00:00:00	0000	0000	やった	감탄사·동사표현\tyatta\t해냈다, 성공했다\t\tréussi !; je l'ai fait\tI did it; success\tmi sukcesis
01424	1970-01-01 00:00:00	0000	0000	不思議な	な형용사\tfushigi na\t신비로운, 이상한\t\tmystérieux; étrange\tmysterious; strange\tmistera; stranga
01425	1970-01-01 00:00:00	0000	0000	ストレッチ	명사·동사\tsutoretchi\t스트레칭\t\texercices d'étirement\tstretching\tstreĉado
01426	1970-01-01 00:00:00	0000	0000	温度調節	n.\tondo chōsetsu\t온도 조절\t\tréglage de la température\ttemperature control\ttemperaturregulado
01427	1970-01-01 00:00:00	0000	0000	un contrôle surprise	명사구\t\t불시 검사\t抜き打ち検査 (nukiuchi kensa)\tcontrôle non annoncé\tsurprise inspection\tneanoncita inspekto
01428	1970-01-01 00:00:00	0000	0000	des gouttes de sueur	명사구\t\t땀방울들\t汗のしずく (ase no shizuku)\tpetites gouttes de transpiration\tdrops of sweat\tŝvitgutoj
01429	1970-01-01 00:00:00	0000	0000	それに	접속사\tsore ni\t게다가, 더욱이\t\tde plus; en outre\tbesides; moreover\tkrome
01430	1970-01-01 00:00:00	0000	0000	ただ	부사·접속사\ttada\t단지, 다만\t\tseulement; toutefois\tjust; merely; however\tnur; tamen
01431	1970-01-01 00:00:00	0000	0000	美容液	n.\tbiyōeki\t에센스, 미용액\t\tsérum cosmétique pour la peau\tbeauty serum; essence\thaŭtserumo
01432	1970-01-01 00:00:00	0000	0000	ça va pas la tête ?	구어표현\t\t정신 나갔어? (구어)\t頭がおかしいの？ (atama ga okashii no)\ttu es fou ?\tare you out of your mind?\tĉu vi freneziĝis?
01433	1970-01-01 00:00:00	0000	0000	くしゃみをする	동사구\tkushami o suru\t재채기하다\t\téternuer\tto sneeze\tterni
01434	1970-01-01 00:00:00	0000	0000	子猫	n.\tkoneko\t새끼 고양이\t\tjeune chat\tkitten\tkatido
01435	1970-01-01 00:00:00	0000	0000	avoir la main légère	관용표현\t\t과소비하지 않다\t節度を保つ; 控えめにする (setsudo o tamotsu; hikaeme ni suru)\tdépenser ou servir avec modération\tto go easy; use a light touch\testi modera
01436	1970-01-01 00:00:00	0000	0000	香り	n.\tkaori\t향기\t\todeur agréable; parfum\tfragrance; aroma\tbonodoro; aromo
01437	1970-01-01 00:00:00	0000	0000	un manuscrit	n.\t\t원고, 필사본\t原稿; 手稿 (genkō; shukō)\ttexte écrit à la main ou destiné à publication\tmanuscript\tmanuskripto
01438	1970-01-01 00:00:00	0000	0000	履く	v.\thaku\t신다\t\tmettre des chaussures ou un vêtement du bas\tto put on; wear footwear\tsurmeti ŝuojn
01439	1970-01-01 00:00:00	0000	0000	生き物	n.\tikimono\t생물, 생명체\t\torganisme vivant\tliving creature\tvivulo
01440	1970-01-01 00:00:00	0000	0000	買う	v.\tkau\t사다\t\tacquérir contre paiement\tto buy\taĉeti
01441	1970-01-01 00:00:00	0000	0000	干す	v.\thosu\t(빨래를) 말리다\t\tsuspendre pour faire sécher\tto hang out to dry\tpendigi por sekigi
01442	1970-01-01 00:00:00	0000	0000	une situation embarrassante	명사구\t\t난처한 상황\t気まずい状況; 困った状況 (kimazui jōkyō; komatta jōkyō)\tsituation qui provoque de la gêne\tembarrassing situation\tembarasa situacio
01443	1970-01-01 00:00:00	0000	0000	difficile de passer à côté	표현\t\t못알아채기어렵다\t見過ごすのが難しい (misugosu no ga muzukashii)\timpossible ou difficile à ne pas remarquer\thard to miss\tmalfacile ne rimarki
01444	1970-01-01 00:00:00	0000	0000	悪くない	い형용사\twarukunai\t나쁘지 않은\t\tplutôt bon; acceptable\tnot bad\tne malbona
01445	1970-01-01 00:00:00	0000	0000	ツアー	n.\ttsuā\t투어, 공연 순회\t\tvoyage organisé; tournée de spectacles\ttour\tturneo
01446	1970-01-01 00:00:00	0000	0000	枯れる	v.\tkareru\t시들다, 말라버리다\t\tse dessécher; perdre sa vitalité\tto wither; dry up\tvelki; sekiĝi
01447	1970-01-01 00:00:00	0000	0000	immersif / immersive	형용사\t\t몰입형의\t没入型の (botsunyūgata no)\tqui donne une forte sensation d'immersion\timmersive\tmerga
01448	1970-01-01 00:00:00	0000	0000	後ろめたい	い형용사\tushirometai\t마음이 켕기는, 죄책감 드는 (tsumibukai)\t\tavoir mauvaise conscience\tguilty; uneasy\tkulpokonscia
01449	1970-01-01 00:00:00	0000	0000	レイズする	v.\treizu suru\t레이즈하다\t\taugmenter la mise au poker\tto raise\tplialtigi la veton
01450	1970-01-01 00:00:00	0000	0000	un poteau	n.\t\t기둥, 전봇대\t柱; 電柱 (hashira; denchū)\télément vertical; poteau électrique\tpost; pole\tfosto
01451	1970-01-01 00:00:00	0000	0000	健康志向	n.\tkenkō shikō\t건강 지향\t\torientation vers un mode de vie sain\thealth-conscious orientation\tsanorientiĝo
01452	1970-01-01 00:00:00	0000	0000	手間	n.\ttema\t수고, 노력\t\ttemps et effort nécessaires\ttrouble; effort\tpeno; laboro
01453	1970-01-01 00:00:00	0000	0000	réfuter	v.\t\t반박하다\t反論する; 論破する (hanron suru; ronpa suru)\tdémontrer qu'une affirmation est fausse\tto refute\trefuti
01454	1970-01-01 00:00:00	0000	0000	poêle à bois	명사구\t\t薪ストーブ\t薪ストーブ (maki sutōbu)\tappareil chauffé au bois\twood-burning stove\tlignoforno
01455	1970-01-01 00:00:00	0000	0000	売り切れ	n.\turikire\t매진\t\tétat où tout a été vendu\tsold out\telvendita
01456	1970-01-01 00:00:00	0000	0000	un aventurier / une aventurière	n.\t\t모험가\t冒険家 (bōkenka)\tpersonne qui recherche l'aventure\tadventurer\taventuristo
01457	1970-01-01 00:00:00	0000	0000	ことにする	문법표현\tkoto ni suru\t~하기로 결정하다\t\tdécider de faire\tto decide to\tdecidi fari
01458	1970-01-01 00:00:00	0000	0000	インターフェース	n.\tintāfēsu\t인터페이스\t\tzone ou système d'interaction\tinterface\tinterfaco
01459	1970-01-01 00:00:00	0000	0000	un inconnu	n.\t\t낯선 사람, 모르는 사람\t見知らぬ人 (mishiranu hito)\tpersonne qu'on ne connaît pas\tstranger\tnekonato
01460	1970-01-01 00:00:00	0000	0000	le plaid	n.\t\t무릎담요\tひざ掛け; 小さな毛布 (hizakake; chiisana mōfu)\tpetite couverture souple\tthrow blanket\tmalgranda kovrilo
01461	1970-01-01 00:00:00	0000	0000	une compagnie	n.\t\t동료, 반려\t仲間; 同伴 (nakama; dōhan)\tprésence ou personne accompagnante\tcompany; companionship\tkompanio; kunuleco
01462	1970-01-01 00:00:00	0000	0000	預金口座	n.\tyokin kōza\t예금 계좌\t\tcompte bancaire destiné aux dépôts\tdeposit account\tdeponkonto
01463	1970-01-01 00:00:00	0000	0000	見つからない	동사표현\tmitsukaranai\t찾을 수 없다, 발견되지 않다\t\tne pas pouvoir être trouvé\tcannot be found\tne troveblas
01464	1970-01-01 00:00:00	0000	0000	降ってる	동사표현\tfutteru\t降る (내리다)\t\ttomber, pour la pluie ou la neige\tit is falling; raining\tpluvas; neĝas
01465	1970-01-01 00:00:00	0000	0000	音楽	n.\tongaku\t음악\t\tart des sons organisés\tmusic\tmuziko
01466	1970-01-01 00:00:00	0000	0000	居眠り	n.\tinemuri\t졸음 꾸벅꾸벅 조는 것\t\tsommeil bref involontaire, souvent assis\tdozing; nodding off\tdormetado
01467	1970-01-01 00:00:00	0000	0000	バツが悪い	관용표현\tbatsu ga warui\t어색하다, 멋쩍다\t\tse sentir gêné ou embarrassé\tto feel awkward\tsenti sin embarasita
01468	1970-01-01 00:00:00	0000	0000	相当	명사·부사\tsōtō\t상당히, 꽤\t\tdegré considérable; considérablement\tconsiderable; quite\tkonsiderinda; sufiĉe
01469	1970-01-01 00:00:00	0000	0000	laisser choisir	동사구\t\t선택하게 하다\t選ばせる (erabaseru)\tpermettre à quelqu'un de choisir\tto let choose\tlasi elekti
01470	1970-01-01 00:00:00	0000	0000	faire de grandes choses	동사구\t\t큰 일을 하다\t大きなことを成し遂げる (ōkina koto o nashitogeru)\taccomplir des réalisations importantes\tto do great things\tfari grandajn aferojn
01471	1970-01-01 00:00:00	0000	0000	画質	n.\tgashitsu\t화질\t\tqualité visuelle d'une image\timage quality\tbildkvalito
01472	1970-01-01 00:00:00	0000	0000	返金	명사·동사\thenkin\t환불\t\trestitution d'une somme payée\trefund\trepago
01473	1970-01-01 00:00:00	0000	0000	le trajet	n.\t\t여정, 노선\t道のり; 移動経路 (michinori; idō keiro)\tparcours entre deux endroits\tjourney; route\titinero
01474	1970-01-01 00:00:00	0000	0000	勘違い	명사·동사\tkanchigai\t착각, 오해\t\tcompréhension erronée\tmisunderstanding\tmiskompreno
01475	1970-01-01 00:00:00	0000	0000	en panne	형용사구\t\t고장난\t故障している (koshō shite iru)\tqui ne fonctionne plus\tbroken; out of order\tpanea
01476	1970-01-01 00:00:00	0000	0000	歌いながら	동사표현\tutainagara\t노래하면서\t\ten chantant\twhile singing\tkantante
01477	1970-01-01 00:00:00	0000	0000	待ちながら	동사표현\tmachinagara\t5단 동사 待つ(기다리다)의 연용형(ます형 어간) まち에 동시 행동을 나타내는 어미 ながら(~하면서)가 결합.\t\ten attendant\twhile waiting\tatendante
01478	1970-01-01 00:00:00	0000	0000	フランジパーヌ	n.\tfuranjipānu\t프랑지판 (아몬드 크림)\t\tcrème d'amande utilisée en pâtisserie\tfrangipane\tfranĝipano
01479	1970-01-01 00:00:00	0000	0000	se tromper de personne	동사구\t\t사람잘못알아보다\t人を間違える (hito o machigaeru)\tprendre quelqu'un pour une autre personne\tto mistake one person for another\tkonfuzi personon
01480	1970-01-01 00:00:00	0000	0000	un four	n.\t\t오븐, 화덕 (매우 더운 장소를 비유)\tオーブン; 炉 (ōbun; ro)\tappareil ou espace très chaud pour cuire\toven; furnace\tforno
01481	1970-01-01 00:00:00	0000	0000	queues	n.\t\t줄들\t列; しっぽ (retsu; shippo)\tfiles d'attente; queues d'animaux\tlines; tails\tvicoj; vostoj
01482	1970-01-01 00:00:00	0000	0000	un avatar	n.\t\t아바타\tアバター; 分身 (abatā; bunshin)\treprésentation numérique d'une personne\tavatar\tavataro
01483	1970-01-01 00:00:00	0000	0000	開ける	v.\takeru\t(선물을) 열다\t\touvrir\tto open\tmalfermi
01484	1970-01-01 00:00:00	0000	0000	le sapin	n.\t\t전나무, 크리스마스 트리\tモミの木; クリスマスツリー (momi no ki; kurisumasu tsurī)\tconifère utilisé comme arbre de Noël\tfir tree; Christmas tree\tabio; kristnaska arbo
01485	1970-01-01 00:00:00	0000	0000	parents	n.\t\t両親\t両親 (ryōshin)\tpère et mère\tparents\tgepatroj
01486	1970-01-01 00:00:00	0000	0000	違い	n.\tchigai\t차이\t\tdifférence; distinction\tdifference\tdiferenco
01487	1970-01-01 00:00:00	0000	0000	qui traîne	관계절\t\t굴러다니는 (관계대명사)\t転がっている; 放置されている (korogatte iru; hōchi sarete iru)\tqui reste ou traîne quelque part\tlying around; lingering\tkuŝanta ĉirkaŭe
01488	1970-01-01 00:00:00	0000	0000	トレーニング	n.\ttorēningu\t트레이닝, 훈련\t\texercice; entraînement\ttraining\ttrejnado
01489	1970-01-01 00:00:00	0000	0000	être impressionné(e) par ~	동사구\t\t~에 감명받다, 감탄하다\t～に感銘を受ける (ni kanmei o ukeru)\tressentir de l'admiration pour\tto be impressed by\testi imponita de
01490	1970-01-01 00:00:00	0000	0000	sécurité	n.\t\t보안\t安全; 保安 (anzen; hoan)\tprotection contre les risques\tsecurity; safety\tsekureco
01491	1970-01-01 00:00:00	0000	0000	ありえない	표현\tarienai\t말도 안 돼, 있을 수 없어\t\timpossible; incroyable\timpossible; no way\tneeble
01492	1970-01-01 00:00:00	0000	0000	les prévisions météo	명사구\t\t일기예보\t天気予報 (tenki yohō)\tannonce du temps à venir\tweather forecast\tveterprognozo
01493	1970-01-01 00:00:00	0000	0000	最先端技術	n.\tsaisentan gijutsu\t최첨단 기술\t\ttechnologie la plus avancée\tcutting-edge technology\tpintnivela teknologio
01494	1970-01-01 00:00:00	0000	0000	なくなって	동사표현\tnakunatte\t없어지고\t\tayant disparu; étant épuisé\tdisappearing; being gone\tmalaperinte
01495	1970-01-01 00:00:00	0000	0000	les étapes	n.\t\t단계들\t段階; 手順 (dankai; tejun)\tphases successives\tsteps; stages\tpaŝoj; etapoj
01496	1970-01-01 00:00:00	0000	0000	手続き	n.\ttetsuzuki\t절차, 수속\t\tformalités; procédure\tprocedure; formalities\tproceduro; formalaĵoj
01497	1970-01-01 00:00:00	0000	0000	un journal intime	명사구\t\t일기장\t日記帳 (nikkichō)\tcarnet où l'on écrit sa vie quotidienne\tdiary\ttaglibro
01498	1970-01-01 00:00:00	0000	0000	なら	접속조사\tnara\t~라면\t\tsi c'est; dans le cas de\tif; as for\tse; rilate al
01499	1970-01-01 00:00:00	0000	0000	切る	v.\tkiru\t(전화를) 끊다, 끄다\t\tcouper; raccrocher; éteindre\tto cut; hang up; turn off\ttranĉi; interrompi; malŝalti
01500	1970-01-01 00:00:00	0000	0000	焦げる	v.\tkogeru\t타다\t\tbrûler en cuisant\tto burn; scorch\tbruliĝi
01501	1970-01-01 00:00:00	0000	0000	すごく	adv.\tsugoku\t형용사 すごい(대단하다)의 부사형으로, '굉장히', '엄청'이라는 뜻입니다. 個性がある를 수식합니다.\t\ttrès; extrêmement\tvery; extremely\ttre; ege
01502	1970-01-01 00:00:00	0000	0000	健康保険	n.\tkenkō hoken\t건강보험\t\tassurance couvrant les frais médicaux\thealth insurance\tsanasekuro
01503	1970-01-01 00:00:00	0000	0000	devenir accro	동사구\t\t중독되다 (accro는 형용사)\t中毒になる (chūdoku ni naru)\tdevenir dépendant\tto become addicted\tdependiĝi
01504	1970-01-01 00:00:00	0000	0000	転がってた	동사표현\tkorogatteta\t굴러있었다 (転がる)\t\tétait posé en roulant; traînait au sol\twas lying around; had rolled\truliĝinte kuŝis
01505	1970-01-01 00:00:00	0000	0000	焼く	v.\tyaku\t굽다\t\tcuire au four ou sur le feu\tto bake; grill\tbaki; rosti
01506	1970-01-01 00:00:00	0000	0000	料理する	v.\tryōri suru\t요리하다\t\tpréparer un repas\tto cook\tkuiri
01507	1970-01-01 00:00:00	0000	0000	miaou	acc.\t\tニャー（猫の鳴き声）\tニャー (nyā)\tcri du chat\tmeow\tmiaŭ
01508	1970-01-01 00:00:00	0000	0000	壊れて	동사표현\tkowarete\t하일단(2단) 동사 壊れる(고장나다)의 연용형(て형). 문장을 연결하며 '~해서'라는 이유를 나타냄.\t\tétant cassé; parce que c'est en panne\tbeing broken; having broken\trompiĝinte
01509	1970-01-01 00:00:00	0000	0000	chercher à	동사구\t\t~하려고 찾아 노력하다\t～しようとする (shiyō to suru)\tessayer de; chercher à obtenir\tto try to; seek to\tprovi; celi
01510	1970-01-01 00:00:00	0000	0000	作れる	v.\ttsukureru\t만들 수 있다\t\tpouvoir fabriquer ou cuisiner\tcan make\tpovi fari
01511	1970-01-01 00:00:00	0000	0000	病気	n.\tbyōki\t병\t\tétat de mauvaise santé\tillness; disease\tmalsano
01512	1970-01-01 00:00:00	0000	0000	obliger à	동사구\t\t~하도록 강제하다\t～するよう強制する (suru yō kyōsei suru)\tforcer quelqu'un à faire\tto force to\tdevigi
01513	1970-01-01 00:00:00	0000	0000	ça risque de	표현\t\t~할 위험 가능성이 높다\t～する恐れがある (suru osore ga aru)\til est probable ou possible que quelque chose de mauvais arrive\tthere is a risk of\testas risko ke
01514	1970-01-01 00:00:00	0000	0000	remettre la main dessus	관용표현\t\t다시 찾다\tもう一度見つける (mō ichido mitsukeru)\tretrouver quelque chose perdu\tto find again\tretrovi
01515	1970-01-01 00:00:00	0000	0000	une propriétaire	n.\t\t소유자, 주인\t女性の所有者; 家主 (josei no shoyūsha; yanushi)\tfemme qui possède un bien\tfemale owner; landlady\tposedantino
01516	1970-01-01 00:00:00	0000	0000	見習う	v.\tminarau\t본받다, 배우다\t\tprendre exemple sur; apprendre en observant\tto learn from; emulate\tlerni imitante
01517	1970-01-01 00:00:00	0000	0000	具材	n.\tguzai\t재료, 토핑\t\tingrédients solides ou garnitures d'un plat\tingredients; toppings\tingrediencoj; garnaĵoj
01518	1970-01-01 00:00:00	0000	0000	Qu'est-ce qui s'est passé	의문문\t\t무슨일 있었어?\t何が起きたの？ (nani ga okita no)\tquestion demandant l'événement survenu\twhat happened?\tkio okazis?
01519	1970-01-01 00:00:00	0000	0000	真っ赤	명사·な형용사\tmakka\t새빨갛게, 시빨겋게\t\trouge vif; complètement rouge\tbright red\tbrile ruĝa
01520	1970-01-01 00:00:00	0000	0000	息抜き	n.\tikinuki\t숨 돌리기, 휴식\t\tpause pour se détendre\tbreather; break\tpaŭzo
01521	1970-01-01 00:00:00	0000	0000	二段階認証	n.\tnidankai ninshō\t이중 인증\t\tvérification de connexion en deux étapes\ttwo-factor authentication\tdufaktora aŭtentigo
01522	1970-01-01 00:00:00	0000	0000	まったく	adv.\tmattaku\t전혀\t\ttout à fait; pas du tout avec négation\tcompletely; not at all\ttute
01523	1970-01-01 00:00:00	0000	0000	mettre le paquet	관용표현\t\t전력을 다하다, 공을 들이다 (구어)\t全力を尽くす; 奮発する (zenryoku o tsukusu; funpatsu suru)\tmettre tous les moyens et efforts\tto go all out\tplene klopodi
01524	1970-01-01 00:00:00	0000	0000	シネコン	n.\tshinekon\t멀티플렉스 (cinema complex)\t\tcomplexe regroupant plusieurs salles de cinéma\tmultiplex cinema\tplurekrana kinejo
01525	1970-01-01 00:00:00	0000	0000	くつろぐ	v.\tkutsurogu\tto relax\t\tse détendre; être à l'aise\tto relax\tmalstreĉiĝi
01526	1970-01-01 00:00:00	0000	0000	ひどい	い형용사\thidoi\t심한, 지독한\t\ttrès mauvais; cruel\tawful; severe\tterura; severa
01527	1970-01-01 00:00:00	0000	0000	炉	n.\tro\t火を焚く場所\t\tendroit ou appareil où l'on fait du feu\thearth; furnace\tfajrujo; forno
01528	1970-01-01 00:00:00	0000	0000	mettre aux enchères	동사구\t\t경매에 부치다\t競売にかける (kyōbai ni kakeru)\tproposer un objet à la vente au plus offrant\tto auction\taŭkcii
01529	1970-01-01 00:00:00	0000	0000	耐えられない	동사표현\ttaerarenai\t견딜 수 없다\t\tne pas pouvoir supporter\tunbearable; cannot stand\tneelportebla
01530	1970-01-01 00:00:00	0000	0000	une cage	n.\t\t우리, 케이지\t檻; ケージ (ori; kēji)\tespace fermé pour un animal\tcage\tkaĝo
01531	1970-01-01 00:00:00	0000	0000	faire du mal	동사구\t\t해를 끼치다\t傷つける; 害を与える (kizutsukeru; gai o ataeru)\tcauser une douleur ou un dommage\tto hurt; harm\tdamaĝi; vundi
01532	1970-01-01 00:00:00	0000	0000	silencieux	형용사\t\t조용한\t静かな; 無音の (shizuka na; muon no)\tqui ne produit pas de bruit\tquiet; silent\tsilenta
01533	1970-01-01 00:00:00	0000	0000	la cachette	n.\t\t숨겨진 장소\t隠れ場所 (kakurebasho)\tendroit où l'on se dissimule\thiding place\tkaŝejo
01534	1970-01-01 00:00:00	0000	0000	値段	n.\tnedan\t가격\t\tsomme demandée pour acheter\tprice\tprezo
01535	1970-01-01 00:00:00	0000	0000	ユーザーID	n.\tyūzā aidī\t사용자 ID\t\tidentifiant attribué à un utilisateur\tuser ID\tuzantidentigilo
01536	1970-01-01 00:00:00	0000	0000	voire même	부사구\t\t심지어, 더 나아가\tさらには; それどころか (sara ni wa; sore dokoro ka)\tet même; voire davantage\teven; indeed\teĉ; plie
01537	1970-01-01 00:00:00	0000	0000	ごちそうさまでした	관용인사\tgochisōsama deshita\t잘 먹었습니다 (식사 후 인사)\t\tformule dite après un repas pour remercier\tthank you for the meal\tdankon pro la manĝo
01538	1970-01-01 00:00:00	0000	0000	viser trop haut	동사구\t\t너무 높게 목표를 잡다\t目標を高くしすぎる (mokuhyō o takaku shisugiru)\tse fixer un objectif excessivement ambitieux\tto aim too high\tceli tro alte
01539	1970-01-01 00:00:00	0000	0000	まず	adv.\tmazu\t우선, 먼저\t\ten premier lieu\tfirst of all\tunue
01540	1970-01-01 00:00:00	0000	0000	ムカつく	동사·구어\tmukatsuku\t짜증나다, 화나다\t\têtre irrité; énerver\tto get annoyed; piss off\tkoleriĝi; ĝeni
01541	1970-01-01 00:00:00	0000	0000	近づいてる	동사표현\tchikazuiteru\t다가오고 있다\t\têtre en train de se rapprocher\tis approaching\tproksimiĝas
01542	1970-01-01 00:00:00	0000	0000	不吉な	な형용사\tfukitsu na\t(불길하다)\t\tde mauvais augure\tominous; unlucky\tmalbonaŭgura
01543	1970-01-01 00:00:00	0000	0000	ものすごい	い형용사\tmonosugoi\t엄청난, 굉장한\t\textraordinairement grand ou intense\ttremendous; incredible\tgrandega; nekredebla
01544	1970-01-01 00:00:00	0000	0000	断捨離	명사·동사\tdanshari\t정리정돈, 미니멀리즘\t\ttri radical et réduction des possessions\tdecluttering; minimalism\tsenordigo; minimumismo
01545	1970-01-01 00:00:00	0000	0000	on verra bien	표현\t\t두고 보자\tどうなるか見よう (dō naru ka miyō)\tattendons pour connaître le résultat\twe'll see\tni vidos
01546	1970-01-01 00:00:00	0000	0000	できる	v.\tdekiru\t할 수 있다\t\têtre capable de; être achevé\tcan do; be possible\tpovi; ebligi
01547	1970-01-01 00:00:00	0000	0000	chats (m. pl.)	n.\t\t猫\t猫たち (nekotachi)\tanimaux félins domestiques au pluriel\tcats\tkatoj
01548	1970-01-01 00:00:00	0000	0000	灰	n.\thai\t燃えた後の残り\t\trésidu poudreux après combustion\tash\tcindro
01549	1970-01-01 00:00:00	0000	0000	un apéro	명사·구어\t\t식전주, 술자리 (apéritif의 축약)\t食前酒; 軽い飲み会 (shokuzenshu; karui nomikai)\tapéritif ou moment convivial avant le repas\taperitif; drinks\taperitivo
01550	1970-01-01 00:00:00	0000	0000	飽和状態	n.\thōwa jōtai\t포화 상태\t\tétat où aucune capacité supplémentaire ne reste\tsaturated state\tsaturita stato
01551	1970-01-01 00:00:00	0000	0000	l'émotion	n.\t\t감정\t感情; 情動 (kanjō; jōdō)\tréaction affective\temotion\temocio
01552	1970-01-01 00:00:00	0000	0000	avoir sur soi	동사구\t\t몸에 지니다\t身につけている; 携帯する (mi ni tsukete iru; keitai suru)\tporter quelque chose avec soi\tto have on oneself\tkunhavi
01553	1970-01-01 00:00:00	0000	0000	un air connu	명사구\t\t(흔히) 아는 멜로디/노래\t聞き覚えのある曲 (kikioboe no aru kyoku)\tmélodie que l'on reconnaît\tfamiliar tune\tkonata melodio
01554	1970-01-01 00:00:00	0000	0000	une partie	n.\t\t한 판, 한 경기\t一回; 試合; 部分 (ikkai; shiai; bubun)\tmanche de jeu; partie d'un tout\tgame; round; part\tludpartio; parto
01555	1970-01-01 00:00:00	0000	0000	与える	v.\tataeru\t주다\t\tdonner; accorder; causer\tto give; grant\tdoni
01556	1970-01-01 00:00:00	0000	0000	je risque de	표현\t\t~할 위험이 있다, ~할 것 같다\t～する恐れがある; ～しそうだ (suru osore ga aru; shisō da)\tje pourrais subir ou faire quelque chose\tI risk; I may\tmi riskas
01557	1970-01-01 00:00:00	0000	0000	アイスドリンク	n.\taisu dorinku\t차가운 음료\t\tboisson froide\tcold drink\tmalvarma trinkaĵo
01558	1970-01-01 00:00:00	0000	0000	l'acteur / l'actrice	n.\t\t배우/여배우\t俳優; 女優 (haiyū; joyū)\tpersonne qui interprète un rôle\tactor; actress\taktoro; aktorino
01559	1970-01-01 00:00:00	0000	0000	s'en faire un ensemble	동사구\t\t같이한가지 해보자\t一緒に一つ作る (issho ni hitotsu tsukuru)\ten faire un ensemble ou en faire un ensemble à deux\tto make one together\tfari unu kune
01560	1970-01-01 00:00:00	0000	0000	avoir la tête dans le cul	관용표현·비속어\t\t몹시피곤하다 머리가 멍하다\tひどく疲れて頭がぼんやりする (hidoku tsukarete atama ga bonyari suru)\têtre extrêmement fatigué au réveil\tto feel exhausted and groggy\testi elĉerpita kaj konfuzita
01561	1970-01-01 00:00:00	0000	0000	tisser	v.\t\t짜다\t織る; 編む (oru; amu)\tfabriquer un tissu en entrelaçant des fils\tto weave\tteksi
01562	1970-01-01 00:00:00	0000	0000	新しい	い형용사\tatarashii\t새로운\t\tqui vient d'être créé ou acquis\tnew\tnova
01563	1970-01-01 00:00:00	0000	0000	跳ね上がる	v.\thaneagaru\t급등하다\t\tmonter brusquement\tto jump; soar\tsubite altiĝi
01564	1970-01-01 00:00:00	0000	0000	親	n.\toya\t부모\t\tpère ou mère\tparent\tgepatro
01565	1970-01-01 00:00:00	0000	0000	être en retard	동사구\t\t늦다\t遅れている (okurete iru)\tne pas être à l'heure\tto be late\tmalfrui
01566	1970-01-01 00:00:00	0000	0000	クリスマスマーケット	n.\tkurisumasu māketto\t크리스마스 마켓\t\tmarché saisonnier de Noël\tChristmas market\tkristnaska bazaro
01567	1970-01-01 00:00:00	0000	0000	le chaos	n.\t\t혼란 카오스\t混乱; 無秩序 (konran; muchitsujo)\tdésordre extrême\tchaos\tkaoso
01568	1970-01-01 00:00:00	0000	0000	épater la galerie	관용표현\t\t사람들을 깜짝 놀라게 하다, 인기를 독차지하다\t人々を驚かせる; 見せつける (hitobito o odorokaseru; misetsukeru)\timpressionner fortement le public\tto wow the crowd\tmirigi la publikon
01569	1970-01-01 00:00:00	0000	0000	演技	명사·동사\tengi\t연기\t\tinterprétation d'un rôle; jeu d'acteur\tacting; performance\taktorado
01570	1970-01-01 00:00:00	0000	0000	税務署	n.\tzeimusho\t세무서\t\tbureau de l'administration fiscale\ttax office\timpostoficejo
01571	1970-01-01 00:00:00	0000	0000	perdre le contrôle	동사구\t\t통제력을 잃다\t制御を失う (seigyo o ushinau)\tne plus maîtriser la situation\tto lose control\tperdi kontrolon
01572	1970-01-01 00:00:00	0000	0000	Inviter quelqu'un au cinéma	동사구\t\t누군가에게 영화를 보여주다(한턱내다).\t誰かを映画に招待する (dareka o eiga ni shōtai suru)\tinviter et éventuellement payer le cinéma à quelqu'un\tto invite someone to the movies\tinviti iun al kinejo
01573	1970-01-01 00:00:00	0000	0000	resquiller	v.\t\t무임승차하다\t無賃乗車する; 割り込む (muchin jōsha suru; warikomu)\tprofiter sans payer ou passer devant les autres\tto fare-dodge; sneak in\tsenbilete veturi
01574	1970-01-01 00:00:00	0000	0000	la salle de sport	명사구\t\t체육관, 헬스장\tスポーツジム; 体育館 (supōtsu jimu; taiikukan)\tlieu équipé pour faire de l'exercice\tgym; fitness center\tgimnastikejo
01575	1970-01-01 00:00:00	0000	0000	雨上がり	n.\tameagari\t비 갠 후\t\tmoment après la pluie\tafter the rain\tpost pluvo
01576	1970-01-01 00:00:00	0000	0000	les mains vides	명사구\t\t빈손 (직역 빈 손들)\t手ぶら (tebura)\tsans cadeau ni bagage\tempty-handed\tmalplenmane
01577	1970-01-01 00:00:00	0000	0000	怖い	い형용사\tkowai\t무섭다\t\tqui provoque la peur\tscary; frightening\ttimiga
01578	1970-01-01 00:00:00	0000	0000	feuilles	n.\t\t잎 (복수형)\t葉; 紙 (ha; kami)\tparties vertes d'une plante; feuilles de papier\tleaves; sheets\tfolioj; paperfolioj
01579	1970-01-01 00:00:00	0000	0000	甘い	い형용사\tamai\t달다\t\tau goût du sucre; indulgent\tsweet\tdolĉa
01580	1970-01-01 00:00:00	0000	0000	から	조사\tkara\t~니까, ~에서\t\tparce que; depuis; à partir de\tbecause; from\tĉar; de
01581	1970-01-01 00:00:00	0000	0000	le cycle de lavage	명사구\t\t세탁 사이클\t洗濯サイクル (sentaku saikuru)\tsuite des phases d'une machine à laver\twash cycle\tlavciklo
01582	1970-01-01 00:00:00	0000	0000	時間厳守	n.\tjikan genshu\t시간 엄수\t\trespect strict de l'heure fixée\tpunctuality\takurateco
01583	1970-01-01 00:00:00	0000	0000	我慢できる	동사표현\tgaman dekiru\t참을 수 있다\t\tpouvoir supporter ou patienter\tcan endure\tpovi elteni
01584	1970-01-01 00:00:00	0000	0000	dès l’été	전치사구\t\t여름부터\t夏から (natsu kara)\tà partir de l'été\tfrom the summer onward\tekde somero
01585	1970-01-01 00:00:00	0000	0000	初心者	n.\tshoshinsha\t초보자\t\tpersonne qui commence une activité\tbeginner\tkomencanto
01586	1970-01-01 00:00:00	0000	0000	laisser perplexe	동사구\t\t당혹스럽게 하다\t当惑させる (tōwaku saseru)\tmettre dans l'incertitude ou la confusion\tto leave perplexed\tkonfuzi
01587	1970-01-01 00:00:00	0000	0000	le verglas	n.\t\t빙판길, 결빙\t路面凍結; ブラックアイス (romen tōketsu; burakku aisu)\tfine couche de glace sur la route\tblack ice\tvojglacio
01588	1970-01-01 00:00:00	0000	0000	le réalisateur / la réalisatrice	n.\t\t감독\t映画監督 (eiga kantoku)\tpersonne qui dirige la réalisation d'un film\tfilm director\tfilmreĝisoro
01589	1970-01-01 00:00:00	0000	0000	議論の余地	명사구\tgiron no yochi\t논의의 여지\t\tpossibilité de discuter ou contester\troom for debate\tdebateblo
01590	1970-01-01 00:00:00	0000	0000	けど	접속조사\tkedo\t~지만\t\tmais; bien que\tbut; though\tsed; kvankam
01591	1970-01-01 00:00:00	0000	0000	se retrouver	v.\t\t~하게 되다\t結局～になる; 再会する (kekkyoku ni naru; saikai suru)\tfinir par se trouver dans une situation; se revoir\tto end up; meet again\tfini en; re-renkonti
01592	1970-01-01 00:00:00	0000	0000	そうになった	문법표현\tsō ni natta\t~할 뻔했다\t\têtre passé tout près de faire\talmost did\tpreskaŭ faris
01593	1970-01-01 00:00:00	0000	0000	la routine matinale	명사구\t\t아침 루틴\t朝の習慣 (asa no shūkan)\tsuite habituelle d'actions le matin\tmorning routine\tmatena rutino
01594	1970-01-01 00:00:00	0000	0000	s'y connaître (en ~)	관용표현\t\t~에 대해 잘 알다, 정통하다 (본문: je m'y connais pas du tout - 나 전혀 몰라)\t～に詳しい (ni kuwashii)\tavoir des connaissances approfondies en\tto know a lot about\tbone koni
01595	1970-01-01 00:00:00	0000	0000	出品する	v.\tshuppin suru\t출품하다\t\tmettre un article en vente ou présenter une œuvre\tto list for sale; exhibit\tvendlistigi; ekspozicii
01596	1970-01-01 00:00:00	0000	0000	自分で	부사구\tjibun de\t스스로\t\tpar ses propres moyens\tby oneself\tmem
01597	1970-01-01 00:00:00	0000	0000	同じくらい	부사구\tonaji kurai\t~만큼, ~정도로\t\tà peu près au même degré\tabout the same amount\tproksimume same
01598	1970-01-01 00:00:00	0000	0000	entraîner	v.\t\t훈련시키다, 단련하다\t訓練する; 引き起こす (kunren suru; hikiokosu)\tformer par l'exercice; provoquer\tto train; cause\ttrejni; kaŭzi
01599	1970-01-01 00:00:00	0000	0000	時間を忘れる	동사구\tjikan o wasureru\t시간을 잊다\t\tne plus remarquer le passage du temps\tto lose track of time\tforgesi la tempon
01600	1970-01-01 00:00:00	0000	0000	le squelette	n.\t\t해골\t骸骨; 骨格 (gaikotsu; kokkaku)\tensemble des os du corps\tskeleton\tskeleto
01601	1970-01-01 00:00:00	0000	0000	幸せ	명사·な형용사\tshiawase\t행복\t\tétat de bien-être et de joie\thappiness\tfeliĉo
01602	1970-01-01 00:00:00	0000	0000	挑戦	명사·동사\tchōsen\t도전\t\taction d'essayer quelque chose de difficile\tchallenge\tdefio
01603	1970-01-01 00:00:00	0000	0000	気にしない	동사표현\tki ni shinai\t신경 쓰지 마\t\tne pas s'en préoccuper\tdon't worry about it\tne zorgi pri tio
01604	1970-01-01 00:00:00	0000	0000	une médaille	n.\t\t메달, 훈장\tメダル; 勲章 (medaru; kunshō)\tdécoration remise pour un mérite ou une victoire\tmedal\tmedalo
01605	1970-01-01 00:00:00	0000	0000	manquer de	동사구\t\t~이 부족하다\t～が足りない (ga tarinai)\tne pas avoir suffisamment de\tto lack; be short of\tmanki
01606	1970-01-01 00:00:00	0000	0000	オーブン	n.\tōbun\t오븐\t\tappareil de cuisson fermé\toven\tforno
01607	1970-01-01 00:00:00	0000	0000	かわいそうに	부사표현\tkawaisō ni\t불쌍하게도, 안됐게도\t\tavec compassion pour quelqu'un\tpoor thing; pitifully\tkompatinde
01608	1970-01-01 00:00:00	0000	0000	二度寝	명사·동사\tnidone\t다시 자기\t\tse rendormir après s'être réveillé\tgoing back to sleep\tredormo
01609	1970-01-01 00:00:00	0000	0000	agent de police	명사구\t\t교통 경찰관\t警察官; 交通警察官 (keisatsukan; kōtsū keisatsukan)\tfonctionnaire chargé de faire respecter la loi\tpolice officer; traffic officer\tpolicano
01610	1970-01-01 00:00:00	0000	0000	rembourser	v.\t\t환불하다, 상환하다\t返金する; 返済する (henkin suru; hensai suru)\trendre une somme payée ou empruntée\tto refund; repay\trepagi
01611	1970-01-01 00:00:00	0000	0000	ファンクラブ	n.\tfan kurabu\t팬클럽\t\tassociation de personnes admirant une célébrité\tfan club\tfanklubo
01612	1970-01-01 00:00:00	0000	0000	蒸し暑い	い형용사\tmushiatsui\t후덥지근하다, 덥고 습하다\t\tchaud et humide\thot and humid; muggy\tvarma kaj humida
01613	1970-01-01 00:00:00	0000	0000	払う	v.\tharau\t지불하다\t\tdonner de l'argent en paiement\tto pay\tpagi
01614	1970-01-01 00:00:00	0000	0000	je vote pour	표현\t\t나는 ~에 찬성한다\t私は～に賛成する (watashi wa ni sansei suru)\tj'exprime mon soutien à une proposition\tI vote for; I'm in favor\tmi voĉdonas por
01615	1970-01-01 00:00:00	0000	0000	張る	v.\tharu\t(거미줄을) 치다\t\ttendre; étendre, notamment une toile\tto stretch; spin a web\tstreĉi; teksi reton
01616	1970-01-01 00:00:00	0000	0000	アンコール	명사·감탄사\tankōru\t앵콜\t\tdemande de rejouer après la fin\tencore\tbis
01617	1970-01-01 00:00:00	0000	0000	昔	n.\tmukashi\t옛날, 예전\t\ttemps ancien; autrefois\told times; long ago\tiam; antikve
01618	1970-01-01 00:00:00	0000	0000	入り込む	v.\thairikomu\t들어가다, 파고들다\t\tentrer profondément ou s'introduire\tto enter; penetrate\teniri; penetri
01619	1970-01-01 00:00:00	0000	0000	一攫千金	사자성어·명사\tikkaku senkin\t일확천금\t\tgain d'une grande fortune en une seule fois\tget-rich-quick fortune\tsubita granda riĉo
01620	1970-01-01 00:00:00	0000	0000	甘いもの	명사구\tamaimono\t단 것\t\taliments au goût sucré\tsweets\tdolĉaĵoj
01621	1970-01-01 00:00:00	0000	0000	assurance santé	명사구\t\t건강보험\t健康保険 (kenkō hoken)\tprotection financière contre les frais de santé\thealth insurance\tsanasekuro
01622	1970-01-01 00:00:00	0000	0000	code PIN	명사구\t\tPIN 코드\t暗証番号; PINコード (anshō bangō; pin kōdo)\tsuite secrète de chiffres d'identification\tPIN code\tPIN-kodo
01623	1970-01-01 00:00:00	0000	0000	l'aube	n.\t\t새벽\t夜明け; 明け方 (yoake; akegata)\tpremière lumière du jour\tdawn\ttagiĝo
01624	1970-01-01 00:00:00	0000	0000	シーン	n.\tshīn\t장면\t\tpartie d'un film ou d'un événement\tscene\tsceno
01625	1970-01-01 00:00:00	0000	0000	通知	명사·동사\ttsūchi\t통지, 알림\t\tinformation envoyée à quelqu'un\tnotification\tsciigo
01626	1970-01-01 00:00:00	0000	0000	半額	n.\thangaku\t반값, 50% 할인\t\tcinquante pour cent du prix\thalf price\tduonprezo
01627	1970-01-01 00:00:00	0000	0000	brûlé(e)	형용사\t\t탄\t焦げた; 焼けた (kogeta; yaketa)\tendommagé par le feu ou trop cuit\tburned\tbruligita
01628	1970-01-01 00:00:00	0000	0000	extensible	형용사\t\t늘릴 수 있는\t伸縮可能な (shinshuku kanō na)\tqui peut être étendu ou allongé\texpandable; stretchable\tetendebla
01629	1970-01-01 00:00:00	0000	0000	思ってなかった	동사표현\tomottenakatta\t생각하지못했다\t\tne l'avais pas pensé ou prévu\tdidn't think; hadn't expected\tne pensis
01630	1970-01-01 00:00:00	0000	0000	減らす	v.\therasu\t줄이다, 감소시키다\t\tfaire diminuer\tto reduce\tmalpliigi
01631	1970-01-01 00:00:00	0000	0000	軽い	い형용사\tkarui\t가벼운\t\tde faible poids; peu grave\tlight; mild\tmalpeza; milda
01632	1970-01-01 00:00:00	0000	0000	rater le train	동사구\t\t기차를 놓치다\t電車に乗り遅れる (densha ni noriokureru)\tne pas arriver à temps pour le train\tto miss the train\tmaltrafi la trajnon
01633	1970-01-01 00:00:00	0000	0000	tisonnier	n.\t\t火かき棒 (bō)\t火かき棒 (hikakibō)\tbarre métallique servant à remuer le feu\tpoker; fire iron\tfajrostango
01634	1970-01-01 00:00:00	0000	0000	le frisson	n.\t\t오한, 떨림\t震え; 寒気 (furue; samuke)\tpetit tremblement causé par le froid ou l'émotion\tshiver; thrill\ttremeto
01635	1970-01-01 00:00:00	0000	0000	味見	명사·동사\tajimi\t맛보기\t\taction de goûter pour vérifier l'assaisonnement\ttasting\tgustumado
01636	1970-01-01 00:00:00	0000	0000	似合う	v.\tniau\t어울리다\t\tconvenir à l'apparence de quelqu'un\tto suit; look good on\tkonveni
01637	1970-01-01 00:00:00	0000	0000	互いに	adv.\ttagai ni\t서로\t\tl'un envers l'autre\tmutually; each other\treciproke
01638	1970-01-01 00:00:00	0000	0000	歩	n.\tho\t걸음 (수)\t\tpas compté lors de la marche\tstep; pace\tpaŝo
01639	1970-01-01 00:00:00	0000	0000	食感	n.\tshokkan\t식감\t\tsensation d'un aliment dans la bouche\ttexture; mouthfeel\tbuŝteksturo
01640	1970-01-01 00:00:00	0000	0000	ヘッドセット	n.\theddosetto\t헤드셋\t\tensemble casque et microphone\theadset\tkapaŭskultilo
01641	1970-01-01 00:00:00	0000	0000	le côté	n.\t\t옆, 측면\t側; 面 (soba; men)\tpartie latérale ou aspect\tside; aspect\tflanko
01642	1970-01-01 00:00:00	0000	0000	ある	v.\taru\t있다\t\texister pour une chose inanimée\tto exist; there is\tekzisti
01643	1970-01-01 00:00:00	0000	0000	un salon	n.\t\t거실\t居間; 応接間 (ima; ōsetsuma)\tpièce principale d'une habitation\tliving room; lounge\tsalono
01644	1970-01-01 00:00:00	0000	0000	減らそうとしている	동사표현\therasō to shite iru\t줄이려고 하고 있다\t\têtre en train d'essayer de réduire\tis trying to reduce\tprovas malpliigi
01645	1970-01-01 00:00:00	0000	0000	respire un coup	명령표현\t\t숨 좀 쉬어 (구어)\t一息ついて (hitoiki tsuite)\tprendre une respiration et se calmer\ttake a breath\tspiru iom
01646	1970-01-01 00:00:00	0000	0000	identifiant	n.\t\t아이디, 식별자\tID; 識別子 (aidī; shikibetsushi)\tdonnée permettant d'identifier un utilisateur\tidentifier; login ID\tidentigilo
01647	1970-01-01 00:00:00	0000	0000	un rendez-vous manqué	명사구\t\t어긋난 약속 놓친 약속 (rendez-vous loupé)\tすれ違った約束; 会えなかった待ち合わせ (surechigatta yakusoku; aenakatta machiawase)\trendez-vous où les personnes ne se rencontrent pas\tmissed appointment\tmaltrafita rendevuo
01648	1970-01-01 00:00:00	0000	0000	collector	형용사·명사\t\t콜렉터용의, 수집가용의\tコレクター向けの; 収集品 (korekutā-muke no; shūshūhin)\tdestiné aux collectionneurs; objet rare\tcollectible; collector's item\tkolektindaĵo
01649	1970-01-01 00:00:00	0000	0000	c'est fou comme	표현\t\t~한 것이 미친것 같다\t～なのは驚くほどだ (na no wa odoroku hodo da)\til est étonnant à quel point\tit's amazing how\testas mirige kiel
01650	1970-01-01 00:00:00	0000	0000	une friperie	n.\t\t중고 옷가게\t古着屋 (furugiya)\tmagasin vendant des vêtements d'occasion\tsecond-hand clothing store\tbrokantvesta vendejo
01651	1970-01-01 00:00:00	0000	0000	les neurones	n.\t\t뉴런, 신경세포\tニューロン; 神経細胞 (nyūron; shinkei saibō)\tcellules qui transmettent les signaux nerveux\tneurons\tneŭronoj
01652	1970-01-01 00:00:00	0000	0000	l'huile	n.\t\t기름\t油; オイル (abura; oiru)\tmatière grasse liquide\toil\toleo
01653	1970-01-01 00:00:00	0000	0000	確信する	v.\tkakushin suru\t확신하다\t\têtre certain sans doute\tto be convinced; be certain\testi certa
01654	1970-01-01 00:00:00	0000	0000	Code de la route	명사구\t\t도로교통법\t道路交通法 (dōro kōtsūhō)\tensemble des règles de circulation routière\ttraffic code; highway code\ttrafikleĝaro
01655	1970-01-01 00:00:00	0000	0000	胃腸	n.\tichō\t위장\t\testomac et intestins; système digestif\tstomach and intestines; gastrointestinal tract\tstomako kaj intestoj
01656	1970-01-01 00:00:00	0000	0000	la cuisine	n.\t\t부엌, 요리\t台所; 料理 (daidokoro; ryōri)\tpièce où l'on prépare les repas; art de cuisiner\tkitchen; cooking\tkuirejo; kuirarto
01657	1970-01-01 00:00:00	0000	0000	肺が爆発する	동사표현\thai ga bakuhatsu suru\t폐가터지다\t\tavoir l'impression que les poumons vont éclater\tto feel like one's lungs will explode\tsenti kvazaŭ la pulmoj eksplodos
01658	1970-01-01 00:00:00	0000	0000	les trottoirs	n.\t\t보도, 인도들\t歩道 (hodō)\tparties de la rue réservées aux piétons\tsidewalks; pavements\ttrotuaroj
01659	1970-01-01 00:00:00	0000	0000	la gêne	n.\t\t어색함, 거북함\t気まずさ; 不快感 (kimazusa; fukaikan)\tsentiment d'embarras ou d'inconfort\tawkwardness; discomfort\tembaraso; malkomforto
01660	1970-01-01 00:00:00	0000	0000	recommander	v.\t\t추천하다\t勧める; 再注文する (susumeru; saichūmon suru)\tconseiller; commander à nouveau\tto recommend; reorder\trekomendi; remendi
01661	1970-01-01 00:00:00	0000	0000	la pizzeria	n.\t\t피자 가게\tピザ屋 (piza-ya)\trestaurant spécialisé dans la pizza\tpizzeria; pizza place\tpicejo
01662	1970-01-01 00:00:00	0000	0000	l'aspirateur	n.\t\t청소기\t掃除機 (sōjiki)\tappareil qui aspire la poussière\tvacuum cleaner\tpolvosuĉilo
01663	1970-01-01 00:00:00	0000	0000	すすぎ	n.\tsusugi\t헹굼\t\tphase de rinçage à l'eau claire\trinsing; rinse cycle\tellavado
01664	1970-01-01 00:00:00	0000	0000	le pot de fleurs	명사구\t\t화분\t植木鉢 (uekibachi)\trécipient où pousse une plante\tflowerpot\tflorpoto
01665	1970-01-01 00:00:00	0000	0000	歩道	n.\thodō\t보도, 인도\t\tvoie réservée aux personnes à pied\tsidewalk; pavement\ttrotuaro
01666	1970-01-01 00:00:00	0000	0000	芸能界	n.\tgeinōkai\t연예계\t\tmilieu professionnel du spectacle et des célébrités\tshow business; entertainment industry\tspektakla industrio
01667	1970-01-01 00:00:00	0000	0000	une bestiole	명사·구어\t\t작은 동물/벌레 (경멸/애정적)\t小さな生き物; 虫 (chiisana ikimono; mushi)\tpetit animal ou insecte, avec nuance familière\tlittle creature; bug\tbesteto; insekto
01668	1970-01-01 00:00:00	0000	0000	タイミング	n.\ttaimingu\t타이밍, 시기\t\tmoment approprié; synchronisation\ttiming\tĝusta momento; tempigo
01669	1970-01-01 00:00:00	0000	0000	rien que pour ça	부사구\t\t그것만으로도\tそれだけでも (sore dake demo)\tmême uniquement pour cette raison\tjust for that alone\tnur pro tio
01670	1970-01-01 00:00:00	0000	0000	faire dorer	동사구\t\t갈색으로 굽다\tきつね色に焼く (kitsuneiro ni yaku)\tfaire cuire jusqu'à obtenir une couleur dorée\tto brown; make golden\torbrunigi
01671	1970-01-01 00:00:00	0000	0000	s'éteindre	v.\t\t消(ki)える 꺼지다\t消える; 消す (kieru; kesu)\tcesser de brûler ou de fonctionner\tto go out; switch off\testingiĝi; malŝaltiĝi
01672	1970-01-01 00:00:00	0000	0000	les lumières	n.\t\t불빛들, 조명들\t明かり; 照明 (akari; shōmei)\tsources lumineuses ou éclairage\tlights; lighting\tlumoj; lumigado
01673	1970-01-01 00:00:00	0000	0000	毛玉	n.\tkedama\t털뭉치, 털공\t\tboule de poils ou de fibres\tfur ball; lint ball\tharbulo; lanbulo
01674	1970-01-01 00:00:00	0000	0000	アイスノノン / 冷却シート	n.\taisunonon / reikyaku shīto\t아이스팩 / 냉각 시트(해열 파스)\t\tpack ou feuille servant à refroidir le corps\tice pack; cooling sheet\tglacipako; malvarmiga folio
01675	1970-01-01 00:00:00	0000	0000	le quai	n.\t\t승강장\tホーム; 岸壁 (hōmu; ganpeki)\tplate-forme de gare; bord aménagé d'un port\tplatform; quay\tstacidoma kajo; havenkajo
01676	1970-01-01 00:00:00	0000	0000	vidéos dossier	명사구·비공식\t\t망신 영상 (비공식 표현)\t恥ずかしい過去動画; 暴露動画 (hazukashii kako dōga; bakuro dōga)\tvidéos compromettantes utilisées comme dossier\tembarrassing or incriminating videos\tembarasantaj filmetoj
01677	1970-01-01 00:00:00	0000	0000	マスカラ	n.\tmasukara\t마스카라\t\tproduit cosmétique pour les cils\tmascara\tmaskarao
01678	1970-01-01 00:00:00	0000	0000	un écran	n.\t\t화면, 모니터\t画面; モニター (gamen; monitā)\tsurface d'affichage électronique\tscreen; monitor\tekrano; monitoro
01679	1970-01-01 00:00:00	0000	0000	活動量	n.\tkatsudōryō\t활동량\t\tquantité de mouvement ou d'activité physique\tactivity level; amount of activity\taktiveckvanto
01680	1970-01-01 00:00:00	0000	0000	チーク	n.\tchīku\t치크, 볼터치\t\tcosmétique appliqué sur les joues\tblush\tvangruĝigilo
01681	1970-01-01 00:00:00	0000	0000	ロイヤルストレートフラッシュ	n.\troiyaru sutorēto furasshu\t로열플러시\t\tmeilleure combinaison possible au poker\troyal flush\treĝa rekta koloro
01682	1970-01-01 00:00:00	0000	0000	中毒	n.\tchūdoku\t중독\t\tdépendance ou empoisonnement\taddiction; poisoning\tdependeco; veneniĝo
01683	1970-01-01 00:00:00	0000	0000	être enrhumé(e)	동사구\t\t감기에 걸리다\t風邪をひいている (kaze o hiite iru)\têtre atteint d'un rhume\tto have a cold\testi malvarmuminta
01684	1970-01-01 00:00:00	0000	0000	recommencer	v.\t\t다시 시작하다\tやり直す; 再開する (yarinaosu; saikai suru)\tcommencer de nouveau\tto start again\trekomenci
01685	1970-01-01 00:00:00	0000	0000	j'ai ramené	동사표현\t\t가져왔다 (복합과거)\t持って帰ってきた; 連れてきた (motte kaette kita; tsurete kita)\tj'ai rapporté ou ramené quelqu'un\tI brought back\tmi reportis
01686	1970-01-01 00:00:00	0000	0000	à part de	전치사구\t\t~을 제외하고\t～を除いて; ～以外に (o nozoite; igai ni)\tà l'exception de\tapart from; except for\tkrom; escepte de
01687	1970-01-01 00:00:00	0000	0000	完全に	adv.\tkanzen ni\t완전히\t\td'une manière totale\tcompletely\ttute
01688	1970-01-01 00:00:00	0000	0000	le désordre	n.\t\t어질러진 상태, 무질서\t散らかり; 無秩序 (chirakari; muchitsujo)\tétat où les choses ne sont pas rangées\tmess; disorder\tmalordo
01689	1970-01-01 00:00:00	0000	0000	le cinéphile / la cinéphile	n.\t\t영화광\t映画好き; 映画通 (eigazuki; eigatsū)\tpersonne passionnée de cinéma\tfilm buff; cinephile\tfilmamanto
01690	1970-01-01 00:00:00	0000	0000	頻繁	명사·な형용사·부사\thinpan\t빈번하다, 자주\t\tqui se produit souvent; fréquemment\tfrequent; frequently\tofta; ofte
01691	1970-01-01 00:00:00	0000	0000	想像力	n.\tsōzōryoku\t상상력\t\tfaculté de créer des images ou idées mentales\timagination\timagopovo
01692	1970-01-01 00:00:00	0000	0000	l'isolation	n.\t\t단열\t断熱; 孤立 (dannetsu; koritsu)\tprotection contre les échanges thermiques; séparation\tinsulation; isolation\tizolado
01693	1970-01-01 00:00:00	0000	0000	係員	n.\tkakariin\t직원\t\tpersonne chargée d'un service ou d'un poste\tstaff member; attendant\tdeĵoranto; oficisto
01694	1970-01-01 00:00:00	0000	0000	食欲	n.\tshokuyoku\t식욕\t\tdésir de manger\tappetite\tapetito
01695	1970-01-01 00:00:00	0000	0000	それはどうかな	표현\tsore wa dō kana\t그건 어떨까 (회의적)\t\tformule exprimant un doute sur une proposition\tI'm not so sure about that\tmi ne certas pri tio
01696	1970-01-01 00:00:00	0000	0000	transpirer	v.\t\t땀을 흘리다\t汗をかく (ase o kaku)\tproduire de la sueur\tto sweat\tŝviti
01697	1970-01-01 00:00:00	0000	0000	être à contre-courant	관용표현\t\t주류와 반대하다\t主流に逆らう (shuryū ni sakarau)\tagir à l'opposé de la tendance dominante\tto go against the current\tiri kontraŭ la fluo
01698	1970-01-01 00:00:00	0000	0000	ストリーミング	n.\tsutorīmingu\t스트리밍\t\tdiffusion continue de contenu sur internet\tstreaming\tdatumfluo; retsendado
01699	1970-01-01 00:00:00	0000	0000	のを	조사표현\tno o\t~것을 (명사화)\t\tnominalise une proposition et la marque comme objet\tnominalized clause plus object marker\tnomigita frazo kun objektmarkilo
01700	1970-01-01 00:00:00	0000	0000	la goutte d'eau	명사구\t\t빗방울, 물방울\t水滴; 雨粒 (suiteki; amatsubu)\tpetite quantité d'eau en forme de goutte\tdrop of water; raindrop\takvoguto; pluvguto
01701	1970-01-01 00:00:00	0000	0000	過払い	n.\tkabarai\t초과 지불\t\tpaiement supérieur au montant dû\toverpayment\ttropago
01702	1970-01-01 00:00:00	0000	0000	ambition	n.\t\t야망, 포부\t野心; 大志 (yashin; taishi)\tdésir fort de réussir ou d'accomplir\tambition; aspiration\tambicio
01703	1970-01-01 00:00:00	0000	0000	不運の持ち主	명사구\tfuun no mochinushi\t불운한 사람\t\tpersonne à qui la malchance arrive souvent\tunlucky person\tmalbonŝanca homo
01704	1970-01-01 00:00:00	0000	0000	conseiller de	동사구\t\t~하도록 조언하다\t～するよう勧める (suru yō susumeru)\tdonner le conseil de faire\tto advise to\tkonsili fari
01705	1970-01-01 00:00:00	0000	0000	le guichet	n.\t\t매표 창구\t窓口; 切符売り場 (madoguchi; kippu uriba)\tcomptoir où l'on obtient un service ou un billet\tcounter; ticket window\tgiĉeto
01706	1970-01-01 00:00:00	0000	0000	commencer l'année du bon pied	관용표현\t\t새해를 좋게 시작하다\t新年を順調に始める (shinnen o junchō ni hajimeru)\tcommencer la nouvelle année de manière positive\tto start the year off right\tbone komenci la jaron
01707	1970-01-01 00:00:00	0000	0000	結末	n.\tketsumatsu\t결말\t\tpartie finale et résultat d'une histoire\tending; conclusion\tfino; konkludo
01708	1970-01-01 00:00:00	0000	0000	太陽	n.\ttaiyō\t태양\t\tétoile au centre du système solaire\tsun\tsuno
01709	1970-01-01 00:00:00	0000	0000	les ingrédients	n.\t\t재료들\t材料; 食材 (zairyō; shokuzai)\téléments utilisés pour préparer un plat\tingredients\tingrediencoj
01710	1970-01-01 00:00:00	0000	0000	そろそろ	adv.\tsorosoro\t슬슬, 이제 곧\t\tbientôt; il est presque temps de\tsoon; about time\tbaldaŭ
01711	1970-01-01 00:00:00	0000	0000	piratage	n.\t\t해킹\tハッキング; 海賊行為 (hakkingu; kaizoku kōi)\taccès informatique illégal; copie illicite\thacking; piracy\tkodrompado; piratado
01712	1970-01-01 00:00:00	0000	0000	協力的	な형용사\tkyōryokuteki\tcooperative\t\tdisposé à travailler avec les autres\tcooperative\tkunlaborema
01713	1970-01-01 00:00:00	0000	0000	凍る	v.\tkōru\t얼다\t\tdevenir solide sous l'effet du froid\tto freeze\tfrostiĝi
01714	1970-01-01 00:00:00	0000	0000	à l'autre bout du monde	부사구\t\t지구 반대편에\t世界の反対側に (sekai no hantaigawa ni)\tdans une région extrêmement éloignée\ton the other side of the world\tĉe la alia flanko de la mondo
01715	1970-01-01 00:00:00	0000	0000	une boisson chaude	명사구\t\t뜨거운 음료\t温かい飲み物 (atatakai nomimono)\tboisson servie chaude\thot drink\tvarma trinkaĵo
01716	1970-01-01 00:00:00	0000	0000	dont je t'ai parlé	관계절\t\t내가 너에게 말했던 그\t私が君に話した (watashi ga kimi ni hanashita)\tque j'ai mentionné dans une conversation précédente\tthat I told you about\tpri kiu mi rakontis al vi
01717	1970-01-01 00:00:00	0000	0000	léger / légère	형용사\t\t가벼운\t軽い (karui)\tde faible poids ou d'intensité modérée\tlight; mild\tmalpeza; milda
01718	1970-01-01 00:00:00	0000	0000	偏見	n.\thenken\t편견\t\tjugement formé sans connaissance suffisante\tprejudice; bias\tantaŭjuĝo
01719	1970-01-01 00:00:00	0000	0000	le fisc	n.\t\t국세청\t国税当局; 税務署 (kokuzei tōkyoku; zeimusho)\tadministration chargée de percevoir les impôts\ttax authorities\timpostadministracio
01720	1970-01-01 00:00:00	0000	0000	ranger	v.\t\t정리하다, 치우다\t片付ける; 整理する (katazukeru; seiri suru)\tmettre en ordre et remettre à sa place\tto tidy; put away\tordigi; formeti
01721	1970-01-01 00:00:00	0000	0000	それでも	접속사\tsore demo\t그래도, 그럼에도 불구하고\t\tmalgré cela\tnevertheless; even so\ttamen
01722	1970-01-01 00:00:00	0000	0000	試供品	n.\tshikyōhin\t무료샘플, 시제품\t\tpetite quantité gratuite destinée à l'essai\tfree sample; trial product\tsenpaga specimeno
01723	1970-01-01 00:00:00	0000	0000	paillettes	n.\t\t반짝이, 스팽글\tラメ; スパンコール (rame; supankōru)\tpetits éléments brillants décoratifs\tglitter; sequins\tbriletoj; zekinoj
01724	1970-01-01 00:00:00	0000	0000	convaincre	v.\t\t설득하다\t説得する (settoku suru)\tamener quelqu'un à accepter une idée\tto convince\tkonvinki
01725	1970-01-01 00:00:00	0000	0000	l'addiction au shopping	명사구\t\t쇼핑 중독\t買い物依存症 (kaimono izonshō)\tdépendance compulsive aux achats\tshopping addiction\taĉetdependeco
01726	1970-01-01 00:00:00	0000	0000	何がなんだか	관용표현\tnani ga nandaka\t무슨 일인지\t\tne plus comprendre ce qui se passe\tnot know what is going on\tne kompreni kio okazas
01727	1970-01-01 00:00:00	0000	0000	レイトショー	n.\treito shō\t심야 상영\t\tprojection de cinéma tard dans la soirée\tlate-night screening\tmalfrua kinoseanco
01728	1970-01-01 00:00:00	0000	0000	商店街	n.\tshōtengai\t상점가\t\true ou zone regroupant de nombreux magasins\tshopping street; commercial district\tbutikstrato
01729	1970-01-01 00:00:00	0000	0000	limiter le temps d'écran	동사구\t\t화면시간제한하다\t画面時間を制限する (gamen jikan o seigen suru)\tfixer une durée maximale d'utilisation des écrans\tto limit screen time\tlimigi ekrantempon
01730	1970-01-01 00:00:00	0000	0000	成し遂げる	v.\tnashitogeru\t이루다, 달성하다\t\taccomplir jusqu'au bout un objectif difficile\tto accomplish; achieve\tplenumi; atingi
01731	1970-01-01 00:00:00	0000	0000	薪	n.\tmaki\t장작\t\tmorceaux de bois destinés au feu\tfirewood\tbrulligno
01732	1970-01-01 00:00:00	0000	0000	super apaisant	형용사구\t\t매우 차분하게 하는\tとても心を落ち着かせる (totemo kokoro o ochitsukaseru)\tqui calme énormément\tvery soothing\ttre trankviliga
01733	1970-01-01 00:00:00	0000	0000	prendre une pause numérique	동사구\t\t디지털 휴식 취하다\tデジタル機器から休憩を取る (dejitaru kiki kara kyūkei o toru)\tcesser temporairement d'utiliser les appareils numériques\tto take a digital break\tfari ciferecan paŭzon
01734	1970-01-01 00:00:00	0000	0000	反対意見	n.\thantai iken\t반대 의견\t\tavis opposé à une proposition\topposing opinion\tkontraŭa opinio
01735	1970-01-01 00:00:00	0000	0000	faner	v.\t\t시들다\tしおれる; 枯れる (shioreru; kareru)\tperdre sa fraîcheur, pour une plante ou une fleur\tto wilt; fade\tvelki
01736	1970-01-01 00:00:00	0000	0000	passage piéton / passage clouté	명사구\t\t횡단보도\t横断歩道 (ōdan hodō)\tpartie marquée de la route pour traverser à pied\tpedestrian crossing; crosswalk\tpiedira transirejo
01737	1970-01-01 00:00:00	0000	0000	effrayant(e)	형용사\t\t무서운\t怖い; 恐ろしい (kowai; osoroshii)\tqui provoque la peur\tfrightening\ttimiga
01738	1970-01-01 00:00:00	0000	0000	ne plus en pouvoir (J'en peux plus)	관용표현\t\t더 이상 감당할 수 없다, 힘들어 죽겠다.\tもう耐えられない (mō taerarenai)\tje ne peux plus supporter la situation\tI can't take it anymore\tmi ne plu povas elteni
01739	1970-01-01 00:00:00	0000	0000	音楽付き	연체표현\tongaku-tsuki\t음악이 있는, 음악 포함\t\taccompagné de musique\twith music; music included\tkun muziko
01740	1970-01-01 00:00:00	0000	0000	offrir	v.\t\t선물하다\t贈る; 提供する (okuru; teikyō suru)\tdonner comme cadeau; proposer\tto give as a gift; offer\tdonaci; proponi
01741	1970-01-01 00:00:00	0000	0000	vendeur / vendeuse	n.\t\t판매원\t販売員; 売り手 (hanbaiin; urite)\tpersonne qui vend des produits\tsalesperson; seller\tvendisto; vendistino
01742	1970-01-01 00:00:00	0000	0000	accro	형용사·명사\t\t중독된\t中毒の; 夢中の (chūdoku no; muchū no)\tdépendant de quelque chose; passionné\taddicted; hooked\tdependa; alkroĉita
01743	1970-01-01 00:00:00	0000	0000	les feux (le feu)	n.\t\t신호등, 불\t信号; 火; 明かり (shingō; hi; akari)\tfeux de circulation; flammes ou lumières\ttraffic lights; fires; lights\tsemaforoj; fajroj; lumoj
01744	1970-01-01 00:00:00	0000	0000	des frites	n.\t\t감자튀김\tフライドポテト (furaido poteto)\tpommes de terre coupées et frites\tFrench fries\tfrititaj terpomoj
01745	1970-01-01 00:00:00	0000	0000	交通系ICカード	n.\tkōtsūkei IC kādo\t교통 IC 카드\t\tcarte IC de transport\ttransit IC card\ttransporta IC-karto
01746	1970-01-01 00:00:00	0000	0000	パーティー	n.\tpātī\t파티\t\tfête; soirée\tparty\tfesto
01747	1970-01-01 00:00:00	0000	0000	残念	명사·な형용사\tzannen\t유감; 안타까움; 아쉬운\t\tregrettable; dommage\tregrettable; disappointing\tbedaŭrinda
01748	1970-01-01 00:00:00	0000	0000	la mozzarella	n.\t\t모차렐라 치즈\tモッツァレラチーズ (mottsarera chīzu)\tfromage italien à pâte filée\tmozzarella cheese\tmozarelo
01749	1970-01-01 00:00:00	0000	0000	俺	대명사\tore\t나; 남성의 비격식 1인칭\t\tmoi; je masculin familier\tI; me, informal masculine\tmi, vira familiara formo
01750	1970-01-01 00:00:00	0000	0000	薄い／厚い生地	명사구\tusui / atsui kiji\t얇은／두꺼운 도우 또는 반죽\t\tpâte fine / épaisse\tthin / thick dough\tmaldika / dika pasto
01751	1970-01-01 00:00:00	0000	0000	retourner	v.\t\t뒤집다; 돌아가다; 되돌려 보내다\t裏返す; 戻る; 返す (uragaesu; modoru; kaesu)\tmettre de l'autre côté; revenir\tto turn over; return\treturni; renversi
01752	1970-01-01 00:00:00	0000	0000	perdre sa chemise	관용표현\t\t전 재산을 잃다\t全財産を失う (zenzaisan o ushinau)\tperdre tout son argent\tto lose one's shirt\tperdi sian tutan monon
01753	1970-01-01 00:00:00	0000	0000	un coup de barre	명사구·구어\t\t갑작스러운 심한 피로감\t急な強い疲労感 (kyū na tsuyoi hirōkan)\tfatigue soudaine et intense\tsudden wave of fatigue\tsubita forta laceco
01754	1970-01-01 00:00:00	0000	0000	l'intérieur	n.\t\t실내; 안쪽; 내부\t室内; 内側; 内部 (shitsunai; uchigawa; naibu)\tpartie interne; dedans\tinterior; inside\tinterno
01755	1970-01-01 00:00:00	0000	0000	on dormait	동사표현\t\t우리는 자고 있었다\t私たちは寝ていた (watashitachi wa nete ita)\tnous étions en train de dormir\twe were sleeping\tni dormis
01756	1970-01-01 00:00:00	0000	0000	la friteuse	n.\t\t튀김기\tフライヤー; 揚げ物器 (furaiyā; agemono-ki)\tappareil pour faire frire\tdeep fryer\tfritilo
01757	1970-01-01 00:00:00	0000	0000	疲れる	v.\ttsukareru\t피곤해지다; 지치다\t\tse fatiguer; être fatigué\tto get tired\tlaciĝi
01758	1970-01-01 00:00:00	0000	0000	j'ai l'impression que	표현\t\t~라는 느낌이 든다\t〜という気がする (to iu ki ga suru)\til me semble que\tI feel that; it seems to me\tmi havas la impreson ke
01759	1970-01-01 00:00:00	0000	0000	avoir froid aux mains	동사구\t\t손이 차갑다\t手が冷たい; 手が冷える (te ga tsumetai; te ga hieru)\tavoir les mains froides\tto have cold hands\thavi malvarmajn manojn
01760	1970-01-01 00:00:00	0000	0000	démarchage	n.\t\t영업 활동; 방문 판매; 전화 권유\t営業活動; 訪問販売; 勧誘電話 (eigyō katsudō; hōmon hanbai; kan'yū denwa)\tprospection commerciale\tsales canvassing\tkomerca varbado
01761	1970-01-01 00:00:00	0000	0000	ブックメーカー	n.\tbukkumēkā\t북메이커; 도박 배당업자\t\tbookmaker; opérateur de paris\tbookmaker\tvetperanto
01762	1970-01-01 00:00:00	0000	0000	le genre	n.\t\t장르; 종류; 취향; 성\tジャンル; 種類; 好み; 性 (janru; shurui; konomi; sei)\tcatégorie; style; type\tgenre; type\tĝenro; speco
01763	1970-01-01 00:00:00	0000	0000	食いっぱぐれる	v.\tkuippagureru\t먹을 기회를 놓치다; 생계가 막히다\t\trater son repas; perdre son gagne-pain\tto miss a meal; lose one's livelihood\tmaltrafi manĝon; perdi vivrimedon
01764	1970-01-01 00:00:00	0000	0000	通り過ぎる	v.\ttōrisugiru\t지나가다; 지나쳐 가다\t\tpasser devant; dépasser\tto pass by\tpreterpasi
01765	1970-01-01 00:00:00	0000	0000	くるまる	v.\tkurumaru\t둘러싸이다; 몸을 감싸다\t\ts'envelopper; être enveloppé\tto wrap oneself; be wrapped\tenvolviĝi
01766	1970-01-01 00:00:00	0000	0000	forcer à	동사구\t\t~하도록 강요하다\t〜するよう強いる (suru yō shiiru)\tobliger quelqu'un à faire\tto force to\tdevigi fari
01767	1970-01-01 00:00:00	0000	0000	la cheminée	n.\t\t벽난로; 굴뚝\t暖炉; 煙突 (danro; entotsu)\tfoyer ou conduit de fumée\tfireplace; chimney\tkameno; fumtubo
01768	1970-01-01 00:00:00	0000	0000	retenir	v.\t\t기억하다; 붙잡다; 보유하다; 예약하다\t覚える; 引き止める; 保持する; 予約する (oboeru; hikitomeru; hoji suru; yoyaku suru)\tgarder; mémoriser; réserver\tto retain; remember; reserve\treteni; memori; rezervi
01769	1970-01-01 00:00:00	0000	0000	en prendre de la graine	관용표현\t\t본받다; 교훈을 얻다\t見習う; 教訓を得る (minarau; kyōkun o eru)\tprendre exemple sur quelque chose\tto learn from it; take a lesson\tpreni ekzemplon
01770	1970-01-01 00:00:00	0000	0000	出す	v.\tdasu\t내다; 꺼내다; 제출하다; 보내다\t\tsortir; remettre; envoyer\tto take out; submit; send\telmeti; prezenti; sendi
01771	1970-01-01 00:00:00	0000	0000	評判	n.\thyōban\t평판; 소문; 인기\t\tréputation; rumeur\treputation; rumor\treputacio; onidiro
01772	1970-01-01 00:00:00	0000	0000	程度	n.\tteido\t정도; 수준; 약 ~만큼\t\tdegré; niveau; environ\tdegree; extent\tgrado; nivelo
01773	1970-01-01 00:00:00	0000	0000	les œuvres	n.\t\t작품들; 저작물들\t作品; 著作 (sakuhin; chosaku)\tcréations artistiques ou intellectuelles\tworks; artworks\tverkoj
01774	1970-01-01 00:00:00	0000	0000	観る	v.\tmiru\t관람하다; 감상하다\t\tregarder; assister à\tto watch; view\tspekti
01775	1970-01-01 00:00:00	0000	0000	me sortir du lit	동사구\t\t나를 침대에서 나오게 하다\t私をベッドから出す (watashi o beddo kara dasu)\tme faire quitter le lit\tto get me out of bed\teligi min el la lito
01776	1970-01-01 00:00:00	0000	0000	poêle	n.\t\t프라이팬; 난로\tフライパン; ストーブ (furaipan; sutōbu)\tustensile de cuisson; appareil de chauffage\tfrying pan; stove\tpato; forno
01777	1970-01-01 00:00:00	0000	0000	ジョギング	명사·동사\tjogingu\t조깅\t\tjogging\tjogging\ttrotkurado
01778	1970-01-01 00:00:00	0000	0000	好きな曲	명사구\tsuki na kyoku\t좋아하는 노래 또는 곡\t\tchanson ou morceau préféré\tfavorite song or piece\tŝatata kanto aŭ peco
01779	1970-01-01 00:00:00	0000	0000	la prévente	n.\t\t선예매; 사전 판매\t先行販売; 先行予約 (senkō hanbai; senkō yoyaku)\tvente avant l'ouverture générale\tpresale\tantaŭvendo
01780	1970-01-01 00:00:00	0000	0000	un carnet	n.\t\t수첩; 공책; 소책자\t手帳; ノート; 冊子 (techō; nōto; sasshi)\tpetit cahier ou livret\tnotebook; booklet\tkajereto
01781	1970-01-01 00:00:00	0000	0000	le problème	n.\t\t문제\t問題 (mondai)\tdifficulté à résoudre\tproblem\tproblemo
01782	1970-01-01 00:00:00	0000	0000	le sommeil	n.\t\t수면; 잠\t睡眠; 眠り (suimin; nemuri)\tétat de repos pendant lequel on dort\tsleep\tdormo
01783	1970-01-01 00:00:00	0000	0000	C'est clair que	표현\t\t~인 것이 분명하다\t〜であることは明らかだ (de aru koto wa akiraka da)\til est évident que\tit is clear that\testas klare ke
01784	1970-01-01 00:00:00	0000	0000	王冠	n.\tōkan\t왕관\t\tcouronne royale\tcrown\tkrono
01785	1970-01-01 00:00:00	0000	0000	花を咲かせる	동사구\thana o sakaseru\t꽃을 피우다; 화제를 꽃피우다\t\tfaire fleurir; animer une conversation\tto make bloom; enliven\tflorigi; vigligi
01786	1970-01-01 00:00:00	0000	0000	conseiller d'orientation	n.\t\t진로 상담사\t進路指導員; キャリアカウンセラー (shinro shidōin; kyaria kaunserā)\tprofessionnel qui aide à choisir une orientation\tguidance counselor\tkarierkonsilisto
01787	1970-01-01 00:00:00	0000	0000	sauvages	형용사\t\t야생의; 거친; 난폭한\t野生の; 荒々しい; 乱暴な (yasei no; araarashii; ranbō na)\tnon domestiqués; violents\twild; savage\tsovaĝaj
01788	1970-01-01 00:00:00	0000	0000	やっぱり	adv.\tyappari\t역시; 예상대로; 결국\t\tcomme prévu; après tout\tas expected; after all\tkiel atendite; finfine
01789	1970-01-01 00:00:00	0000	0000	雪	n.\tyuki\t눈\t\tneige\tsnow\tneĝo
01790	1970-01-01 00:00:00	0000	0000	てて	축약문법\ttete\t~하고 있어서; ていて의 구어 축약\t\tforme orale contractée de ていて\tcolloquial contraction of te ite\tparola mallongigo de te ite
01791	1970-01-01 00:00:00	0000	0000	面倒くさい	い형용사\tmendōkusai\t귀찮다; 번거롭다\t\tennuyeux; pénible\tbothersome; tedious\tĝena; teda
01792	1970-01-01 00:00:00	0000	0000	le sommelier / la sommelière	n.\t\t소믈리에; 와인 전문가\tソムリエ; ワイン専門家 (somurie; wain senmonka)\tspécialiste du vin en restauration\tsommelier\tvinservisto
01793	1970-01-01 00:00:00	0000	0000	勝負事	n.\tshōbugoto\t승부; 내기; 경쟁이 걸린 일\t\tjeu de compétition; pari\tcompetitive game; wager\tkonkursa ludo; veto
01794	1970-01-01 00:00:00	0000	0000	セッション	n.\tsesshon\t세션; 회기; 운동 시간\t\tsession; séance\tsession\tseanco
01795	1970-01-01 00:00:00	0000	0000	glisser	v.\t\t미끄러지다; 밀어 넣다; 스케이트를 타다\t滑る; 差し込む; スケートする (suberu; sashikomu; sukēto suru)\tse déplacer en glissant\tto slip; slide\tgliti
01796	1970-01-01 00:00:00	0000	0000	ホーム	n.\thōmu\t승강장; 플랫폼; 홈\t\tquai; plateforme; accueil\tplatform; home\tkajplatformo; hejmo
01797	1970-01-01 00:00:00	0000	0000	un placard	n.\t\t벽장; 찬장\t戸棚; 押し入れ (todana; oshiire)\tmeuble ou espace de rangement fermé\tcupboard; closet\tŝranko
01798	1970-01-01 00:00:00	0000	0000	オリジナル	명사·な형용사\torijinaru\t원본; 독창적인 것\t\toriginal; création propre\toriginal\toriginalo
01799	1970-01-01 00:00:00	0000	0000	差し引いていた	동사표현\tsashi hiite ita\t차감하고 있었다\t\tétait en train de déduire\twas deducting\testis deprenanta
01800	1970-01-01 00:00:00	0000	0000	la séance	n.\t\t회차; 세션; 수업; 상영\t回; セッション; 授業; 上映 (kai; sesshon; jugyō; jōei)\tpériode consacrée à une activité\tsession; sitting\tseanco
01801	1970-01-01 00:00:00	0000	0000	指定席	n.\tshiteiseki\t지정석\t\tplace réservée; siège numéroté\treserved seat\trezervita sidloko
01802	1970-01-01 00:00:00	0000	0000	警告する	v.\tkeikoku suru\t경고하다\t\tavertir; mettre en garde\tto warn\taverti
01803	1970-01-01 00:00:00	0000	0000	ça vaut le coup	관용표현\t\t해볼 만한 가치가 있다\tやる価値がある (yaru kachi ga aru)\tcela mérite l'effort ou le prix\tit is worth it\ttio valoras
01804	1970-01-01 00:00:00	0000	0000	le panier à linge	명사구\t\t빨래 바구니\t洗濯かご (sentaku kago)\tpanier destiné au linge\tlaundry basket\tlavotkorbo
01805	1970-01-01 00:00:00	0000	0000	enfiler	v.\t\t입다; 신다; 꿰다\t着る; 履く; 糸を通す (kiru; haku; ito o tōsu)\tmettre rapidement un vêtement; passer un fil\tto put on; thread\tsurmeti; enfadenigi
01806	1970-01-01 00:00:00	0000	0000	le personnage	n.\t\t등장인물; 인물; 캐릭터\t登場人物; 人物; キャラクター (tōjō jinbutsu; jinbutsu; kyarakutā)\têtre fictif ou personne remarquable\tcharacter; personage\trolulo
01807	1970-01-01 00:00:00	0000	0000	avoir le nez qui coule	동사구\t\t콧물이 나다\t鼻水が出る (hanamizu ga deru)\tavoir un écoulement nasal\tto have a runny nose\thavi fluantan nazon
01808	1970-01-01 00:00:00	0000	0000	se dépêcher	v.\t\t서두르다\t急ぐ (isogu)\tagir rapidement\tto hurry\trapidi
01809	1970-01-01 00:00:00	0000	0000	une amende forfaitaire	명사구\t\t정액 벌금\t定額罰金 (teigaku bakkin)\tamende d'un montant fixé\tfixed fine\tfiksa monpuno
01810	1970-01-01 00:00:00	0000	0000	ぜひ	adv.\tzehi\t꼭; 반드시; 부디\t\tabsolument; certainement\tby all means; definitely\tnepre
01811	1970-01-01 00:00:00	0000	0000	on voit bien que	표현\t\t~인 것이 분명히 보인다\t〜なのがよく分かる (na no ga yoku wakaru)\til est évident que\tone can clearly see that\toni klare vidas ke
01812	1970-01-01 00:00:00	0000	0000	迷信	n.\tmeishin\t미신\t\tsuperstition\tsuperstition\tsuperstiĉo
01813	1970-01-01 00:00:00	0000	0000	デトックス	n.\tdetokkusu\t디톡스; 해독\t\tdétox; détoxification\tdetox\tsenvenenigo
01814	1970-01-01 00:00:00	0000	0000	思う	v.\tomou\t생각하다; 느끼다; 여기다\t\tpenser; croire; ressentir\tto think; feel\tpensi; senti
01815	1970-01-01 00:00:00	0000	0000	occasion	n.\t\t기회; 중고품; 특가 상품\t機会; 中古品; お買い得品 (kikai; chūkohin; okaidokuhin)\topportunité; objet d'occasion\topportunity; second-hand item\tokazo; brokantaĵo
01816	1970-01-01 00:00:00	0000	0000	温まる	v.\tatatamaru\t따뜻해지다; 몸이 녹다\t\tse réchauffer\tto warm up\tvarmiĝi
01817	1970-01-01 00:00:00	0000	0000	フォールドする	v.\tfōrudo suru\t폴드하다; 카드를 포기하다; 접다\t\tse coucher au poker; plier\tto fold\tfaldi; rezigni en pokero
01818	1970-01-01 00:00:00	0000	0000	de plus en plus tôt	부사구\t\t점점 더 일찍\tますます早く (masumasu hayaku)\ttoujours plus tôt\tearlier and earlier\tĉiam pli frue
01819	1970-01-01 00:00:00	0000	0000	忘れられる	v.\twasurerareru\t잊혀지다; 잊을 수 있다\t\têtre oublié; pouvoir oublier\tto be forgotten; can forget\testi forgesita; povi forgesi
01820	1970-01-01 00:00:00	0000	0000	引き込まれる	v.\thikikomareru\t끌려들다; 빠져들다; 몰입하다\t\têtre entraîné; être absorbé\tto be drawn in\testi ensorbita
01821	1970-01-01 00:00:00	0000	0000	être calé	형용사표현·구어\t\t배부르다; 해박하다\t満腹だ; 詳しい (manpuku da; kuwashii)\têtre rassasié; être très compétent\tto be full; knowledgeable\testi sata; sperta
01822	1970-01-01 00:00:00	0000	0000	断れない	동사표현\tkotowarenai\t거절할 수 없다\t\tne pas pouvoir refuser\tcannot refuse\tne povi rifuzi
01823	1970-01-01 00:00:00	0000	0000	口紅	n.\tkuchibeni\t립스틱; 입술연지\t\trouge à lèvres\tlipstick\tlipruĝo
01824	1970-01-01 00:00:00	0000	0000	3つ	수사\tmittsu\t세 개\t\ttrois objets\tthree things\ttri aĵoj
01825	1970-01-01 00:00:00	0000	0000	les sous	명사·구어\t\t돈\tお金; 小銭 (okane; kozeni)\targent, monnaie\tmoney; cash\tmono
01826	1970-01-01 00:00:00	0000	0000	la dépendance	n.\t\t의존; 중독; 종속\t依存; 依存症; 従属 (izon; izonshō; jūzoku)\tétat de dépendre; addiction\tdependence; addiction\tdependeco
01827	1970-01-01 00:00:00	0000	0000	着信拒否	n.\tchakushin kyohi\t수신 거부; 전화 차단\t\trejet d'appel; blocage des appels\tcall blocking\tvokblokado
01828	1970-01-01 00:00:00	0000	0000	un croissant	n.\t\t크루아상; 초승달\tクロワッサン; 三日月 (kurowassan; mikazuki)\tviennoiserie en forme de lune\tcroissant; crescent\tkroaso; lunarko
01829	1970-01-01 00:00:00	0000	0000	un AirFryer	n.\t\t에어프라이어\tエアフライヤー (ea furaiyā)\tfriteuse à air chaud\tair fryer\tvarmaera fritilo
01830	1970-01-01 00:00:00	0000	0000	やり遂げる	v.\tyaritogeru\t끝까지 해내다; 완수하다\t\tmener à bien; accomplir\tto carry through\tplenumi
01831	1970-01-01 00:00:00	0000	0000	骸骨	n.\tgaikotsu\t해골; 골격\t\tsquelette; crâne\tskeleton; skull\tskeleto; kranio
01832	1970-01-01 00:00:00	0000	0000	mascara	n.\t\t마스카라\tマスカラ (masukara)\tproduit maquillant les cils\tmascara\tmaskaro
01833	1970-01-01 00:00:00	0000	0000	le caractère	n.\t\t성격; 개성; 문자; 특징\t性格; 個性; 文字; 特徴 (seikaku; kosei; moji; tokuchō)\tpersonnalité; signe écrit; particularité\tcharacter; personality\tkaraktero
01834	1970-01-01 00:00:00	0000	0000	faire les magasins	관용표현\t\t쇼핑하다; 여러 가게를 둘러보다\t買い物をする; 店を見て回る (kaimono o suru; mise o mite mawaru)\taller de magasin en magasin pour acheter\tto go shopping\tbutikumi
01835	1970-01-01 00:00:00	0000	0000	série	n.\t\t시리즈; 연속물; 드라마\tシリーズ; 連続物; ドラマ (shirīzu; renzokumono; dorama)\tsuite d'œuvres ou d'épisodes\tseries\tserio
01836	1970-01-01 00:00:00	0000	0000	traîner par terre	동사구\t\t바닥에 널려 있다; 끌리다\t床に散らばる; 地面を引きずる (yuka ni chirabaru; jimen o hikizuru)\trester ou être éparpillé au sol\tto lie around on the floor\tkuŝi dise sur la planko
01837	1970-01-01 00:00:00	0000	0000	冬	n.\tfuyu\t겨울\t\thiver\twinter\tvintro
01838	1970-01-01 00:00:00	0000	0000	ところ	명사·형식명사\ttokoro\t장소; 부분; 순간; 모습\t\tendroit; point; moment; aspect\tplace; point; moment\tloko; punkto; momento
01839	1970-01-01 00:00:00	0000	0000	la salle obscure	명사구·문학적\t\t영화관\t映画館 (eigakan)\tsalle de cinéma, expression littéraire\tmovie theater\tkinejo
01840	1970-01-01 00:00:00	0000	0000	目が覚める	동사구\tme ga sameru\t잠에서 깨다; 정신이 들다\t\tse réveiller; reprendre ses esprits\tto wake up\tvekiĝi
01841	1970-01-01 00:00:00	0000	0000	une arachnophobie	n.\t\t거미 공포증\tクモ恐怖症 (kumo kyōfushō)\tpeur pathologique des araignées\tarachnophobia\taraneofobio
01842	1970-01-01 00:00:00	0000	0000	un scandale	n.\t\t스캔들; 추문; 물의\tスキャンダル; 醜聞 (sukyandaru; shūbun)\taffaire choquante rendue publique\tscandal\tskandalo
01843	1970-01-01 00:00:00	0000	0000	se connecter à	동사구\t\t~에 접속하다; 로그인하다\t〜に接続する; ログインする (ni setsuzoku suru; roguin suru)\tétablir une connexion avec\tto connect to\tkonektiĝi al
01844	1970-01-01 00:00:00	0000	0000	ソファ	n.\tsofa\t소파\t\tcanapé; sofa\tsofa\tsofo
01845	1970-01-01 00:00:00	0000	0000	corvée	n.\t\t귀찮고 의무적인 잡일\t面倒で義務的な雑用 (mendō de gimuteki na zatsuyō)\ttâche pénible imposée\tchore\tpeza tasko
01846	1970-01-01 00:00:00	0000	0000	震える	v.\tfurueru\t떨다; 흔들리다\t\ttrembler; frissonner\tto tremble; shiver\ttremi
01847	1970-01-01 00:00:00	0000	0000	焼き上がり	n.\tyakiagari\t구워진 상태; 완성된 굽기\t\trésultat de cuisson; état après cuisson\tfinished bake; baked result\tbakita rezulto
01848	1970-01-01 00:00:00	0000	0000	風邪気味	명사·접미표현\tkazegimi\t감기 기운\t\tléger rhume; sensation de couver un rhume\tslight cold\tmalforta malvarmumo
01849	1970-01-01 00:00:00	0000	0000	セールス	n.\tsērusu\t영업; 판매\t\tvente; activité commerciale\tsales\tvendado
01850	1970-01-01 00:00:00	0000	0000	魂	n.\ttamashii\t영혼; 혼\t\tâme; esprit\tsoul\tanimo
01851	1970-01-01 00:00:00	0000	0000	見つめる	v.\tmitsumeru\t응시하다; 지켜보다\t\tfixer du regard; contempler\tto stare at; gaze\tfikse rigardi
01852	1970-01-01 00:00:00	0000	0000	conseiller financier	n.\t\t재무 상담사\tファイナンシャルアドバイザー; 財務相談員 (fainansharu adobaizā; zaimu sōdan'in)\tspécialiste qui conseille sur les finances\tfinancial adviser\tfinanca konsilisto
01853	1970-01-01 00:00:00	0000	0000	la fête costumée	명사구\t\t가장 파티; 코스튬 파티\t仮装パーティー (kasō pātī)\tfête où les participants sont déguisés\tcostume party\tkostumfesto
01854	1970-01-01 00:00:00	0000	0000	なつく／なつかない	동사표현\tnatsuku / natsukanai\t사람을 따르다／따르지 않다\t\ts'attacher à quelqu'un / ne pas s'attacher\tto become attached / not attached\talkroĉiĝi / ne alkroĉiĝi
01855	1970-01-01 00:00:00	0000	0000	夢を見る	동사구\tyume o miru\t꿈을 꾸다\t\trêver\tto dream\tsonĝi
01856	1970-01-01 00:00:00	0000	0000	口座	n.\tkōza\t계좌\t\tcompte bancaire\tbank account\tbankkonto
01857	1970-01-01 00:00:00	0000	0000	tenir ses promesses	동사구\t\t약속을 지키다\t約束を守る (yakusoku o mamoru)\trespecter ce qu'on a promis\tto keep one's promises\tplenumi promesojn
01858	1970-01-01 00:00:00	0000	0000	暗号化	명사·동사\tangōka\t암호화\t\tchiffrement; cryptage\tencryption\tĉifrado
01859	1970-01-01 00:00:00	0000	0000	控除	명사·동사\tkōjo\t공제; 차감\t\tdéduction; abattement\tdeduction\tdepreno
01860	1970-01-01 00:00:00	0000	0000	ビデオゲーム	n.\tbideo gēmu\t비디오 게임\t\tjeu vidéo\tvideo game\tvideoludo
01861	1970-01-01 00:00:00	0000	0000	ハンド	n.\thando\t손; 패; 핸드볼 반칙\t\tmain; main de cartes; faute de main\thand; card hand\tmano; kartaro
01862	1970-01-01 00:00:00	0000	0000	磨く	v.\tmigaku\t닦다; 광내다; 연마하다\t\tpolir; brosser; perfectionner\tto polish; brush; hone\tpoluri; brosi
01863	1970-01-01 00:00:00	0000	0000	un chocolat chaud	명사구\t\t핫초콜릿\tホットチョコレート (hotto chokorēto)\tboisson chaude au chocolat\thot chocolate\tvarma ĉokolado
01864	1970-01-01 00:00:00	0000	0000	procrastination	n.\t\t미루기; 지연 습관\t先延ばし; ぐずぐずする癖 (sakinobashi; guzuguzu suru kuse)\ttendance à remettre au lendemain\tprocrastination\tprokrastado
01865	1970-01-01 00:00:00	0000	0000	le détergent	n.\t\t세제\t洗剤 (senzai)\tproduit servant à nettoyer\tdetergent\tlesivo
01866	1970-01-01 00:00:00	0000	0000	essayage	n.\t\t입어보기; 시착\t試着 (shichaku)\taction d'essayer un vêtement\tfitting; trying on\tprovado de vestaĵo
01867	1970-01-01 00:00:00	0000	0000	une infusion	n.\t\t허브차; 우린 차\tハーブティー; 煎じ茶 (hābu tī; senjicha)\tboisson obtenue en faisant infuser des plantes\therbal infusion\therba infuzaĵo
01868	1970-01-01 00:00:00	0000	0000	勲章	n.\tkunshō\t훈장; 메달\t\tdécoration; médaille\tmedal; decoration\tmedalo
01869	1970-01-01 00:00:00	0000	0000	一緒に	adv.\tissho ni\t함께\t\tensemble\ttogether\tkune
01870	1970-01-01 00:00:00	0000	0000	流行歌	n.\tryūkōka\t유행가; 인기 노래\t\tchanson populaire\tpopular song\tpopulara kanto
01871	1970-01-01 00:00:00	0000	0000	ティッシュペーパー	n.\ttisshu pēpā\t티슈 페이퍼; 화장지\t\tmouchoir en papier\ttissue paper\tpapera naztuko
01872	1970-01-01 00:00:00	0000	0000	une anecdote	n.\t\t일화; 에피소드\t逸話; エピソード (itsuwa; episōdo)\tpetit récit d'un fait particulier\tanecdote\tanekdoto
01873	1970-01-01 00:00:00	0000	0000	le manque de concentration	명사구\t\t집중력 부족\t集中力不足 (shūchūryoku busoku)\tabsence ou faiblesse de concentration\tlack of concentration\tmanko de koncentriĝo
01874	1970-01-01 00:00:00	0000	0000	認めざるを得ない	문법표현\tmitomezaru o enai\t인정하지 않을 수 없다; 인정할 수밖에 없다\t\têtre obligé de reconnaître\thave to admit\tdevi agnoski
01875	1970-01-01 00:00:00	0000	0000	すぐまた	부사구\tsugu mata\t곧 다시\t\tbientôt de nouveau\tagain soon\tbaldaŭ denove
01876	1970-01-01 00:00:00	0000	0000	アプリを削除する	동사구\tapuri o sakujo suru\t앱을 삭제하다\t\tsupprimer une application\tto delete an app\tforigi aplikaĵon
01877	1970-01-01 00:00:00	0000	0000	失望	명사·동사\tshitsubō\t실망\t\tdéception; désespoir\tdisappointment\tseniluziiĝo
01878	1970-01-01 00:00:00	0000	0000	ça ressemble à rien	구어표현\t\t엉망이다; 아무것도 닮지 않았다\tひどい見た目だ; 何にも似ていない (hidoi mitame da; nani ni mo nite inai)\tcela n'a aucune forme ni valeur\tit looks like nothing; it's a mess\tĝi aspektas fuŝe
01879	1970-01-01 00:00:00	0000	0000	culinaire	형용사\t\t요리의\t料理の; 食文化の (ryōri no; shokubunka no)\trelatif à la cuisine\tculinary\tkuirarta
01880	1970-01-01 00:00:00	0000	0000	voir les choses trop en grand	관용표현\t\t일을 너무 크게 생각하다; 지나치게 거창하게 계획하다\t物事を大きく考えすぎる (monogoto o ōkiku kangaesugiru)\tavoir des ambitions excessives\tto think too big\tplani tro grande
01881	1970-01-01 00:00:00	0000	0000	茎	n.\tkuki\t줄기\t\ttige\tstem\ttigo
01882	1970-01-01 00:00:00	0000	0000	梅雨	n.\ttsuyu\t장마; 우기\t\tsaison des pluies\trainy season\tpluvsezono
01883	1970-01-01 00:00:00	0000	0000	歌い上げる	v.\tutaiageru\t감정을 담아 힘차게 노래하다\t\tchanter avec puissance et émotion\tto sing out powerfully\tkanti forte kaj emocie
01884	1970-01-01 00:00:00	0000	0000	aussi vite	부사구\t\t그렇게 빨리; 같은 속도로\tそんなに速く; 同じ速さで (sonna ni hayaku; onaji hayasa de)\tà cette vitesse; aussi rapidement\tthat fast; as quickly\ttiom rapide
01885	1970-01-01 00:00:00	0000	0000	拒んでる	동사표현\tkobanderu\t거부하고 있다\t\test en train de refuser\tis refusing\trifuzas
01886	1970-01-01 00:00:00	0000	0000	太る	v.\tfutoru\t살이 찌다; 굵어지다\t\tgrossir; prendre du poids\tto gain weight\tdikiĝi
01887	1970-01-01 00:00:00	0000	0000	le vin	n.\t\t와인; 포도주\tワイン; 葡萄酒 (wain; budōshu)\tboisson alcoolisée issue du raisin\twine\tvino
01888	1970-01-01 00:00:00	0000	0000	cheminée	n.\t\t벽난로; 굴뚝\t暖炉; 煙突 (danro; entotsu)\tfoyer ou conduit de fumée\tfireplace; chimney\tkameno
01889	1970-01-01 00:00:00	0000	0000	pollué	형용사·과거분사\t\t오염된\t汚染された (osen sareta)\tcontaminé par des substances nocives\tpolluted\tpoluita
01890	1970-01-01 00:00:00	0000	0000	抜き打ち検査	n.\tnukiuchi kensa\t불시 검사\t\tinspection surprise\tsurprise inspection\tneanoncita kontrolo
01891	1970-01-01 00:00:00	0000	0000	réveillon	n.\t\t성탄절 또는 새해 전야의 만찬\tクリスマスイブや大晦日の夕食会 (kurisumasu ibu ya ōmisoka no yūshokukai)\trepas festif de Noël ou du Nouvel An\tChristmas or New Year's Eve dinner\tfestvespera manĝo
01892	1970-01-01 00:00:00	0000	0000	賭博依存症	n.\ttobaku izonshō\t도박 중독\t\taddiction aux jeux d'argent\tgambling addiction\tvetluddependeco
01893	1970-01-01 00:00:00	0000	0000	レジ	n.\treji\t계산대; 금전 등록기\t\tcaisse; caisse enregistreuse\tcheckout; cash register\tkaso
01894	1970-01-01 00:00:00	0000	0000	la viande	n.\t\t고기; 육류\t肉; 食肉 (niku; shokuniku)\tchair animale consommée comme aliment\tmeat\tviando
01895	1970-01-01 00:00:00	0000	0000	変わる	v.\tkawaru\t바뀌다; 변하다\t\tchanger; se transformer\tto change\tŝanĝiĝi
01896	1970-01-01 00:00:00	0000	0000	ピザ	n.\tpiza\t피자\t\tpizza\tpizza\tpico
01897	1970-01-01 00:00:00	0000	0000	faut le faire	구어표현\t\t그걸 해야 한다; 정말 대단하다\tそれをやらなければならない; よくやるよ (sore o yaranakereba naranai; yoku yaru yo)\til faut accomplir cela; expression d'étonnement\tyou have to do it; that's something\toni devas fari tion
01898	1970-01-01 00:00:00	0000	0000	rendre l'âme	관용표현\t\t죽다; 기계가 완전히 고장 나다\t息を引き取る; 完全に壊れる (iki o hikitoru; kanzen ni kowareru)\tmourir; cesser définitivement de fonctionner\tto give up the ghost\tmorti; tute panei
01899	1970-01-01 00:00:00	0000	0000	バーゲン	n.\tbāgen\t바겐세일; 할인 판매\t\tsoldes; vente à prix réduit\tbargain sale\trabatvendo
01900	1970-01-01 00:00:00	0000	0000	essuyer la sueur	동사구\t\t땀을 닦다\t汗を拭く (ase o fuku)\tenlever la transpiration avec un tissu\tto wipe off sweat\tviŝi ŝviton
01901	1970-01-01 00:00:00	0000	0000	un sommeil	n.\t\t잠; 수면\t眠り; 睡眠 (nemuri; suimin)\tétat de repos en dormant\tsleep\tdormo
01902	1970-01-01 00:00:00	0000	0000	歯を折る	동사구\tha o oru\t이를 부러뜨리다\t\tcasser une dent\tto break a tooth\trompi denton
01903	1970-01-01 00:00:00	0000	0000	成果	n.\tseika\t성과; 결과\t\trésultat; fruit d'un effort\tachievement; result\tatingo; rezulto
01904	1970-01-01 00:00:00	0000	0000	すっぽかす	v.\tsuppokasu\t약속을 어기다; 바람맞히다; 잊고 빠지다\t\tposer un lapin; manquer volontairement\tto stand someone up; skip\tne plenumi rendevuon
01905	1970-01-01 00:00:00	0000	0000	楽観的	な형용사\trakkanteki\t낙관적인\t\toptimiste\toptimistic\toptimisma
01906	1970-01-01 00:00:00	0000	0000	熱気	n.\tnekki\t열기; 뜨거운 분위기\t\tchaleur; enthousiasme intense\theat; excitement\tvarmo; entuziasmo
01907	1970-01-01 00:00:00	0000	0000	le paquet	n.\t\t봉지; 꾸러미; 패키지\t袋; 包み; パッケージ (fukuro; tsutsumi; pakkēji)\temballage ou ensemble d'objets\tpackage; packet\tpako
01908	1970-01-01 00:00:00	0000	0000	仕切り直し	n.\tshikiri naoshi\t다시 시작; 재조정\t\tnouveau départ; remise à zéro\tfresh start; reset\trekomenco
01909	1970-01-01 00:00:00	0000	0000	rougir	v.\t\t얼굴을 붉히다; 붉어지다\t赤面する; 赤くなる (sekimen suru; akaku naru)\tdevenir rouge, souvent de gêne\tto blush; redden\truĝiĝi
01910	1970-01-01 00:00:00	0000	0000	ショー	n.\tshō\t쇼; 공연\t\tspectacle; show\tshow\tspektaklo
01911	1970-01-01 00:00:00	0000	0000	床	n.\tyuka\t바닥; 마루\t\tsol; plancher\tfloor\tplanko
01912	1970-01-01 00:00:00	0000	0000	le froid	n.\t\t추위; 냉기\t寒さ; 冷気 (samusa; reiki)\tbasse température\tcold\tmalvarmo
01913	1970-01-01 00:00:00	0000	0000	avoir du succès	동사구\t\t성공하다; 인기를 얻다\t成功する; 人気が出る (seikō suru; ninki ga deru)\tréussir; être populaire\tto be successful\tsukcesi
01914	1970-01-01 00:00:00	0000	0000	ショーウィンドウ	n.\tshō uindō\t쇼윈도; 진열창\t\tvitrine de magasin\tshop window\tmontrofenestro
01915	1970-01-01 00:00:00	0000	0000	根	n.\tne\t뿌리; 근원\t\tracine; origine\troot\tradiko
01916	1970-01-01 00:00:00	0000	0000	税率	n.\tzeiritsu\t세율\t\ttaux d'imposition\ttax rate\timpostkvoto
01917	1970-01-01 00:00:00	0000	0000	そば	n.\tsoba\t곁; 옆; 근처; 메밀국수\t\tprès; à côté; nouilles soba\tbeside; nearby; soba noodles\tapude; fagopiraj nudeloj
01918	1970-01-01 00:00:00	0000	0000	スマホ依存症	n.\tsumaho izonshō\t스마트폰 의존증\t\tdépendance au smartphone\tsmartphone addiction\tsaĝtelefona dependeco
01919	1970-01-01 00:00:00	0000	0000	le régime	n.\t\t식이요법; 다이어트; 체제\t食事療法; ダイエット; 体制 (shokujiryōhō; daietto; taisei)\tmode alimentaire; système politique\tdiet; regime\tdieto; reĝimo
01920	1970-01-01 00:00:00	0000	0000	faire goûter	동사구\t\t맛보게 하다\t味見させる (ajimi saseru)\tfaire essayer le goût d'un aliment\tto let someone taste\tgustumigi
01921	1970-01-01 00:00:00	0000	0000	ひどく	adv.\thidoku\t심하게; 몹시\t\tterriblement; gravement\tbadly; severely\tterure; severe
01922	1970-01-01 00:00:00	0000	0000	filtrage d'appels	명사구\t\t통화 필터링; 전화 선별\t通話フィルタリング; 電話の選別 (tsūwa firutaringu; denwa no senbetsu)\ttri ou blocage des appels entrants\tcall screening\tvokfiltrado
01923	1970-01-01 00:00:00	0000	0000	se costumer	v.\t\t분장하다; 의상을 입다\t仮装する; 衣装を着る (kasō suru; ishō o kiru)\tporter un costume ou un déguisement\tto dress up\tkostumi sin
01924	1970-01-01 00:00:00	0000	0000	proposer de	동사구\t\t~할 것을 제안하다\t〜することを提案する (suru koto o teian suru)\tsuggérer de faire\tto suggest doing\tproponi fari
01925	1970-01-01 00:00:00	0000	0000	les doigts	n.\t\t손가락들\t指 (yubi)\tparties articulées de la main\tfingers\tfingroj
01926	1970-01-01 00:00:00	0000	0000	s'excuser	v.\t\t사과하다; 양해를 구하다\t謝る; お詫びする (ayamaru; owabi suru)\tprésenter ses excuses\tto apologize\tpardonpeti
01927	1970-01-01 00:00:00	0000	0000	l'engouement	n.\t\t열광; 열풍; 큰 관심\t熱狂; ブーム; 強い関心 (nekkyō; būmu; tsuyoi kanshin)\tenthousiasme collectif intense\tcraze; enthusiasm\tfuroro; entuziasmo
01928	1970-01-01 00:00:00	0000	0000	狂ってる	동사표현\tkurutteru\t미쳐 있다; 말도 안 된다; 고장 나 있다\t\têtre fou; être déréglé\tto be crazy; be out of order\testi freneza; misfunkcii
01929	1970-01-01 00:00:00	0000	0000	on s'y est pris	동사표현\t\t우리가 그 일을 처리했다; 그런 방식으로 시작했다\t私たちはそれに取り組んだ (watashitachi wa sore ni torikunda)\tnous avons procédé de cette manière\twe went about it\tni tiel entreprenis ĝin
01930	1970-01-01 00:00:00	0000	0000	念	n.\tnen\t생각; 염두; 주의; 신념\t\tpensée; attention; conviction\tthought; care; conviction\tpenso; atento; konvinko
01931	1970-01-01 00:00:00	0000	0000	tu as de la chance	표현\t\t너는 운이 좋다\t君は運がいい (kimi wa un ga ii)\ttu es chanceux\tyou are lucky\tvi estas bonŝanca
01932	1970-01-01 00:00:00	0000	0000	une chaussette	n.\t\t양말\t靴下 (kutsushita)\tvêtement porté au pied\tsock\tŝtrumpeto
01933	1970-01-01 00:00:00	0000	0000	le pauvre	명사·형용사\t\t불쌍한 사람; 가난한 사람\tかわいそうな人; 貧しい人 (kawaisō na hito; mazushii hito)\tpersonne malheureuse ou sans ressources\tpoor person; poor thing\tkompatindulo; malriĉulo
01934	1970-01-01 00:00:00	0000	0000	見る	v.\tmiru\t보다; 지켜보다\t\tvoir; regarder\tto see; watch\tvidi; rigardi
01935	1970-01-01 00:00:00	0000	0000	indigestion	n.\t\t소화불량\t消化不良; 胃もたれ (shōka furyō; imotare)\tmauvaise digestion après un repas\tindigestion\tmisdigesto
01936	1970-01-01 00:00:00	0000	0000	時間の感覚	명사구\tjikan no kankaku\t시간 감각\t\tsens du temps\tsense of time\ttemposento
01937	1970-01-01 00:00:00	0000	0000	深呼吸	명사·동사\tshinkokyū\t심호흡\t\trespiration profonde\tdeep breath\tprofunda spiro
01938	1970-01-01 00:00:00	0000	0000	後ろ	n.\tushiro\t뒤; 뒤쪽\t\tderrière; arrière\tbehind; back\tmalantaŭo
01939	1970-01-01 00:00:00	0000	0000	numéro masqué	명사구\t\t발신 번호 숨김; 비공개 번호\t非通知番号; 番号非表示 (hitsūchi bangō; bangō hihyōji)\tnuméro d'appel non affiché\thidden caller ID\tkaŝita telefonnumero
01940	1970-01-01 00:00:00	0000	0000	宅配ピザ	n.\ttakuhai piza\t배달 피자\t\tpizza livrée à domicile\tdelivery pizza\tliverita pico
01941	1970-01-01 00:00:00	0000	0000	tu déconnes ?	구어표현\t\t장난이지? 제정신이야?\t冗談でしょ？; ふざけてるの？ (jōdan desho; fuzaketeru no)\ttu plaisantes ? tu exagères ?\tare you kidding?\tĉu vi ŝercas?
01942	1970-01-01 00:00:00	0000	0000	complet / sold out	형용사·표현\t\t매진; 만석\t満席; 売り切れ (manseki; urikire)\tplus aucune place ou marchandise disponible\tsold out; full\telvendita; plena
01943	1970-01-01 00:00:00	0000	0000	tomber malade	동사구\t\t병에 걸리다\t病気になる (byōki ni naru)\tdevenir malade\tto fall ill\tmalsaniĝi
01944	1970-01-01 00:00:00	0000	0000	嬉しい	い형용사\tureshii\t기쁘다; 반갑다\t\theureux; content\thappy; glad\tĝoja
01945	1970-01-01 00:00:00	0000	0000	cendres	n.\t\t재; 유골의 재\t灰; 遺灰 (hai; ihai)\trésidu poudreux après combustion\tashes\tcindro
01946	1970-01-01 00:00:00	0000	0000	〜しておく	문법표현\tshite oku\t미리 ~해 두다; 그대로 두다\t\tfaire à l'avance; laisser tel quel\tdo in advance; leave as is\tfari anticipe
01947	1970-01-01 00:00:00	0000	0000	feu rouge / vert / orange	명사구\t\t빨간불／초록불／황색불\t赤信号; 青信号; 黄信号 (aka shingō; ao shingō; ki shingō)\tcouleurs des feux de circulation\tred / green / amber light\truĝa / verda / flava semaforo
01948	1970-01-01 00:00:00	0000	0000	記憶力	n.\tkiokuryoku\t기억력\t\tmémoire; capacité de mémorisation\tmemory ability\tmemorkapablo
01949	1970-01-01 00:00:00	0000	0000	promotion	n.\t\t프로모션; 할인 행사; 승진\t販売促進; 特売; 昇進 (hanbai sokushin; tokubai; shōshin)\toffre commerciale; avancement professionnel\tpromotion; special offer\treklamkampanjo; promocio
01950	1970-01-01 00:00:00	0000	0000	袋	n.\tfukuro\t봉지; 자루; 주머니\t\tsac; sachet\tbag; pouch\tsako
01951	1970-01-01 00:00:00	0000	0000	お菓子屋	n.\tokashiya\t과자 가게\t\tconfiserie; magasin de gâteaux\tsweet shop\tdolĉaĵvendejo
01952	1970-01-01 00:00:00	0000	0000	être jaloux / jalouse	동사·형용사\t\t질투하다; 부러워하다\t嫉妬する; 羨ましがる (shitto suru; urayamashigaru)\téprouver de la jalousie\tto be jealous\testi ĵaluza
01953	1970-01-01 00:00:00	0000	0000	le pop-corn	n.\t\t팝콘\tポップコーン (poppukōn)\tmaïs éclaté\tpopcorn\tpufmaizo
01954	1970-01-01 00:00:00	0000	0000	économiser du temps	동사구\t\t시간을 절약하다\t時間を節約する (jikan o setsuyaku suru)\tgagner du temps\tto save time\tŝpari tempon
01955	1970-01-01 00:00:00	0000	0000	領収書	n.\tryōshūsho\t영수증\t\treçu; justificatif de paiement\treceipt\tkvitanco
01956	1970-01-01 00:00:00	0000	0000	実感	명사·동사\tjikkan\t실감; 실제로 느낌\t\tsentiment réel; prise de conscience concrète\treal feeling; realization\treala sento
01957	1970-01-01 00:00:00	0000	0000	努力	명사·동사\tdoryoku\t노력\t\teffort\teffort\tklopodo
01958	1970-01-01 00:00:00	0000	0000	me projeter	동사구\t\t미래의 나를 상상하다; 자신을 투영하다\t将来の自分を想像する; 自分を投影する (shōrai no jibun o sōzō suru; jibun o tōei suru)\timaginer sa situation future\tto picture myself in the future\timagi min estonte
01959	1970-01-01 00:00:00	0000	0000	目を離す	동사구\tme o hanasu\t눈을 떼다; 감시를 멈추다\t\tdétourner les yeux; cesser de surveiller\tto take one's eyes off\tdeturni la rigardon
01960	1970-01-01 00:00:00	0000	0000	être scotché à son téléphone	구어표현\t\t휴대전화에 붙어 있다; 계속 폰만 보다\tスマホに釘付けになる (sumaho ni kugizuke ni naru)\trester constamment absorbé par son téléphone\tto be glued to one's phone\testi gluita al sia telefono
01961	1970-01-01 00:00:00	0000	0000	みんな	대명사·부사\tminna\t모두; 다들\t\ttout le monde; tous\teveryone; all\tĉiuj
01962	1970-01-01 00:00:00	0000	0000	従う	v.\tshitagau\t따르다; 복종하다\t\tsuivre; obéir à\tto follow; obey\tsekvi; obei
01963	1970-01-01 00:00:00	0000	0000	l'humanité	n.\t\t인류; 인간성\t人類; 人間性 (jinrui; ningensei)\tensemble des êtres humains; compassion humaine\thumanity\thomaro; homeco
01964	1970-01-01 00:00:00	0000	0000	poser son cerveau	구어표현\t\t머리를 쉬게 하다; 생각을 멈추다\t頭を休ませる; 考えるのをやめる (atama o yasumaseru; kangaeru no o yameru)\tcesser de réfléchir pour se détendre\tto switch one's brain off\tripozigi la cerbon
01965	1970-01-01 00:00:00	0000	0000	洗濯物	n.\tsentakumono\t빨랫감; 세탁물\t\tlinge; linge à laver\tlaundry\tlavotaĵo
01966	1970-01-01 00:00:00	0000	0000	ブッシュ・ド・ノエル	n.\tbusshu do noeru\t크리스마스 통나무 케이크\t\tbûche de Noël\tYule log cake\tkristnaska ŝtipkuko
01967	1970-01-01 00:00:00	0000	0000	モチベーション	n.\tmochibēshon\t동기; 의욕\t\tmotivation\tmotivation\tinstigo
01968	1970-01-01 00:00:00	0000	0000	トッピング	n.\ttoppingu\t토핑; 고명\t\tgarniture; topping\ttopping\tsupraĵo
01969	1970-01-01 00:00:00	0000	0000	上映	명사·동사\tjōei\t상영\t\tprojection d'un film\tfilm screening\tfilmprojekcio
01970	1970-01-01 00:00:00	0000	0000	チキン	명사·な형용사·속어\tchikin\t치킨; 닭고기; 겁쟁이\t\tpoulet; lâche\tchicken; coward\tkokidaĵo; timulo
01971	1970-01-01 00:00:00	0000	0000	on aurait pu	동사표현\t\t우리는 ~할 수도 있었을 것이다\t私たちは〜できたはずだ (watashitachi wa dekita hazu da)\tnous aurions eu la possibilité de\twe could have\tni povintus
01972	1970-01-01 00:00:00	0000	0000	手入れ	명사·동사\tteire\t손질; 관리; 정비\t\tentretien; soin\tmaintenance; care\tprizorgado
01973	1970-01-01 00:00:00	0000	0000	毒	n.\tdoku\t독; 독성\t\tpoison; toxicité\tpoison\tveneno
01974	1970-01-01 00:00:00	0000	0000	健康管理	n.\tkenkō kanri\t건강 관리\t\tgestion de la santé\thealth management\tsanprizorgado
01975	1970-01-01 00:00:00	0000	0000	alors que	접속사\t\t~인 반면; ~인데도; ~하는 동안\t〜なのに; 〜する一方で; 〜している間 (na noni; suru ippō de; shite iru aida)\ttandis que; bien que\twhereas; while\tdum; kvankam
01976	1970-01-01 00:00:00	0000	0000	とても	adv.\ttotemo\t매우; 아주\t\ttrès; vraiment\tvery; really\ttre
01977	1970-01-01 00:00:00	0000	0000	さて	감탄사·접속사\tsate\t자; 그럼; 그런데\t\tbon; alors; voyons\twell then\tnu do
01978	1970-01-01 00:00:00	0000	0000	キャットフード	n.\tkyatto fūdo\t고양이 사료\t\tnourriture pour chat\tcat food\tkatmanĝaĵo
01979	1970-01-01 00:00:00	0000	0000	カロリー消費	n.\tkarorī shōhi\t칼로리 소비\t\tdépense calorique\tcalorie expenditure\tkaloria elspezo
01980	1970-01-01 00:00:00	0000	0000	振り込み	명사·동사\tfurikomi\t송금; 입금\t\tvirement; versement\tbank transfer; deposit\tbanktransigo
01981	1970-01-01 00:00:00	0000	0000	状況	n.\tjōkyō\t상황; 상태\t\tsituation; circonstances\tsituation\tsituacio
01982	1970-01-01 00:00:00	0000	0000	panneau de signalisation	명사구\t\t교통 표지판\t交通標識 (kōtsū hyōshiki)\tpanneau indiquant une règle ou une information routière\ttraffic sign\ttrafiksigno
01983	1970-01-01 00:00:00	0000	0000	de toute façon	부사구\t\t어쨌든; 어차피\tとにかく; どうせ (tonikaku; dōse)\tquoi qu'il arrive; en tout cas\tanyway; in any case\tĉiuokaze
01984	1970-01-01 00:00:00	0000	0000	全額	n.\tzengaku\t전액\t\tmontant total; totalité de la somme\tfull amount\ttuta sumo
01985	1970-01-01 00:00:00	0000	0000	中古品	n.\tchūkohin\t중고품\t\tarticle d'occasion\tsecond-hand item\tbrokantaĵo
01986	1970-01-01 00:00:00	0000	0000	faire le tour de	동사구\t\t~을 한 바퀴 돌다; 둘러보다\t〜を一周する; 見て回る (o isshū suru; mite mawaru)\tparcourir tout autour ou visiter entièrement\tto go around; tour\tĉirkaŭiri
01987	1970-01-01 00:00:00	0000	0000	et moi donc	감탄표현\t\t나도 그래; 나는 오죽하겠어\t私も同じだ; 私なんかもっとだ (watashi mo onaji da; watashi nanka motto da)\tmoi aussi, et même davantage\tme too; tell me about it\tankaŭ mi
01988	1970-01-01 00:00:00	0000	0000	la notion	n.\t\t개념; 감각; 관념\t概念; 感覚; 観念 (gainen; kankaku; kannen)\tidée générale; connaissance élémentaire\tnotion; concept\tnocio
01989	1970-01-01 00:00:00	0000	0000	アバター	n.\tabatā\t아바타; 가상 분신\t\tavatar; personnage virtuel\tavatar\tavataro
01990	1970-01-01 00:00:00	0000	0000	conseiller	동사·명사\t\t추천하다; 조언하다; 상담가\t勧める; 助言する; 相談員 (susumeru; jogen suru; sōdan'in)\tdonner un avis; recommander\tto advise; recommend\tkonsili
01991	1970-01-01 00:00:00	0000	0000	没入感	n.\tbotsunyūkan\t몰입감\t\tsensation d'immersion\tsense of immersion\tmergiĝa sento
01992	1970-01-01 00:00:00	0000	0000	吸血鬼	n.\tkyūketsuki\t흡혈귀; 뱀파이어\t\tvampire\tvampire\tvampiro
01993	1970-01-01 00:00:00	0000	0000	les fêtes de fin d'année	명사구\t\t연말연시 축제와 휴일\t年末年始の祝祭 (nenmatsu nenshi no shukusai)\tcélébrations de Noël et du Nouvel An\tyear-end holidays\tjarfinaj festoj
01994	1970-01-01 00:00:00	0000	0000	それにしても	접속부사\tsore ni shite mo\t그렇다 해도; 그건 그렇고\t\tmalgré cela; quand même\teven so; nevertheless\ttamen
01995	1970-01-01 00:00:00	0000	0000	un pari sportif	명사구\t\t스포츠 도박; 경기 결과 내기\tスポーツ賭博; スポーツベット (supōtsu tobaku; supōtsu betto)\tmise d'argent sur un résultat sportif\tsports bet\tsportveto
01996	1970-01-01 00:00:00	0000	0000	体重	n.\ttaijū\t체중\t\tpoids corporel\tbody weight\tkorpopezo
01997	1970-01-01 00:00:00	0000	0000	恐怖症	n.\tkyōfushō\t공포증\t\tphobie\tphobia\tfobio
01998	1970-01-01 00:00:00	0000	0000	密着取材	명사·동사\tmitchaku shuzai\t밀착 취재\t\treportage en immersion; suivi rapproché\tclose-coverage reporting\tproksima raportado
01999	1970-01-01 00:00:00	0000	0000	ディスプレイ	n.\tdisupurei\t디스플레이; 화면; 진열\t\técran; affichage; présentation\tdisplay; screen\tekrano; montro
02000	1970-01-01 00:00:00	0000	0000	se priver de	동사구\t\t~을 참다; 스스로 포기하다\t〜を我慢する; 〜を断つ (o gaman suru; o tatsu)\trenoncer volontairement à\tto deprive oneself of\tseniĝi je
02001	1970-01-01 00:00:00	0000	0000	頑張らないと	문법표현\tganbaranai to\t노력하지 않으면; 힘내야 해\t\tsi je ne fais pas d'effort; il faut que je tienne bon\tif I don't try; I have to do my best\tse mi ne klopodas; mi devas klopodi
02002	1970-01-01 00:00:00	0000	0000	promettre de	동사구\t\t~하기로 약속하다\t〜することを約束する (suru koto o yakusoku suru)\ts'engager à faire\tto promise to\tpromesi fari
02003	1970-01-01 00:00:00	0000	0000	合う	v.\tau\t맞다; 어울리다; 일치하다\t\tconvenir; aller bien; correspondre\tto match; suit\tkongrui; taŭgi
02004	1970-01-01 00:00:00	0000	0000	淹れてあげる	동사표현\tirete ageru\t차나 커피를 우려 주다\t\tpréparer et servir une boisson à quelqu'un\tto brew for someone\tinfuzi por iu
02005	1970-01-01 00:00:00	0000	0000	le terreau	n.\t\t배양토; 화분용 흙\t培養土; 園芸用土 (baiyōdo; engeiyōdo)\tterre enrichie pour les plantes\tpotting soil\tplantgrundo
02006	1970-01-01 00:00:00	0000	0000	可愛い	い형용사\tkawaii\t귀엽다; 사랑스럽다\t\tmignon; adorable\tcute; adorable\tĉarma; aminda
02007	1970-01-01 00:00:00	0000	0000	4Kテレビ	n.\tyon-kē terebi\t4K 텔레비전\t\ttéléviseur 4K\t4K television\t4K-televidilo
02008	1970-01-01 00:00:00	0000	0000	信号無視	명사·동사\tshingō mushi\t신호 위반; 신호 무시\t\tnon-respect du feu; franchissement interdit\trunning a red light\tmalobei semaforon
02009	1970-01-01 00:00:00	0000	0000	持ち帰った	동사표현\tmochikaetta\t가져갔다; 포장해 갔다\t\ta emporté; a pris à emporter\ttook home; took away\thejmenportis
02010	1970-01-01 00:00:00	0000	0000	pour me vendre	부사구\t\t나에게 팔기 위해\t私に売るために (watashi ni uru tame ni)\tdans le but de me vendre quelque chose\tto sell to me\tpor vendi al mi
02011	1970-01-01 00:00:00	0000	0000	la maison hantée	명사구\t\t귀신의 집; 유령의 집\tお化け屋敷; 幽霊屋敷 (obake yashiki; yūrei yashiki)\tmaison supposée habitée par des fantômes\thaunted house\tfantomdomo
02012	1970-01-01 00:00:00	0000	0000	リアリティ	n.\triariti\t현실감; 리얼리티\t\tréalisme; impression de réalité\treality; realism\trealeco
02013	1970-01-01 00:00:00	0000	0000	メリークリスマス！	인사말\tmerī kurisumasu\t메리 크리스마스!\t\tJoyeux Noël !\tMerry Christmas!\tFeliĉan Kristnaskon!
02014	1970-01-01 00:00:00	0000	0000	étouffant	형용사\t\t숨 막히는; 후덥지근한\t息苦しい; 蒸し暑い (ikigurushii; mushiatsui)\tqui empêche de respirer ou manque d'air\tstifling; suffocating\tsufoka
02015	1970-01-01 00:00:00	0000	0000	efficace	형용사\t\t효과적인; 능률적인\t効果的な; 効率的な (kōkateki na; kōritsuteki na)\tqui produit le résultat attendu\teffective; efficient\tefika
02016	1970-01-01 00:00:00	0000	0000	願う	v.\tnegau\t바라다; 기원하다; 부탁하다\t\tsouhaiter; prier; demander\tto wish; hope\tdeziri; preĝi
02017	1970-01-01 00:00:00	0000	0000	mystérieux	형용사\t\t신비로운; 미스터리한\t神秘的な; 謎めいた (shinpiteki na; nazomeita)\tdifficile à expliquer ou secret\tmysterious\tmistera
02018	1970-01-01 00:00:00	0000	0000	nourriture pour animaux	명사구\t\t반려동물 사료\tペットフード; 動物の餌 (petto fūdo; dōbutsu no esa)\taliment destiné aux animaux domestiques\tpet food\tbestomanĝaĵo
02019	1970-01-01 00:00:00	0000	0000	ずぶ濡れ	명사·な형용사\tzubunure\t흠뻑 젖음\t\ttrempé jusqu'aux os\tsoaking wet\ttute malseka
02020	1970-01-01 00:00:00	0000	0000	洗濯機	n.\tsentakuki\t세탁기\t\tmachine à laver\twashing machine\tlavmaŝino
02021	1970-01-01 00:00:00	0000	0000	暑さ	n.\tatsusa\t더위; 더운 정도\t\tchaleur; intensité de la chaleur\theat\tvarmo
02022	1970-01-01 00:00:00	0000	0000	定期券	n.\tteikiken\t정기권; 통근 패스\t\tabonnement de transport\tcommuter pass\ttransportabono
02023	1970-01-01 00:00:00	0000	0000	rien ne t'oblige à	표현\t\t너는 ~할 의무가 전혀 없다\t君は〜する義務が全くない (kimi wa suru gimu ga mattaku nai)\ttu n'es absolument pas obligé de\tnothing obliges you to\tnenio devigas vin
02024	1970-01-01 00:00:00	0000	0000	しょっぱい	い형용사\tshoppai\t짜다; 인색하다; 시시하다\t\tsalé; mesquin; médiocre\tsalty; stingy; lame\tsala; avara
02025	1970-01-01 00:00:00	0000	0000	intraitable	형용사\t\t융통성 없는; 협상 불가능한\t融通が利かない; 妥協しない (yūzū ga kikanai; dakyō shinai)\tqui refuse tout compromis\tunyielding; uncompromising\tnecedema
02026	1970-01-01 00:00:00	0000	0000	ながら	접속조사\tnagara\t~하면서; ~임에도\t\ttout en; bien que\twhile; although\tdum; kvankam
02027	1970-01-01 00:00:00	0000	0000	la plateforme de jeu	명사구\t\t게임 플랫폼\tゲームプラットフォーム (gēmu purattofōmu)\tservice ou système permettant de jouer\tgaming platform\tludplatformo
02028	1970-01-01 00:00:00	0000	0000	テレワーク	n.\tterewāku\t재택근무; 원격근무\t\ttélétravail\tremote work\tdistanca laboro
02029	1970-01-01 00:00:00	0000	0000	la tempête	n.\t\t폭풍; 거센 소동\t嵐; 大騒動 (arashi; ōsōdō)\tforte perturbation atmosphérique\tstorm\tŝtormo
02030	1970-01-01 00:00:00	0000	0000	on repousse	동사표현\t\t우리는 미룬다; 밀어낸다\t私たちは延期する; 押し返す (watashitachi wa enki suru; oshikaesu)\tnous remettons à plus tard; nous éloignons\twe postpone; push back\tni prokrastas; repuŝas
02031	1970-01-01 00:00:00	0000	0000	歌う	v.\tutau\t노래하다\t\tchanter\tto sing\tkanti
02032	1970-01-01 00:00:00	0000	0000	inviter à	동사구\t\t~하도록 초대하다; 권하다\t〜するよう招く; 勧める (suru yō maneku; susumeru)\tconvier ou encourager à faire\tto invite to\tinviti al
02033	1970-01-01 00:00:00	0000	0000	だね	종조사표현\tda ne\t~네; 그렇지?\t\tn'est-ce pas; hein\tisn't it; right\tĉu ne
02034	1970-01-01 00:00:00	0000	0000	Je ne sais pas comment tu fais pour...	표현\t\t네가 어떻게 ~하는지 모르겠다\t君がどうやって〜するのか分からない (kimi ga dō yatte suru no ka wakaranai)\texpression d'étonnement devant une capacité\tI don't know how you manage to...\tmi ne scias kiel vi sukcesas
02035	1970-01-01 00:00:00	0000	0000	しつこい勧誘	명사구\tshitsukoi kan'yū\t끈질긴 권유; 집요한 영업\t\tsollicitation insistante\tpersistent solicitation\tinsista varbado
02036	1970-01-01 00:00:00	0000	0000	留守番	명사·동사\trusuban\t집을 지키기; 부재 중 돌봄\t\tgarde de la maison en l'absence de quelqu'un\thouse-sitting\tdomgardado
02037	1970-01-01 00:00:00	0000	0000	3メートル	수량표현\tsan mētoru\t3미터\t\ttrois mètres\tthree meters\ttri metroj
02038	1970-01-01 00:00:00	0000	0000	課題	n.\tkadai\t과제; 해결할 문제\t\tdevoir; tâche; problème à résoudre\tassignment; issue\ttasko; problemo
02039	1970-01-01 00:00:00	0000	0000	残る	v.\tnokoru\t남다; 잔존하다\t\trester; subsister\tto remain\tresti
02040	1970-01-01 00:00:00	0000	0000	il faudrait que	문법표현\t\t~해야 할 것이다; ~하는 것이 좋다\t〜したほうがいい; 〜する必要がある (shita hō ga ii; suru hitsuyō ga aru)\texpression de nécessité ou conseil atténué\tone should; it would be necessary\tnecesus ke
02041	1970-01-01 00:00:00	0000	0000	あったら	조건표현\tattara\t있으면; 있었다면\t\ts'il y en a; si cela existait\tif there is; if there were\tse ekzistas
02042	1970-01-01 00:00:00	0000	0000	bande originale (B.O.)	명사구\t\t오리지널 사운드트랙; OST\tオリジナルサウンドトラック (orijinaru saundotorakku)\tmusique originale d'un film ou d'une œuvre\toriginal soundtrack\toriginala muziko
02043	1970-01-01 00:00:00	0000	0000	avoir la flemme de	구어표현\t\t~하기 귀찮다\t〜するのが面倒だ (suru no ga mendō da)\tne pas avoir envie de faire par paresse\tcan't be bothered to\tne emi fari
02044	1970-01-01 00:00:00	0000	0000	なんてこった	acc.\tnante kotta\t이런; 큰일 났다\t\tbon sang; quelle catastrophe\twhat the heck; oh no\tho ve
02045	1970-01-01 00:00:00	0000	0000	汚れた	형용표현·과거분사\tyogoreta\t더러운; 더럽혀진\t\tsale; taché\tdirty; stained\tmalpura; makulita
02046	1970-01-01 00:00:00	0000	0000	tous les 3 mètres	부사구\t\t3미터마다\t3メートルごとに (san mētoru goto ni)\tà chaque intervalle de trois mètres\tevery three meters\tĉiujn tri metrojn
02047	1970-01-01 00:00:00	0000	0000	延ばす	v.\tnobasu\t연장하다; 미루다; 늘이다\t\tprolonger; reporter; étendre\tto extend; postpone\tplilongigi; prokrasti
02048	1970-01-01 00:00:00	0000	0000	楽しむ	v.\ttanoshimu\t즐기다\t\tprofiter de; s'amuser\tto enjoy\tĝui
02049	1970-01-01 00:00:00	0000	0000	手を出してしまう	동사표현\tte o dashite shimau\t결국 손을 대고 말다; 사 버리다\t\tfinir par toucher ou essayer malgré soi\tend up giving it a try\tfine tuŝi aŭ provi
02050	1970-01-01 00:00:00	0000	0000	la méprise	n.\t\t착각; 인물 오인; 오해\t勘違い; 人違い; 誤解 (kanchigai; hitochigai; gokai)\terreur d'identification ou de compréhension\tmistake; misunderstanding\tmiskompreno
02051	1970-01-01 00:00:00	0000	0000	終わらせた	동사표현\towaraseta\t끝냈다; 마무리했다\t\ta terminé; a achevé\tfinished; completed\tfinigis
02052	1970-01-01 00:00:00	0000	0000	降る	v.\tfuru\t비나 눈이 내리다\t\ttomber, pour la pluie ou la neige\tto fall; rain or snow\tpluvi; neĝi
02053	1970-01-01 00:00:00	0000	0000	クソみたいな	な형용사표현·속어\tkuso mitai na\t형편없는; 빌어먹을; 지긋지긋한\t\tnul; pourri; foutu\tcrappy; damn\taĉa; diabla
02054	1970-01-01 00:00:00	0000	0000	紅茶	n.\tkōcha\t홍차\t\tthé noir\tblack tea\tnigra teo
02055	1970-01-01 00:00:00	0000	0000	Y'a pas eu	구어표현\t\t~이 없었다\t〜はなかった (wa nakatta)\tforme familière de il n'y a pas eu\tthere wasn't; there were no\tne estis
02056	1970-01-01 00:00:00	0000	0000	手順	n.\ttejun\t순서; 절차\t\tprocédure; étapes\tprocedure; steps\tproceduro
02057	1970-01-01 00:00:00	0000	0000	氷	n.\tkōri\t얼음\t\tglace\tice\tglacio
02058	1970-01-01 00:00:00	0000	0000	à mes côtés	부사구\t\t내 곁에서; 내 편에서\t私のそばで; 私の味方として (watashi no soba de; watashi no mikata to shite)\tprès de moi; avec moi\tby my side\tĉe mia flanko
02059	1970-01-01 00:00:00	0000	0000	つける	v.\ttsukeru\t켜다; 붙이다; 달다; 착용하다\t\tallumer; attacher; mettre\tto turn on; attach; put on\tŝalti; fiksi; surmeti
02060	1970-01-01 00:00:00	0000	0000	ひっきりなし	명사·부사\thikkirinashi\t끊임없이; 쉴 새 없이\t\tsans arrêt; continuellement\tnonstop; continuously\tsenĉese
02061	1970-01-01 00:00:00	0000	0000	ça porte malheur	표현\t\t그것은 불운을 가져온다\tそれは縁起が悪い; 不幸を招く (sore wa engi ga warui; fukō o maneku)\tcela attire la malchance\tit brings bad luck\ttio alportas malbonŝancon
02062	1970-01-01 00:00:00	0000	0000	pas de chance	감탄표현\t\t운이 없다; 안됐네\t運がない; 残念だ (un ga nai; zannen da)\tmanque de chance; dommage\tbad luck\tmalbonŝanco
02063	1970-01-01 00:00:00	0000	0000	fluo	형용사·구어\t\t형광의; 네온색의\t蛍光の; ネオンカラーの (keikō no; neon karā no)\tabréviation de fluorescent\tfluorescent\tfluoreska
02064	1970-01-01 00:00:00	0000	0000	rhume	n.\t\t감기; 코감기\t風邪; 鼻風邪 (kaze; hanakaze)\tinfection bénigne des voies respiratoires\tcold\tmalvarmumo
02065	1970-01-01 00:00:00	0000	0000	sécher	동사·구어\t\t말리다; 빠지다; 땡땡이치다\t乾かす; 欠席する; サボる (kawakasu; kesseki suru; saboru)\trendre sec; manquer un cours\tto dry; skip class\tsekigi; foresti
02066	1970-01-01 00:00:00	0000	0000	出所	n.\tshussho / dedokoro\t출처; 출소\t\tsource; sortie de prison\tsource; release from prison\tfonto; liberigo el malliberejo
02067	1970-01-01 00:00:00	0000	0000	diriger	v.\t\t지휘하다; 이끌다; 관리하다\t指揮する; 導く; 管理する (shiki suru; michibiku; kanri suru)\tconduire ou administrer\tto direct; lead\tdirekti; gvidi
02068	1970-01-01 00:00:00	0000	0000	早めに	adv.\thayame ni\t일찍; 미리\t\tassez tôt; à l'avance\tearly; ahead of time\tfrue; anticipe
02069	1970-01-01 00:00:00	0000	0000	背中	n.\tsenaka\t등; 등판\t\tdos\tback\tdorso
02070	1970-01-01 00:00:00	0000	0000	avance	n.\t\t앞섬; 선행; 선금\t先行; 前進; 前金 (senkō; zenshin; maekin)\tfait d'être en avance; acompte\tlead; advance payment\tantaŭeco; antaŭpago
02071	1970-01-01 00:00:00	0000	0000	l'expérience	n.\t\t경험; 실험\t経験; 実験 (keiken; jikken)\tconnaissance acquise; essai scientifique\texperience; experiment\tsperto; eksperimento
02072	1970-01-01 00:00:00	0000	0000	la cote	n.\t\t배당률; 평가; 인기; 해안\tオッズ; 評価; 人気; 海岸 (ozzu; hyōka; ninki; kaigan)\tvaleur, popularité ou rapport de pari\todds; rating; popularity\tvetkvoto; takso
02073	1970-01-01 00:00:00	0000	0000	バレバレ	な형용사·부사\tbarebare\t뻔히 들통남; 너무 티가 남\t\tcomplètement évident; facilement découvert\ttotally obvious\ttute evidenta
02074	1970-01-01 00:00:00	0000	0000	conduit de cheminée	명사구\t\t굴뚝 연통\t煙突の煙道 (entotsu no endō)\tcanal qui évacue la fumée\tchimney flue\tfumkanalo
02075	1970-01-01 00:00:00	0000	0000	目覚まし時計	n.\tmezamashidokei\t자명종; 알람시계\t\tréveil\talarm clock\tvekhorloĝo
02076	1970-01-01 00:00:00	0000	0000	びしょ濡れ	명사·な형용사\tbishonure\t흠뻑 젖음\t\ttrempé\tsoaking wet\ttute malseka
02077	1970-01-01 00:00:00	0000	0000	un plaisir coupable	명사구\t\t죄책감이 드는 즐거움\t罪悪感を伴う楽しみ (zaiakukan o tomonau tanoshimi)\tplaisir apprécié malgré une légère honte\tguilty pleasure\tkulposenta plezuro
02078	1970-01-01 00:00:00	0000	0000	zen	형용사·명사\t\t편안한; 차분한; 선(禪)\t落ち着いた; 禅 (ochitsuita; zen)\tcalme et détendu; relatif au zen\tcalm; Zen\ttrankvila; zeno
02079	1970-01-01 00:00:00	0000	0000	結構	명사·な형용사·부사\tkekkō\t꽤; 상당히; 훌륭함; 괜찮음\t\tassez; plutôt; excellent; non merci\tquite; fairly; fine\tsufiĉe; bone
02080	1970-01-01 00:00:00	0000	0000	熱狂	명사·동사\tnekkyō\t열광; 광적인 흥분\t\tenthousiasme frénétique\tfrenzy; enthusiasm\tfervoro
02081	1970-01-01 00:00:00	0000	0000	餌の時間	명사구\tesa no jikan\t먹이 주는 시간\t\theure du repas des animaux\tfeeding time\tmanĝotempo por bestoj
02082	1970-01-01 00:00:00	0000	0000	グッズ	n.\tguzzu\t굿즈; 관련 상품\t\tproduits dérivés; marchandises\tmerchandise; goods\tvaroj; fanproduktoj
02083	1970-01-01 00:00:00	0000	0000	la boxe	n.\t\t복싱; 권투\tボクシング; 拳闘 (bokushingu; kentō)\tsport de combat avec les poings\tboxing\tboksado
02084	1970-01-01 00:00:00	0000	0000	ピクセル	n.\tpikuseru\t픽셀; 화소\t\tpixel\tpixel\tbildero
02085	1970-01-01 00:00:00	0000	0000	un compte bancaire	명사구\t\t은행 계좌\t銀行口座 (ginkō kōza)\tcompte détenu dans une banque\tbank account\tbankkonto
02086	1970-01-01 00:00:00	0000	0000	先延ばし	명사·동사\tsakinobashi\t미루기; 연기\t\treport; procrastination\tpostponement; procrastination\tprokrasto
02087	1970-01-01 00:00:00	0000	0000	温める	v.\tatatameru\t데우다; 따뜻하게 하다\t\tréchauffer; chauffer\tto warm; heat\tvarmigi
02088	1970-01-01 00:00:00	0000	0000	j'en pouvais plus	구어표현\t\t더 이상 못 참겠었다; 완전히 지쳤었다\tもう耐えられなかった; 疲れ切っていた (mō taerarenakatta; tsukarekitta)\tje ne pouvais plus supporter ou continuer\tI couldn't take it anymore\tmi ne plu povis elteni
02089	1970-01-01 00:00:00	0000	0000	一方通行	n.\tippō tsūkō\t일방통행\t\tsens unique\tone-way traffic\tunudirekta trafiko
02090	1970-01-01 00:00:00	0000	0000	奥	n.\toku\t안쪽; 깊은 곳; 내부\t\tfond; intérieur profond\tinner part; back\tinterno; fundo
02091	1970-01-01 00:00:00	0000	0000	ジンクス	n.\tjinkusu\t징크스; 불길한 미신\t\tjinx; superstition porte-malheur\tjinx\tmalbonŝanca antaŭsigno
02092	1970-01-01 00:00:00	0000	0000	la corde à linge	명사구\t\t빨랫줄\t物干しロープ; 洗濯ひも (monohoshi rōpu; sentaku himo)\tcorde utilisée pour étendre le linge\tclothesline\tlavŝnuro
02093	1970-01-01 00:00:00	0000	0000	運	n.\tun\t운; 운세; 행운\t\tchance; destin\tluck; fortune\tbonŝanco; sorto
02094	1970-01-01 00:00:00	0000	0000	手ぶら	명사·な형용사\ttebura\t빈손; 아무것도 들지 않은 상태\t\tles mains vides\tempty-handed\tmalplenmane
02095	1970-01-01 00:00:00	0000	0000	オリる	동사·포커은어\toriru\t폴드하다; 게임에서 패를 포기하다\t\tse coucher au poker\tto fold in poker\trezigni en pokero
02096	1970-01-01 00:00:00	0000	0000	たまには	adv.\ttama ni wa\t가끔은\t\tde temps en temps; pour une fois\tonce in a while\tfoje
02097	1970-01-01 00:00:00	0000	0000	gamelle	명사·구어\t\t동물 밥그릇; 식기; 넘어짐\t餌入れ; 食器; 転倒 (esa-ire; shokki; tentō)\técuelle d'animal; chute familière\tpet bowl; fall\tbestobovlo; falo
02098	1970-01-01 00:00:00	0000	0000	repas copieux	명사구\t\t푸짐한 식사\tボリュームのある食事; 豪華な食事 (boryūmu no aru shokuji; gōka na shokuji)\trepas abondant et nourrissant\thearty meal\tabunda manĝo
02099	1970-01-01 00:00:00	0000	0000	味わっている	동사표현\tajiwatte iru\t맛보고 있다; 경험하고 있다\t\têtre en train de goûter ou d'éprouver\tto be tasting; experiencing\tgustumas; spertas
02100	1970-01-01 00:00:00	0000	0000	包装	명사·동사\thōsō\t포장; 포장하다\t\temballage; emballer\tpackaging; wrapping\tpakado
02101	1970-01-01 00:00:00	0000	0000	fumée	n.\t\t연기\t煙 (kemuri)\tgaz et particules produits par combustion\tsmoke\tfumo
02102	1970-01-01 00:00:00	0000	0000	à son actif	관용표현\t\t그의 업적으로; 그의 경력에 포함되어\tその実績として; 経歴に (sono jisseki to shite; keireki ni)\tcompté parmi ses réalisations\tto one's credit\tinter ies atingoj
02103	1970-01-01 00:00:00	0000	0000	貸す	v.\tkasu\t빌려주다; 대여하다\t\tprêter; louer\tto lend; rent out\tpruntedoni; ludoni
02104	1970-01-01 00:00:00	0000	0000	un souvenir	n.\t\t추억; 기념품\t思い出; お土産 (omoide; omiyage)\tmémoire du passé; objet commémoratif\tmemory; souvenir\tmemoro; memoraĵo
02105	1970-01-01 00:00:00	0000	0000	bilan	n.\t\t결산; 총평; 평가\t決算; 総評; 評価 (kessan; sōhyō; hyōka)\trésumé des résultats; évaluation\tassessment; review\tbilanco; takso
02106	1970-01-01 00:00:00	0000	0000	咳をする	동사구\tseki o suru\t기침하다\t\ttousser\tto cough\ttusi
02107	1970-01-01 00:00:00	0000	0000	cerveau	n.\t\t뇌; 머리\t脳; 頭脳 (nō; zunō)\torgane central du système nerveux\tbrain\tcerbo
02108	1970-01-01 00:00:00	0000	0000	payer rubis sur l'ongle	관용표현\t\t즉시 전액 현금으로 지불하다\t即座に全額を現金で払う (sokuza ni zengaku o genkin de harau)\tpayer immédiatement et intégralement\tto pay on the nail\ttuj kaj plene pagi
02109	1970-01-01 00:00:00	0000	0000	fichu	형용사·구어\t\t형편없는; 성가신; 빌어먹을\tひどい; 厄介な; いまいましい (hidoi; yakkai na; imaimashii)\tmauvais; agaçant; maudit\tlousy; darned\taĉa; diabla
02110	1970-01-01 00:00:00	0000	0000	シリーズもの	n.\tshirīzumono\t시리즈물; 연속 작품\t\tœuvre en série\tseries work\tseria verko
02111	1970-01-01 00:00:00	0000	0000	鳥肌が立つ	동사구\ttorihada ga tatsu\t소름이 돋다\t\tavoir la chair de poule\tto get goosebumps\thavi anserhaŭton
02112	1970-01-01 00:00:00	0000	0000	掃除	명사·동사\tsōji\t청소\t\tnettoyage; ménage\tcleaning\tpurigado
02113	1970-01-01 00:00:00	0000	0000	渋み	n.\tshibumi\t떫은맛; 절제된 멋\t\tastringence; élégance sobre\tastringency; understated elegance\tadstringeco; sobra eleganteco
02114	1970-01-01 00:00:00	0000	0000	額縁	n.\tgakubuchi\t액자; 그림틀\t\tcadre de tableau\tpicture frame\tbildkadro
02115	1970-01-01 00:00:00	0000	0000	le futur	명사·형용사\t\t미래; 미래의\t未来; 将来; 未来の (mirai; shōrai; mirai no)\ttemps à venir\tfuture\testonteco
02116	1970-01-01 00:00:00	0000	0000	本物	n.\thonmono\t진짜; 진품; 본물\t\tauthentique; vrai objet\tthe real thing; genuine item\tveraĵo; aŭtentikaĵo
02117	1970-01-01 00:00:00	0000	0000	なってない	동사표현\tnattenai\t되어 있지 않다; 제대로가 아니다\t\tne pas être devenu; être inadéquat\tisn't done; is inadequate\tne estas farita; ne taŭgas
02118	1970-01-01 00:00:00	0000	0000	il commence à	동사표현\t\t그는 ~하기 시작한다; 그것이 ~하기 시작한다\t彼は〜し始める; それは〜し始める (kare wa shi hajimeru; sore wa shi hajimeru)\tdébut d'une action\the/it starts to\tli/ĝi komencas
02119	1970-01-01 00:00:00	0000	0000	猫	n.\tneko\t고양이\t\tchat\tcat\tkato
02120	1970-01-01 00:00:00	0000	0000	座りっぱなし	명사·표현\tsuwarippanashi\t계속 앉아 있음\t\trester assis sans bouger\tsitting continuously\tsenĉese sidi
02121	1970-01-01 00:00:00	0000	0000	掃除機	n.\tsōjiki\t진공청소기\t\taspirateur\tvacuum cleaner\tpolvosuĉilo
02122	1970-01-01 00:00:00	0000	0000	ひっくり返す	v.\thikkurikaesu\t뒤집다; 뒤엎다\t\tretourner; renverser\tto turn over; overturn\trenversi
02123	1970-01-01 00:00:00	0000	0000	digestive	형용사\t\t소화를 돕는; 소화의\t消化を助ける; 消化の (shōka o tasukeru; shōka no)\tqui facilite ou concerne la digestion\tdigestive\tdigestiga
02124	1970-01-01 00:00:00	0000	0000	un entraînement	n.\t\t훈련; 트레이닝; 연습\t訓練; トレーニング; 練習 (kunren; torēningu; renshū)\tséance de préparation physique ou technique\ttraining; workout\ttrejnado
02125	1970-01-01 00:00:00	0000	0000	majuscules	명사·형용사\t\t대문자; 대문자의\t大文字; 大文字の (ōmoji; ōmoji no)\tlettres capitales\tcapital letters\tmajuskloj
02126	1970-01-01 00:00:00	0000	0000	sollicitation commerciale	명사구\t\t상업적 권유; 영업 접촉\t商業的勧誘; 営業活動 (shōgyōteki kan'yū; eigyō katsudō)\tdémarche visant à vendre un produit ou service\tcommercial solicitation\tkomerca varbado
02127	1970-01-01 00:00:00	0000	0000	ベジタリアン	명사·な형용사\tbejitarian\t채식주의자; 채식의\t\tvégétarien; végétarienne\tvegetarian\tvegetarano
02128	1970-01-01 00:00:00	0000	0000	嫌だ	な형용사표현\tiya da\t싫다; 원치 않는다\t\tje déteste; je ne veux pas\tI don't like it; no way\tmi ne ŝatas; ne
02129	1970-01-01 00:00:00	0000	0000	déneiger	v.\t\t제설하다; 눈을 치우다\t除雪する; 雪かきする (josetsu suru; yukikaki suru)\tenlever la neige d'une surface\tto clear snow\tforigi neĝon
02130	1970-01-01 00:00:00	0000	0000	mettre de côté	동사구\t\t옆에 두다; 치워 두다; 저축하다\t脇に置く; 取っておく; 貯金する (waki ni oku; totte oku; chokin suru)\tréserver; écarter; économiser\tto set aside; save\tflankenmeti; ŝpari
02131	1970-01-01 00:00:00	0000	0000	une expérience virtuelle	명사구\t\t가상 경험\t仮想体験 (kasō taiken)\texpérience vécue dans un environnement numérique\tvirtual experience\tvirtuala sperto
02132	1970-01-01 00:00:00	0000	0000	l'été	n.\t\t여름\t夏 (natsu)\tsaison la plus chaude de l'année\tsummer\tsomero
02133	1970-01-01 00:00:00	0000	0000	胸焼け	n.\tmuneyake\t속쓰림; 위산 역류 느낌\t\tbrûlures d'estomac\theartburn\tpirozo
02134	1970-01-01 00:00:00	0000	0000	よく知らない	동사표현\tyoku shiranai\t잘 모르다; 익숙하지 않다\t\tne pas bien connaître\tnot know well\tne bone koni
02135	1970-01-01 00:00:00	0000	0000	finir à découvert	동사구\t\t계좌가 마이너스로 끝나다\t口座が赤字になる (kōza ga akaji ni naru)\tterminer avec un solde bancaire négatif\tto end up overdrawn\tfini kun negativa saldo
02136	1970-01-01 00:00:00	0000	0000	ギャンブル狂	n.\tgyanburu-kyō\t도박광; 도박에 미친 사람\t\tjoueur compulsif; accro au jeu\tgambling addict\tvetludmaniulo
02137	1970-01-01 00:00:00	0000	0000	l'oie	n.\t\t거위\tガチョウ (gachō)\tgrand oiseau aquatique domestique ou sauvage\tgoose\tansero
02138	1970-01-01 00:00:00	0000	0000	試してみるべきだ	표현\ttameshite miru beki da\t시도해 봐야 한다\t\til faudrait essayer\tshould try\tdevus provi
02139	1970-01-01 00:00:00	0000	0000	名作	n.\tmeisaku\t명작; 걸작\t\tchef-d'œuvre; grande œuvre\tmasterpiece\tĉefverko
02140	1970-01-01 00:00:00	0000	0000	un malentendu	n.\t\t오해\t誤解 (gokai)\tcompréhension incorrecte entre personnes\tmisunderstanding\tmiskompreno
02141	1970-01-01 00:00:00	0000	0000	laisser tomber quelqu'un / quelque chose	동사구\t\t누군가나 무언가를 내버리다; 포기하다; 바람맞히다\t人や物を放っておく; 諦める; すっぽかす (hito ya mono o hotte oku; akirameru; suppokasu)\tabandonner; renoncer; ne pas venir\tto abandon; give up; stand up\tforlasi; rezigni
02142	1970-01-01 00:00:00	0000	0000	ミュージカル映画	n.\tmyūjikaru eiga\t뮤지컬 영화\t\tfilm musical\tmusical film\tmuzikala filmo
02143	1970-01-01 00:00:00	0000	0000	長い行列	명사구\tnagai gyōretsu\t긴 줄; 긴 행렬\t\tlongue file d'attente\tlong queue\tlonga vico
02144	1970-01-01 00:00:00	0000	0000	赤面	명사·동사\tsekimen\t얼굴을 붉힘; 홍조\t\trougissement; embarras visible\tblushing\truĝiĝo
02145	1970-01-01 00:00:00	0000	0000	丸まる	v.\tmarumaru\t둥글게 말리다; 웅크리다\t\ts'enrouler; se mettre en boule\tto curl up\tvolviĝi; kurbiĝi
02146	1970-01-01 00:00:00	0000	0000	sérum	n.\t\t세럼; 에센스; 혈청\t美容液; 血清 (biyōeki; kessei)\tsoin concentré ou partie liquide du sang\tserum\tserumo
02147	1970-01-01 00:00:00	0000	0000	決意	명사·동사\tketsui\t결의; 결심\t\trésolution; décision ferme\tdetermination; resolve\tdecido; persistemo
02148	1970-01-01 00:00:00	0000	0000	縁起が悪い	표현\tengi ga warui\t재수가 없다; 불길하다\t\tporter malheur; être de mauvais augure\tbe unlucky; ominous\testi malbonŝanca
02149	1970-01-01 00:00:00	0000	0000	渡して	동사표현\twatashite\t건네줘; 건네서\t\tdonne; en remettant\thand it over; handing\ttransdonu; transdonante
02150	1970-01-01 00:00:00	0000	0000	予感	명사·동사\tyokan\t예감\t\tpressentiment\tpremonition; feeling\tantaŭsento
02151	1970-01-01 00:00:00	0000	0000	une liste de souhaits	명사구\t\t위시리스트; 희망 목록\t欲しい物リスト; 希望リスト (hoshii mono risuto; kibō risuto)\tliste de choses désirées\twish list\tdezirlisto
02152	1970-01-01 00:00:00	0000	0000	l'adversaire	n.\t\t상대; 적수\t相手; 対戦相手 (aite; taisen aite)\tpersonne opposée dans un conflit ou un jeu\topponent\tkontraŭulo
02153	1970-01-01 00:00:00	0000	0000	面白い	い형용사\tomoshiroi\t재미있다; 흥미롭다\t\tintéressant; amusant\tinteresting; funny\tinteresa; amuza
02154	1970-01-01 00:00:00	0000	0000	évoluer	v.\t\t진화하다; 발전하다; 변화하다\t進化する; 発展する; 変化する (shinka suru; hatten suru; henka suru)\tse transformer progressivement\tto evolve; develop\tevolui
02155	1970-01-01 00:00:00	0000	0000	してくれなくて	문법표현\tshite kurenakute\t해 주지 않아서\t\tparce que quelqu'un ne l'a pas fait pour moi\tbecause someone didn't do it for me\tĉar iu ne faris tion por mi
02156	1970-01-01 00:00:00	0000	0000	la projection	n.\t\t상영; 투사; 예상\t上映; 投影; 予測 (jōei; tōei; yosoku)\taction de projeter une image ou prévoir\tscreening; projection\tprojekcio
02157	1970-01-01 00:00:00	0000	0000	la connaissance	n.\t\t지식; 아는 사람; 인식\t知識; 知人; 認識 (chishiki; chijin; ninshiki)\tsavoir acquis; personne connue\tknowledge; acquaintance\tscio; konato
02158	1970-01-01 00:00:00	0000	0000	les impôts	n.\t\t세금; 세무 당국\t税金; 税務当局 (zeikin; zeimu tōkyoku)\tsommes versées à l'État\ttaxes\timpostoj
02159	1970-01-01 00:00:00	0000	0000	le pepperoni / le chorizo	n.\t\t페퍼로니／초리조\tペパロニ; チョリソー (peparoni; chorizō)\tcharcuteries épicées\tpepperoni / chorizo\tpeperono / ĉorizo
02160	1970-01-01 00:00:00	0000	0000	tout l'après-midi	부사구\t\t오후 내내\t午後ずっと (gogo zutto)\tpendant toute la durée de l'après-midi\tall afternoon\tdum la tuta posttagmezo
02161	1970-01-01 00:00:00	0000	0000	全く	adv.\tmattaku\t완전히; 전혀\t\tcomplètement; pas du tout\tcompletely; not at all\ttute; neniel
02162	1970-01-01 00:00:00	0000	0000	吸い込まれる	v.\tsuikomareru\t빨려 들어가다; 흡입되다\t\têtre aspiré; être absorbé\tto be sucked in\testi ensuĉita
02163	1970-01-01 00:00:00	0000	0000	tu as du courage	표현\t\t너는 용기가 있다; 대단하다\t君は勇気がある; よくやるね (kimi wa yūki ga aru; yoku yaru ne)\ttu es courageux\tyou are brave\tvi estas kuraĝa
02164	1970-01-01 00:00:00	0000	0000	涼む	v.\tsuzumu\t시원한 곳에서 더위를 식히다\t\tse rafraîchir dans un endroit frais\tto cool off\tmalvarmetiĝi
02165	1970-01-01 00:00:00	0000	0000	l'Épiphanie	n.\t\t주현절\t公現祭; エピファニー (kōgensai; epifanī)\tfête chrétienne du 6 janvier\tEpiphany\tEpifanio
02166	1970-01-01 00:00:00	0000	0000	リラックス	명사·동사\trirakkusu\t휴식을 취하다; 긴장을 풀다\t\tdétente; se détendre\trelaxation; to relax\tmalstreĉiĝo
02167	1970-01-01 00:00:00	0000	0000	la poussière	n.\t\t먼지\tほこり; 塵 (hokori; chiri)\tfines particules déposées sur les surfaces\tdust\tpolvo
02168	1970-01-01 00:00:00	0000	0000	当番	n.\ttōban\t당번; 차례\t\ttour de service; personne de garde\tduty; turn\tdeĵoro; vico
02169	1970-01-01 00:00:00	0000	0000	le chasse-neige	n.\t\t제설차; 제설기\t除雪車; 除雪機 (josetsusha; josetsuki)\tvéhicule ou appareil qui enlève la neige\tsnowplow\tneĝoforigilo
02170	1970-01-01 00:00:00	0000	0000	mettre en scène	동사구\t\t연출하다; 무대에 올리다; 꾸며 내다\t演出する; 上演する; 仕組む (enshutsu suru; jōen suru; shikumu)\torganiser la présentation d'une œuvre ou d'un événement\tto stage; direct\tenscenigi
02171	1970-01-01 00:00:00	0000	0000	室内	n.\tshitsunai\t실내\t\tintérieur; à l'intérieur\tindoors; interior\tendome
02172	1970-01-01 00:00:00	0000	0000	entrer dans les coulisses	동사구\t\t무대 뒤로 들어가다; 비하인드에 접근하다\t舞台裏に入る (butaiura ni hairu)\taccéder à l'arrière-scène\tto go backstage\tiri postscenejen
02173	1970-01-01 00:00:00	0000	0000	ハッキング	n.\thakkigu\t해킹\t\tpiratage informatique\thacking\tkodrompado
02174	1970-01-01 00:00:00	0000	0000	la part de pizza	명사구\t\t피자 한 조각\tピザ一切れ (piza hitokire)\tportion triangulaire de pizza\tslice of pizza\tpictranĉaĵo
02175	1970-01-01 00:00:00	0000	0000	on ne bouge plus	동사표현\t\t우리는 더 이상 움직이지 않는다\t私たちはもう動かない (watashitachi wa mō ugokanai)\tnous restons immobiles\twe don't move anymore\tni ne plu moviĝas
02176	1970-01-01 00:00:00	0000	0000	rater	v.\t\t실패하다; 놓치다; 망치다\t失敗する; 逃す; 台無しにする (shippai suru; nogasu; dainashi ni suru)\tmanquer ou ne pas réussir\tto miss; fail\tmaltrafi; malsukcesi
02177	1970-01-01 00:00:00	0000	0000	頭を休ませる	동사구\tatama o yasumaseru\t머리를 쉬게 하다\t\treposer son cerveau; se vider la tête\tto rest one's mind\tripozigi la menson
02178	1970-01-01 00:00:00	0000	0000	essayer de	동사구\t\t~하려고 시도하다\t〜しようとする (shiyō to suru)\ttenter de faire\tto try to\tprovi fari
02179	1970-01-01 00:00:00	0000	0000	気合を入れる	동사구\tkiai o ireru\t기합을 넣다; 마음을 다잡다\t\tse motiver; se préparer mentalement\tto psych oneself up\tsin motivi
02180	1970-01-01 00:00:00	0000	0000	立ち往生する	v.\ttachiōjō suru\t꼼짝 못하다; 오도 가도 못하다\t\têtre immobilisé; rester bloqué\tto be stranded\testi blokita
02181	1970-01-01 00:00:00	0000	0000	増やす	v.\tfuyasu\t늘리다; 증가시키다\t\taugmenter; accroître\tto increase\tpliigi
02182	1970-01-01 00:00:00	0000	0000	洗濯かご	n.\tsentaku kago\t빨래 바구니\t\tpanier à linge\tlaundry basket\tlavotkorbo
02183	1970-01-01 00:00:00	0000	0000	冒険者	n.\tbōkensha\t모험가\t\taventurier; aventurière\tadventurer\taventuristo
02184	1970-01-01 00:00:00	0000	0000	今週	명사·부사\tkonshū\t이번 주\t\tcette semaine\tthis week\tĉi-semajne
02185	1970-01-01 00:00:00	0000	0000	fond de teint	n.\t\t파운데이션 화장품\tファンデーション (fandēshon)\tproduit de maquillage unifiant le teint\tfoundation makeup\tvizaĝfondaĵo
02186	1970-01-01 00:00:00	0000	0000	trinquer	v.\t\t건배하다; 잔을 부딪치다\t乾杯する; グラスを合わせる (kanpai suru; gurasu o awaseru)\tchoquer les verres avant de boire\tto toast; clink glasses\ttosti; tintigi glasojn
02187	1970-01-01 00:00:00	0000	0000	avoir peur de	동사구\t\t~을 두려워하다\t〜を怖がる; 〜を恐れる (o kowagaru; o osoreru)\tcraindre quelqu'un ou quelque chose\tto be afraid of\ttimi
02188	1970-01-01 00:00:00	0000	0000	attendre l'heure de + infinitif	문법표현\t\t~할 시간을 기다리다\t〜する時間を待つ (suru jikan o matsu)\tpatienter jusqu'au moment de faire\tto wait for the time to do\tatendi la horon por fari
02189	1970-01-01 00:00:00	0000	0000	les aurores	n.\t\t새벽; 여명들\t夜明け; 暁 (yoake; akatsuki)\tpremières lumières du jour\tdawns\ttagiĝoj
02190	1970-01-01 00:00:00	0000	0000	C'est dommage que	표현\t\t~인 것이 아쉽다; 유감이다\t〜なのは残念だ (na no wa zannen da)\texpression de regret à propos d'un fait\tit's a shame that\testas domaĝe ke
02191	1970-01-01 00:00:00	0000	0000	大負けする	동사구\tōmake suru\t크게 지다; 대패하다\t\tperdre lourdement\tto lose badly\tmalvenki grave
02192	1970-01-01 00:00:00	0000	0000	réagir	v.\t\t반응하다\t反応する (hannō suru)\trépondre à une action ou une situation\tto react\treagi
02193	1970-01-01 00:00:00	0000	0000	遅刻	명사·동사\tchikoku\t지각; 지각하다\t\tretard; arriver en retard\tlateness; to be late\tmalfruo; malfrui
02194	1970-01-01 00:00:00	0000	0000	le trèfle à quatre feuilles	명사구\t\t네잎클로버\t四つ葉のクローバー (yotsuba no kurōbā)\ttrèfle rare considéré comme porte-bonheur\tfour-leaf clover\tkvarfolia trifolio
02195	1970-01-01 00:00:00	0000	0000	縁起	n.\tengi\t길흉의 징조; 운수\t\tprésage; augure\tomen; luck\tantaŭsigno; bonŝanco
02196	1970-01-01 00:00:00	0000	0000	la presse à scandale	명사구\t\t타블로이드 신문; 선정적 언론\tゴシップ紙; タブロイド紙 (goshippugami; taburoidoshi)\tpresse spécialisée dans les scandales\ttabloid press\tskandal-gazetaro
02197	1970-01-01 00:00:00	0000	0000	人違い	n.\thitochigai\t사람을 잘못 알아봄\t\terreur sur la personne\tmistaking someone for another\tpersonkonfuzo
02198	1970-01-01 00:00:00	0000	0000	靴下	n.\tkutsushita\t양말\t\tchaussettes\tsocks\tŝtrumpetoj
02199	1970-01-01 00:00:00	0000	0000	号泣する	v.\tgōkyū suru\t통곡하다; 목 놓아 울다\t\tsangloter bruyamment\tto sob loudly\tploregi
02200	1970-01-01 00:00:00	0000	0000	当てる	v.\tateru\t맞히다; 추측하다; 대다\t\tdeviner; toucher juste; appliquer\tto guess; hit; apply\tdiveni; trafi; apliki
02201	1970-01-01 00:00:00	0000	0000	repartir	v.\t\t다시 떠나다; 돌아가다\t再び出発する; 帰る (futatabi shuppatsu suru; kaeru)\tpartir de nouveau; retourner\tto leave again; go back\tforiri denove; reveni
02202	1970-01-01 00:00:00	0000	0000	ジャンクフード	n.\tjanku fūdo\t정크푸드\t\tmalbouffe; nourriture industrielle\tjunk food\trubmanĝaĵo
02203	1970-01-01 00:00:00	0000	0000	効いている	동사표현\tkiite iru\t효과가 있다; 잘 작동하고 있다\t\têtre efficace; fonctionner correctement\tto be working; be effective\tefiki; funkcii
02204	1970-01-01 00:00:00	0000	0000	思い出の品	명사구\tomoide no shina\t추억의 물건; 기념품\t\tobjet-souvenir\tmemento; keepsake\tmemoraĵo
02205	1970-01-01 00:00:00	0000	0000	recaler quelque chose	동사구\t\t일정을 다시 잡다; 연기하다\t予定を組み直す; 延期する (yotei o kuminaosu; enki suru)\treprogrammer ou reporter quelque chose\tto reschedule; postpone\treplani; prokrasti
02206	1970-01-01 00:00:00	0000	0000	知らない	v.\tshiranai\t모르다; 알지 못하다\t\tne pas savoir; ne pas connaître\tnot to know\tne scii; ne koni
02207	1970-01-01 00:00:00	0000	0000	captivé(e)	형용사\t\t사로잡힌; 매료된\t心を奪われた; 魅了された (kokoro o ubawareta; miryō sareta)\tabsorbé ou fortement intéressé\tcaptivated\tensorĉita; fascinita
02208	1970-01-01 00:00:00	0000	0000	やめた	v.\tyameta\t그만두었다; 멈췄다\t\ta arrêté; a cessé\tstopped; quit\tĉesis
02209	1970-01-01 00:00:00	0000	0000	たった	부사·연체사\ttatta\t겨우; 단지\t\tseulement; à peine\tonly; merely\tnur
02210	1970-01-01 00:00:00	0000	0000	数日間	명사구\tsūjitsukan\t며칠 동안\t\tpendant plusieurs jours\tfor several days\tdum kelkaj tagoj
02211	1970-01-01 00:00:00	0000	0000	折ったら	동사표현\tottara\t부러뜨리면; 접으면\t\tsi on casse; si on plie\tif one breaks; if one folds\tse oni rompas; se oni faldas
02212	1970-01-01 00:00:00	0000	0000	il date de 1998	동사표현\t\t그것은 1998년의 것이다\tそれは1998年のものだ (sore wa sen-kyūhyaku-kyūjū-hachi-nen no mono da)\til a été produit ou créé en 1998\tit dates from 1998\tĝi devenas de 1998
02213	1970-01-01 00:00:00	0000	0000	parfum	n.\t\t향수; 향기\t香水; 香り (kōsui; kaori)\tsubstance odorante; odeur agréable\tperfume; fragrance\tparfumo; aromo
02214	1970-01-01 00:00:00	0000	0000	passer la soirée	동사구\t\t저녁 시간을 보내다\t夜を過ごす (yoru o sugosu)\toccuper ou vivre la soirée\tto spend the evening\tpasigi la vesperon
02215	1970-01-01 00:00:00	0000	0000	映画祭	n.\teigasai\t영화제\t\tfestival de cinéma\tfilm festival\tfilmfestivalo
02216	1970-01-01 00:00:00	0000	0000	patinoire	n.\t\t스케이트장\tスケートリンク (sukēto rinku)\tsurface aménagée pour le patinage\tice rink\tsketejo
02217	1970-01-01 00:00:00	0000	0000	やめさせて	동사표현\tyamesasete\t그만두게 해 줘; 멈추게 해서\t\tfais arrêter; laisse faire cesser\tmake someone stop\tĉesigu
02218	1970-01-01 00:00:00	0000	0000	le poulet	n.\t\t닭; 닭고기\t鶏; 鶏肉 (niwatori; toriniku)\tvolaille ou viande de poulet\tchicken\tkokido; kokidaĵo
02219	1970-01-01 00:00:00	0000	0000	une toile	n.\t\t천; 캔버스; 거미줄\t布; キャンバス; 蜘蛛の巣 (nuno; kyanbasu; kumo no su)\ttissu; tableau; réseau d'araignée\tcloth; canvas; web\tŝtofo; kanvaso; araneaĵo
02220	1970-01-01 00:00:00	0000	0000	スキンケア	n.\tsukinkea\t스킨케어; 피부 관리\t\tsoins de la peau\tskin care\thaŭtflegado
02221	1970-01-01 00:00:00	0000	0000	la critique	n.\t\t비평; 리뷰; 비판\t批評; レビュー; 批判 (hyōhyō; rebyū; hihan)\tanalyse ou jugement d'une œuvre\tcriticism; review\tkritiko; recenzo
02222	1970-01-01 00:00:00	0000	0000	se regarder	v.\t\t서로 바라보다; 자신을 보다\t見つめ合う; 自分を見る (mitsumeau; jibun o miru)\tporter le regard l'un sur l'autre ou sur soi\tto look at each other; oneself\trigardi unu la alian; sin
02223	1970-01-01 00:00:00	0000	0000	être optimiste	동사구\t\t낙관적이다\t楽観的である (rakkanteki de aru)\tvoir les choses favorablement\tto be optimistic\testi optimisma
02224	1970-01-01 00:00:00	0000	0000	avant même que	접속사구\t\t심지어 ~하기도 전에\t〜する前から; 〜するより前に (suru mae kara; suru yori mae ni)\tplus tôt que l'action exprimée\teven before\teĉ antaŭ ol
02225	1970-01-01 00:00:00	0000	0000	とにかく	adv.\ttonikaku\t어쨌든; 아무튼\t\ten tout cas; quoi qu'il en soit\tanyway; in any case\tĉiuokaze
02226	1970-01-01 00:00:00	0000	0000	指	n.\tyubi\t손가락; 발가락\t\tdoigt; orteil\tfinger; toe\tfingro; piedfingro
02227	1970-01-01 00:00:00	0000	0000	菜食主義者	n.\tsaishoku shugisha\t채식주의자\t\tvégétarien; végétarienne\tvegetarian\tvegetarano
02228	1970-01-01 00:00:00	0000	0000	la frangipane	n.\t\t프랑지판; 아몬드 크림\tフランジパーヌ; アーモンドクリーム (furanjipānu; āmondo kurīmu)\tcrème pâtissière aux amandes\tfrangipane\tmigdala kremo
02229	1970-01-01 00:00:00	0000	0000	contredire	v.\t\t반박하다; 반대되는 말을 하다\t反論する; 否定する (hanron suru; hitei suru)\taffirmer le contraire de ce qui a été dit\tto contradict\tkontraŭdiri
02230	1970-01-01 00:00:00	0000	0000	確かに	adv.\ttashika ni\t확실히; 분명히; 과연\t\tcertainement; effectivement\tcertainly; indeed\tcerte; efektive
02231	1970-01-01 00:00:00	0000	0000	la revente	n.\t\t재판매; 되팔기\t再販売; 転売 (saihanbai; tenbai)\taction de vendre de nouveau\tresale\trevendo
02232	1970-01-01 00:00:00	0000	0000	風味	n.\tfūmi\t풍미; 맛과 향\t\tsaveur; arôme\tflavor; aroma\tgusto; aromo
02233	1970-01-01 00:00:00	0000	0000	la cave à vin	명사구\t\t와인 저장고; 와인 셀러\tワインセラー; 酒蔵 (wain serā; sakagura)\tlocal où l'on conserve le vin\twine cellar\tvinkelo
02234	1970-01-01 00:00:00	0000	0000	日焼け止め	n.\thiyakedome\t자외선 차단제; 선크림\t\tcrème solaire\tsunscreen\tsunkremo
02235	1970-01-01 00:00:00	0000	0000	T'aurais dû	조건과거표현\t\t너는 ~했어야 했다\t君は〜すべきだった (kimi wa subeki datta)\tforme familière de tu aurais dû\tyou should have\tvi devintus
02236	1970-01-01 00:00:00	0000	0000	むしろ	adv.\tmushiro\t오히려; 차라리\t\tplutôt; au contraire\trather; instead\tprefere; male
02237	1970-01-01 00:00:00	0000	0000	la correspondance	n.\t\t환승; 서신 왕래; 대응 관계\t乗り換え; 文通; 対応 (norikae; buntsū; taiō)\tliaison entre transports; échange de lettres\tconnection; correspondence\ttransiro; korespondado
02238	1970-01-01 00:00:00	0000	0000	sapin de Noël	명사구\t\t크리스마스트리\tクリスマスツリー (kurisumasu tsurī)\tsapin décoré pour Noël\tChristmas tree\tkristnaska arbo
02239	1970-01-01 00:00:00	0000	0000	音	n.\toto\t소리\t\tson; bruit\tsound\tsono
02240	1970-01-01 00:00:00	0000	0000	m'aurait pas arrangé	조건과거표현\t\t내게 도움이 되지 않았을 것이다\t私には都合が悪かっただろう (watashi ni wa tsugō ga warukatta darō)\tne m'aurait pas été utile ou favorable\twouldn't have helped me\tne estus helpinta min
02241	1970-01-01 00:00:00	0000	0000	éternuer	v.\t\t재채기하다\tくしゃみをする (kushami o suru)\texpulser brusquement de l'air par le nez\tto sneeze\tterni
02242	1970-01-01 00:00:00	0000	0000	公共交通機関	n.\tkōkyō kōtsū kikan\t대중교통기관\t\ttransports en commun\tpublic transportation\tpublika transporto
02243	1970-01-01 00:00:00	0000	0000	ne plus savoir où se mettre	관용표현\t\t몹시 당황하여 어쩔 줄 모르다\t恥ずかしくて居場所がない; 途方に暮れる (hazukashikute ibasho ga nai; tohō ni kureru)\têtre extrêmement gêné\tnot know where to hide\tne scii kie sin kaŝi
02244	1970-01-01 00:00:00	0000	0000	ヒット	명사·동사\thitto\t히트; 대성공; 안타\t\tsuccès; tube; coup sûr\thit; success\tfuroraĵo; sukceso
02245	1970-01-01 00:00:00	0000	0000	ゲーム障害	n.\tgēmu shōgai\t게임 장애; 게임 이용 장애\t\ttrouble du jeu vidéo\tgaming disorder\tvideoluda dependeco
02246	1970-01-01 00:00:00	0000	0000	ホットドリンク	n.\thotto dorinku\t뜨거운 음료\t\tboisson chaude\thot drink\tvarma trinkaĵo
02247	1970-01-01 00:00:00	0000	0000	ビズ	n.\tbizu\t비즈; 볼 키스 인사\t\tbise; bisou de salutation\tcheek-kiss greeting\tvangkiso
02248	1970-01-01 00:00:00	0000	0000	décider de	동사구\t\t~하기로 결정하다\t〜することを決める (suru koto o kimeru)\tprendre la décision de\tto decide to\tdecidi fari
02249	1970-01-01 00:00:00	0000	0000	遅刻する	v.\tchikoku suru\t지각하다\t\tarriver en retard\tto be late\tmalfrui
02250	1970-01-01 00:00:00	0000	0000	物足りない	い형용사\tmonotarinai\t부족하다; 아쉽다; 성에 차지 않다\t\tinsuffisant; décevant\tunsatisfying; lacking\tnesufiĉa; malkontentiga
02251	1970-01-01 00:00:00	0000	0000	en boule	부사·형용사구\t\t공처럼 뭉친; 웅크린; 구겨진\t丸まって; くしゃくしゃに (marumatte; kushakusha ni)\troulé ou froissé en forme de boule\tballed up; crumpled\tbuligita; ĉifita
02252	1970-01-01 00:00:00	0000	0000	気恥ずかしい	い형용사\tkihazukashii\t왠지 부끄럽다; 쑥스럽다\t\tgêné; embarrassé\tself-conscious; embarrassed\tembarasa; hontema
02253	1970-01-01 00:00:00	0000	0000	une vedette	n.\t\t스타; 유명 인사; 쾌속정\tスター; 有名人; 高速艇 (sutā; yūmeijin; kōsokutei)\tpersonnalité célèbre; petit bateau rapide\tstar; celebrity; launch\tstelulo; rapidboato
02254	1970-01-01 00:00:00	0000	0000	住んでる	동사표현\tsunderu\t살고 있다\t\thabiter; vivre\tto live; reside\tloĝi
02255	1970-01-01 00:00:00	0000	0000	古着屋	n.\tfurugiya\t빈티지 옷가게; 중고 의류점\t\tfriperie; magasin de vêtements d'occasion\tsecondhand clothing store\tbrokanta vestaĵvendejo
02256	1970-01-01 00:00:00	0000	0000	掟	n.\tokite\t규칙; 법칙; 관습\t\trègle; loi; code\trule; code\tregulo; kodo
02257	1970-01-01 00:00:00	0000	0000	c'est dommage	표현\t\t아쉽다; 유감이다\t残念だ; もったいない (zannen da; mottainai)\tcela suscite le regret\tthat's a shame\testas domaĝe
02258	1970-01-01 00:00:00	0000	0000	défendre son point de vue	동사구\t\t자신의 관점을 옹호하다\t自分の意見を擁護する (jibun no iken o yōgo suru)\tsoutenir son opinion avec des arguments\tto defend one's point of view\tdefendi sian vidpunkton
02259	1970-01-01 00:00:00	0000	0000	通りかかる	v.\ttōrikakaru\t지나가다; 우연히 그곳을 지나다\t\tpasser par hasard\tto happen to pass by\thazarde preterpasi
02260	1970-01-01 00:00:00	0000	0000	renoncer à	동사구\t\t~을 포기하다\t〜を諦める (o akirameru)\tabandonner une intention ou un droit\tto give up; renounce\trezigni pri
02261	1970-01-01 00:00:00	0000	0000	普段	명사·부사\tfudan\t평소; 보통 때\t\td'habitude; quotidiennement\tusually; ordinarily\tkutime
02262	1970-01-01 00:00:00	0000	0000	ultra propre	형용사구\t\t매우 깨끗한\tとてもきれいな (totemo kirei na)\textrêmement propre\textremely clean\ttre pura
02263	1970-01-01 00:00:00	0000	0000	夢中になる	동사구\tmuchū ni naru\t열중하다; 푹 빠지다\t\tse passionner; être absorbé\tto become absorbed\tabsorbiĝi
02264	1970-01-01 00:00:00	0000	0000	逆に	adv.\tgyaku ni\t반대로; 오히려\t\tinversement; au contraire\tconversely; on the contrary\tinverse; male
02265	1970-01-01 00:00:00	0000	0000	liste rouge	명사구\t\t수신 거부 목록; 비공개 전화번호 목록\t着信拒否リスト; 非公開番号リスト (chakushin kyohi risuto; hikōkai bangō risuto)\tliste d'exclusion ou de numéros protégés\tblock list; red list\tbloklisto; ruĝa listo
02266	1970-01-01 00:00:00	0000	0000	暑がり	명사·な형용사\tatsugari\t더위를 많이 타는 사람\t\tpersonne sensible à la chaleur\tperson sensitive to heat\tvarmosentema homo
02267	1970-01-01 00:00:00	0000	0000	prendre froid	동사구\t\t감기에 걸리다; 몸이 차가워지다\t風邪を引く; 体を冷やす (kaze o hiku; karada o hiyasu)\tattraper un rhume\tto catch a cold\tmalvarmumi
02268	1970-01-01 00:00:00	0000	0000	la distraction	n.\t\t산만함; 주의 분산; 오락\t注意散漫; 気晴らし (chūi sanman; kibarashi)\tmanque d'attention; divertissement\tdistraction\tdistro; amuzo
02269	1970-01-01 00:00:00	0000	0000	運賃	n.\tunchin\t운임; 교통 요금\t\ttarif; prix du transport\tfare\tveturprezo
02270	1970-01-01 00:00:00	0000	0000	c'est quand même fou	구어표현\t\t정말 놀랍다; 정말 미친 일이다\tそれでも本当にすごい; まったく信じられない (sore demo hontō ni sugoi; mattaku shinjirarenai)\tc'est vraiment incroyable\tthat's really crazy\ttio estas vere freneza
02271	1970-01-01 00:00:00	0000	0000	ronronner	v.\t\t고양이가 가르랑거리다; 기계가 윙윙거리다\tゴロゴロ鳴く; 低く唸る (gorogoro naku; hikuku unaru)\témettre un bruit doux et régulier\tto purr; hum\tronroni; zumi
02272	1970-01-01 00:00:00	0000	0000	チケット	n.\tchiketto\t티켓; 표\t\tbillet; ticket\tticket\tbileto
02273	1970-01-01 00:00:00	0000	0000	finir de	동사구\t\t~하는 것을 끝내다; 막 ~을 마치다\t〜し終える; 〜したばかりだ (shi oeru; shita bakari da)\tachever une action\tto finish doing\tfini fari
02274	1970-01-01 00:00:00	0000	0000	痩せる	v.\tyaseru\t살이 빠지다; 마르다\t\tmaigrir; perdre du poids\tto lose weight\tmaldikiĝi
02275	1970-01-01 00:00:00	0000	0000	mettre de l'argent sur	동사구\t\t~에 돈을 걸다; 돈을 넣다\t〜にお金を賭ける; 入金する (ni okane o kakeru; nyūkin suru)\tmiser ou déposer de l'argent sur\tto bet money on; put money into\tveti monon je; enmeti monon
02276	1970-01-01 00:00:00	0000	0000	生み出してる	동사표현\tumidashiteru\t만들어 내고 있다; 생산하고 있다\t\têtre en train de créer; produire\tto be creating; producing\tkreas; produktas
02277	1970-01-01 00:00:00	0000	0000	熱中症	n.\tnetchūshō\t열사병; 온열 질환\t\tcoup de chaleur; maladie due à la chaleur\theatstroke\tvarmofrapo
02278	1970-01-01 00:00:00	0000	0000	意見の相違	명사구\tiken no sōi\t의견 차이\t\tdivergence d'opinions\tdifference of opinion\topinia diferenco
02279	1970-01-01 00:00:00	0000	0000	un ventilateur	n.\t\t선풍기; 환풍기\t扇風機; 換気扇 (senpūki; kankisen)\tappareil qui fait circuler l'air\tfan; ventilator\tventumilo
02280	1970-01-01 00:00:00	0000	0000	dingue	형용사·명사·구어\t\t미친; 대단한; 정신 나간 사람\t狂った; すごい; 狂人 (kurutta; sugoi; kyōjin)\tfou; incroyable en langage familier\tcrazy; amazing\tfreneza; mirinda
02281	1970-01-01 00:00:00	0000	0000	だったよ	문법표현\tdatta yo\t~였어; ~이었다고\t\tc'était; je te dis que c'était\tit was\testis
02282	1970-01-01 00:00:00	0000	0000	cosmétiques	명사·복수\t\t화장품\t化粧品; コスメ (keshōhin; kosume)\tproduits utilisés pour les soins et le maquillage\tcosmetics\tkosmetikaĵoj
02283	1970-01-01 00:00:00	0000	0000	le partage	n.\t\t나눔; 공유; 분할\t分かち合い; 共有; 分割 (wakachiai; kyōyū; bunkatsu)\taction de répartir ou de mettre en commun\tsharing; division\tkundivido; divido
02284	1970-01-01 00:00:00	0000	0000	節制する	v.\tsessei suru\t절제하다; 삼가다\t\tse modérer; pratiquer la tempérance\tto exercise restraint\tsin deteni; moderiĝi
02285	1970-01-01 00:00:00	0000	0000	ブロックする	v.\tburokku suru\t차단하다; 블록하다\t\tbloquer\tto block\tbloki
02286	1970-01-01 00:00:00	0000	0000	pressentiment	n.\t\t예감; 직감\t予感; 直感 (yokan; chokkan)\tsentiment anticipé de ce qui va arriver\tpremonition; hunch\tantaŭsento
02287	1970-01-01 00:00:00	0000	0000	すぐ近く	명사·부사구\tsugu chikaku\t바로 근처; 아주 가까이\t\ttout près; à proximité immédiate\tvery nearby\ttute proksime
02288	1970-01-01 00:00:00	0000	0000	naturel(le)	형용사·명사\t\t자연스러운; 천연의; 자연스러움\t自然な; 天然の; 自然体 (shizen na; tennen no; shizentai)\tconforme à la nature; sans artifice\tnatural\tnatura
02289	1970-01-01 00:00:00	0000	0000	faire la queue	동사구\t\t줄을 서다\t列に並ぶ (retsu ni narabu)\tattendre dans une file\tto queue; stand in line\tviciĝi
02290	1970-01-01 00:00:00	0000	0000	ファンデーション	n.\tfandēshon\t파운데이션; 기초\t\tfond de teint; fondation\tfoundation; makeup foundation\tfundamento; ŝminkbazo
02291	1970-01-01 00:00:00	0000	0000	histoire de	전치사구·구어\t\t~하기 위해서; ~하는 셈으로\t〜するために; ちょっと〜して (suru tame ni; chotto shite)\tdans le but de; simplement pour\tin order to; just to\tpor; nur por
02292	1970-01-01 00:00:00	0000	0000	薪ストーブ	n.\tmaki sutōbu\t장작 난로\t\tpoêle à bois\twood-burning stove\tlignoforno
02293	1970-01-01 00:00:00	0000	0000	炭酸飲料	n.\ttansan inryō\t탄산음료\t\tboisson gazeuse\tcarbonated drink\tgasa trinkaĵo
02294	1970-01-01 00:00:00	0000	0000	t'as l'air / tu as l'air	동사표현\t\t너는 ~처럼 보인다\t君は〜のように見える (kimi wa no yō ni mieru)\ttu sembles; tu parais\tyou look; you seem\tvi ŝajnas
02295	1970-01-01 00:00:00	0000	0000	détermination	n.\t\t결단력; 결의; 결정\t決断力; 決意; 決定 (ketsudanryoku; ketsui; kettei)\tvolonté ferme; action de déterminer\tdetermination\tdecidemo; decido
02296	1970-01-01 00:00:00	0000	0000	les cadeaux	명사·복수\t\t선물들\tプレゼント; 贈り物 (purezento; okurimono)\tobjets offerts à quelqu'un\tgifts\tdonacoj
02297	1970-01-01 00:00:00	0000	0000	ブラフ	n.\tburafu\t블러프; 허세; 속임수\t\tbluff; tromperie\tbluff\tblufaĵo
02298	1970-01-01 00:00:00	0000	0000	してあげる	보조동사표현\tshite ageru\t상대방을 위해 ~해 주다\t\tfaire quelque chose pour quelqu'un\tto do something for someone\tfari ion por iu
02299	1970-01-01 00:00:00	0000	0000	lourdeur	n.\t\t무거움; 더부룩함; 둔중함\t重さ; 胃もたれ; 鈍重さ (omosa; imotare; donjūsa)\tsensation de poids ou manque de légèreté\theaviness\tpezeco
02300	1970-01-01 00:00:00	0000	0000	autant … que …	상관표현\t\t~만큼 …하다; …와 같은 정도로\t〜と同じくらい…; 〜ほど… (to onaji kurai; hodo)\tégalité de quantité ou d'intensité\tas much … as …\ttiom … kiom …
02301	1970-01-01 00:00:00	0000	0000	ニャーニャー鳴く	동사구\tnyānyā naku\t야옹야옹 울다\t\tmiauler\tto meow\tmiaŭi
02302	1970-01-01 00:00:00	0000	0000	allumer le feu	동사구\t\t불을 붙이다; 불을 켜다\t火をつける (hi o tsukeru)\tmettre le feu en marche\tto light the fire\tekbruligi fajron
02303	1970-01-01 00:00:00	0000	0000	un désastre culinaire	명사구\t\t요리 대실패; 요리 재앙\t料理の大失敗 (ryōri no daishippai)\téchec complet en cuisine\tculinary disaster\tkuirarta katastrofo
02304	1970-01-01 00:00:00	0000	0000	明日用に	부사구\tashita-yō ni\t내일 쓰기 위해; 내일 몫으로\t\tpour demain\tfor tomorrow\tpor morgaŭ
02305	1970-01-01 00:00:00	0000	0000	餌	n.\tesa\t먹이; 사료\t\tnourriture pour animaux; appât\tanimal feed; bait\tbestnutraĵo; logaĵo
02306	1970-01-01 00:00:00	0000	0000	nocturne	형용사·명사\t\t야간의; 야간 행사\t夜の; 夜間営業 (yoru no; yakan eigyō)\tqui a lieu la nuit; ouverture en soirée\tnocturnal; evening opening\tnokta; vespera evento
02307	1970-01-01 00:00:00	0000	0000	思い出させる	v.\tomoidasaseru\t떠올리게 하다; 상기시키다\t\trappeler; faire se souvenir\tto remind\tmemorigi
02308	1970-01-01 00:00:00	0000	0000	d'ici le nouvel an	부사구\t\t새해까지; 새해가 되기 전에\t新年までに (shinnen made ni)\tavant l'arrivée du Nouvel An\tby New Year\tĝis la nova jaro
02309	1970-01-01 00:00:00	0000	0000	リモコン	n.\trimokon\t리모컨\t\ttélécommande\tremote control\tteleregilo
02310	1970-01-01 00:00:00	0000	0000	circuler	v.\t\t이동하다; 순환하다; 유통되다\t移動する; 循環する; 流通する (idō suru; junkan suru; ryūtsū suru)\tse déplacer; passer d'un lieu à l'autre\tto circulate; move\tcirkuli; moviĝi
02311	1970-01-01 00:00:00	0000	0000	新年の抱負	명사구\tshinnen no hōfu\t새해 결심; 신년 포부\t\trésolution du Nouvel An\tNew Year's resolution\tnovjara decido
02312	1970-01-01 00:00:00	0000	0000	両親	n.\tryōshin\t부모님; 양친\t\tparents\tparents\tgepatroj
02313	1970-01-01 00:00:00	0000	0000	特価	n.\ttokka\t특가; 특별 할인 가격\t\tprix spécial\tspecial price\tspeciala prezo
02314	1970-01-01 00:00:00	0000	0000	列に並ぶ	동사구\tretsu ni narabu\t줄을 서다\t\tfaire la queue\tto stand in line\tviciĝi
02315	1970-01-01 00:00:00	0000	0000	違うんだった	문법표현\tchigau n datta\t다르다는 것이었다; 다른 거였어\t\tc'était différent; il s'avérait que c'était différent\tit turned out to be different\tmontriĝis malsama
02316	1970-01-01 00:00:00	0000	0000	出始める	v.\tdehajimeru\t나오기 시작하다; 나타나기 시작하다\t\tcommencer à sortir; apparaître\tto start appearing\tekaperi; ekeliri
02317	1970-01-01 00:00:00	0000	0000	croquettes	명사·복수\t\t반려동물용 건식 사료; 크로켓\tドライフード; コロッケ (dorai fūdo; korokke)\taliments secs pour animaux; petites préparations panées\tkibble; croquettes\tseka bestnutraĵo; kroketoj
02318	1970-01-01 00:00:00	0000	0000	ブラックフライデー	n.\tburakku furaidē\t블랙 프라이데이\t\tBlack Friday\tBlack Friday\tNigra Vendredo
02319	1970-01-01 00:00:00	0000	0000	déménager	v.\t\t이사하다; 옮기다\t引っ越す; 移転する (hikkosu; iten suru)\tchanger de logement ou de locaux\tto move house\ttransloĝiĝi
02320	1970-01-01 00:00:00	0000	0000	屁理屈	n.\therikutsu\t억지 논리; 궤변\t\tsophisme; argument spécieux\tsophistry; quibble\tsofismo
02321	1970-01-01 00:00:00	0000	0000	le sèche-linge	n.\t\t의류 건조기\t衣類乾燥機 (irui kansōki)\tappareil qui sèche le linge\tclothes dryer\tvestsekigilo
02322	1970-01-01 00:00:00	0000	0000	コントローラー	n.\tkontorōrā\t컨트롤러; 조종기\t\tcontrôleur; manette\tcontroller\tregilo
02323	1970-01-01 00:00:00	0000	0000	ゲームプラットフォーム	n.\tgēmu purattofōmu\t게임 플랫폼\t\tplateforme de jeu\tgaming platform\tludplatformo
02324	1970-01-01 00:00:00	0000	0000	言い訳	명사·동사\tiiwake\t변명; 핑계\t\texcuse; justification\texcuse\tsenkulpigo; preteksto
02325	1970-01-01 00:00:00	0000	0000	温室	n.\tonshitsu\t온실\t\tserre\tgreenhouse\tforcejo
02326	1970-01-01 00:00:00	0000	0000	一気に	adv.\tikki ni\t단숨에; 한꺼번에\t\td'un seul coup; tout à la fois\tall at once\tunufoje
02327	1970-01-01 00:00:00	0000	0000	洗う	v.\tarau\t씻다; 빨다\t\tlaver\tto wash\tlavi
02328	1970-01-01 00:00:00	0000	0000	リセット	명사·동사\trisetto\t초기화; 재설정\t\tréinitialisation; réinitialiser\treset\trestartigo; restartigi
02329	1970-01-01 00:00:00	0000	0000	延ばせない	동사표현\tnobasenai\t미룰 수 없다; 연장할 수 없다\t\tne pas pouvoir reporter ou prolonger\tcannot postpone or extend\tne povi prokrasti aŭ plilongigi
02330	1970-01-01 00:00:00	0000	0000	効果	n.\tkōka\t효과; 효능\t\teffet; efficacité\teffect; effectiveness\tefiko
02331	1970-01-01 00:00:00	0000	0000	心配	명사·동사\tshinpai\t걱정; 걱정하다\t\tinquiétude; s'inquiéter\tworry\tzorgo; zorgi
02332	1970-01-01 00:00:00	0000	0000	魔女	n.\tmajo\t마녀\t\tsorcière\twitch\tsorĉistino
02333	1970-01-01 00:00:00	0000	0000	ペットシッター	n.\tpetto shittā\t펫시터; 반려동물 돌봄이\t\tgardien d'animaux; pet-sitter\tpet sitter\tbestogardisto
02334	1970-01-01 00:00:00	0000	0000	デザート	n.\tdezāto\t디저트\t\tdessert\tdessert\tdeserto
02335	1970-01-01 00:00:00	0000	0000	アカウント復旧	n.\takaunto fukkyū\t계정 복구\t\trécupération de compte\taccount recovery\tkontoreakiro
02336	1970-01-01 00:00:00	0000	0000	les protéines végétales	명사구·복수\t\t식물성 단백질\t植物性たんぱく質 (shokubutsusei tanpakushitsu)\tprotéines provenant des plantes\tplant proteins\tplantaj proteinoj
02337	1970-01-01 00:00:00	0000	0000	le feu de cheminée	명사구\t\t벽난로 불\t暖炉の火 (danro no hi)\tfeu allumé dans une cheminée\tfireplace fire\tkamenfajro
02338	1970-01-01 00:00:00	0000	0000	交通整理	명사·동사\tkōtsū seiri\t교통정리; 차량 유도\t\trégulation de la circulation\ttraffic control\ttrafikregado
02339	1970-01-01 00:00:00	0000	0000	une rétrospective	n.\t\t회고전; 회고\t回顧展; 回顧 (kaikoten; kaiko)\tprésentation d'œuvres ou d'événements passés\tretrospective\tretrospektivo
02340	1970-01-01 00:00:00	0000	0000	les transports	명사·복수\t\t교통수단; 대중교통\t交通手段; 公共交通機関 (kōtsū shudan; kōkyō kōtsū kikan)\tmoyens de déplacement des personnes ou marchandises\ttransportation\ttransporto
02341	1970-01-01 00:00:00	0000	0000	coopératifs	형용사·복수\t\t협조적인; 협동의\t協力的な; 協同の (kyōryokuteki na; kyōdō no)\tdisposés à collaborer\tcooperative\tkunlaboremaj
02342	1970-01-01 00:00:00	0000	0000	ゲットできた	동사표현\tgetto dekita\t얻을 수 있었다; 구했다\t\tavoir réussi à obtenir\tmanaged to get\tsukcesis akiri
02343	1970-01-01 00:00:00	0000	0000	非通知番号	n.\thitsūchi bangō\t발신번호 비공개; 번호 숨김\t\tnuméro masqué; appel anonyme\tprivate number; caller ID blocked\tkaŝita telefonnumero
02344	1970-01-01 00:00:00	0000	0000	風邪を引く	동사구\tkaze o hiku\t감기에 걸리다\t\tattraper un rhume\tto catch a cold\tmalvarmumi
02345	1970-01-01 00:00:00	0000	0000	le calendrier de l’Avent	명사구\t\t강림절 달력; 어드벤트 캘린더\tアドベントカレンダー (adobento karendā)\tcalendrier comptant les jours avant Noël\tAdvent calendar\tadventa kalendaro
02346	1970-01-01 00:00:00	0000	0000	鼻水が出る	동사구\thanamizu ga deru\t콧물이 나다\t\tavoir le nez qui coule\tto have a runny nose\thavi fluantan nazon
02347	1970-01-01 00:00:00	0000	0000	ツイてなくて	표현\ttsuitenakute\t운이 없어서; 재수가 없어서\t\tn'ayant pas de chance; parce que je n'ai pas eu de chance\tbeing unlucky\testante malbonŝanca
02348	1970-01-01 00:00:00	0000	0000	化粧水	n.\tkeshōsui\t화장수; 토너\t\tlotion tonique; lotion pour le visage\tfacial toner\tvizaĝtoniko
02349	1970-01-01 00:00:00	0000	0000	湧く	v.\twaku\t솟다; 생기다; 떠오르다\t\tjaillir; surgir; naître\tto spring up; arise\tŝpruci; ekesti
02350	1970-01-01 00:00:00	0000	0000	permettre de	동사구\t\t~하도록 허락하다; ~할 수 있게 하다\t〜することを許す; 〜できるようにする (suru koto o yurusu; dekiru yō ni suru)\tdonner la possibilité ou l'autorisation de\tto allow; enable\tpermesi; ebligi
02351	1970-01-01 00:00:00	0000	0000	opérateur téléphonique	명사구\t\t통신사; 이동통신 사업자\t通信会社; 携帯電話会社 (tsūshin gaisha; keitai denwa gaisha)\tentreprise fournissant des services téléphoniques\ttelephone operator; carrier\ttelefona operatoro
02352	1970-01-01 00:00:00	0000	0000	乗り遅れる	v.\tnoriokureru\t탈것을 놓치다; 타는 데 늦다\t\trater un train, un bus ou un autre transport\tto miss a train or bus\tmaltrafi veturilon
02353	1970-01-01 00:00:00	0000	0000	上映時間	n.\tjōei jikan\t상영 시간; 러닝타임\t\theure de projection; durée du film\tshowtime; running time\tprojekcia horo; filmodaŭro
02354	1970-01-01 00:00:00	0000	0000	万歩計	n.\tmanpokei\t만보계; 만보기\t\tpodomètre\tpedometer\tpaŝnombrilo
02355	1970-01-01 00:00:00	0000	0000	魅力的	な형용사\tmiryokuteki\t매력적이다\t\tattrayant; séduisant\tattractive; appealing\talloga
02356	1970-01-01 00:00:00	0000	0000	初売り	n.\thatsuuri\t새해 첫 판매; 새해 첫 세일\t\tpremière vente de l'année\tNew Year's first sale\tunua novjara vendo
02357	1970-01-01 00:00:00	0000	0000	litière	n.\t\t고양이 모래; 동물의 깔짚\t猫砂; 敷きわら (nekozuna; shikiwara)\tmatière absorbante pour les besoins d'un animal\tcat litter; bedding\tkatrubo; bestolitaĵo
02358	1970-01-01 00:00:00	0000	0000	esprit de contradiction	명사구\t\t반항심; 무조건 반박하려는 태도\t反抗心; 何でも反論する性格 (hankōshin; nandemo hanron suru seikaku)\ttendance à contredire systématiquement\tcontrarian spirit\tkontraŭdira emo
02359	1970-01-01 00:00:00	0000	0000	困る	v.\tkomaru\t곤란하다; 어려움을 겪다\t\têtre embarrassé; avoir des difficultés\tto be troubled\testi en embaraso
02360	1970-01-01 00:00:00	0000	0000	le grésil	n.\t\t싸락눈; 얼음알갱이 섞인 강수\t霰; 凍雨 (arare; tōu)\tpetits grains de glace tombant du ciel\tsleet; ice pellets\tglacigrajnoj
02361	1970-01-01 00:00:00	0000	0000	会場	n.\tkaijō\t행사장; 공연장; 회장\t\tlieu de l'événement; salle\tvenue\taranĝejo
02362	1970-01-01 00:00:00	0000	0000	réduire	v.\t\t줄이다; 감소시키다; 축소하다\t減らす; 縮小する (herasu; shukushō suru)\trendre moins grand, moins nombreux ou moins intense\tto reduce\tredukti
02363	1970-01-01 00:00:00	0000	0000	des poêles	명사·복수\t\t프라이팬들; 난로들\tフライパン; ストーブ (furaipan; sutōbu)\tustensiles de cuisson ou appareils de chauffage\tfrying pans; stoves\tpatoj; fornoj
02364	1970-01-01 00:00:00	0000	0000	そう思わない？	표현\tsō omowanai\t그렇게 생각하지 않아?\t\ttu ne trouves pas; tu ne penses pas ainsi\tdon't you think so?\tĉu vi ne pensas tiel?
02365	1970-01-01 00:00:00	0000	0000	持っとく	축약동사표현\tmottoku\t가지고 두다; 미리 챙겨 두다\t\tgarder; prendre à l'avance\tto keep; have ready\tkonservi; pretigi
02366	1970-01-01 00:00:00	0000	0000	そういえば	접속표현\tsō ieba\t그러고 보니; 말이 나와서 말인데\t\tà propos; maintenant que j'y pense\tcome to think of it\tnun kiam mi pensas
02367	1970-01-01 00:00:00	0000	0000	だって	접속사·조사\tdatte\t왜냐하면; 하지만; ~도\t\tparce que; mais; même\tbecause; but; even\tĉar; sed; eĉ
02368	1970-01-01 00:00:00	0000	0000	un rond-point	n.\t\t로터리; 원형 교차로\t環状交差点; ロータリー (kanjō kōsaten; rōtarī)\tcarrefour circulaire\troundabout\ttrafikrondo
02369	1970-01-01 00:00:00	0000	0000	転売	명사·동사\ttenbai\t재판매; 되팔기; 리셀\t\trevente; revendre\tresale; reselling\trevendo
02370	1970-01-01 00:00:00	0000	0000	食べちゃう	축약동사표현\ttabechau\t먹어 버리다\t\tfinir par manger; manger complètement\tto end up eating; eat up\tfine manĝi; formanĝi
02371	1970-01-01 00:00:00	0000	0000	浮かぶ	v.\tukabu\t뜨다; 떠오르다; 생각나다\t\tflotter; surgir à l'esprit\tto float; come to mind\tflosi; veni en la menson
02372	1970-01-01 00:00:00	0000	0000	取りすぎる	v.\ttorisugiru\t너무 많이 받다; 너무 많이 가져가다\t\tprendre ou recevoir trop\tto take too much\tpreni tro multe
02373	1970-01-01 00:00:00	0000	0000	t’as pas tort	구어표현\t\t네 말이 틀린 것은 아니다\t君の言うことも間違いではない (kimi no iu koto mo machigai de wa nai)\ttu as plutôt raison\tyou're not wrong\tvi ne malpravas
02374	1970-01-01 00:00:00	0000	0000	爪を立てる	동사구\ttsume o tateru\t발톱을 세우다; 할퀴다\t\tsortir les griffes; griffer\tto dig in one's claws; scratch\teligi ungegojn; grati
02375	1970-01-01 00:00:00	0000	0000	une armoire	n.\t\t옷장; 수납장\t洋服だんす; 戸棚 (yōfuku dansu; todana)\tmeuble haut destiné au rangement\twardrobe; cabinet\tŝranko
02376	1970-01-01 00:00:00	0000	0000	s'arrêter de	동사구\t\t~하는 것을 멈추다\t〜するのをやめる (suru no o yameru)\tcesser de faire une action\tto stop doing\tĉesi fari
02377	1970-01-01 00:00:00	0000	0000	décoré(e)	형용사·과거분사\t\t장식된; 훈장을 받은\t飾られた; 勲章を受けた (kazarareta; kunshō o uketa)\torné; récompensé d'une décoration\tdecorated\tornamita; dekoraciita
02378	1970-01-01 00:00:00	0000	0000	話題作	n.\twadaisaku\t화제작; 주목받는 작품\t\tœuvre très commentée\tmuch-talked-about work\tmulte diskutata verko
02379	1970-01-01 00:00:00	0000	0000	tomber en panne	동사구\t\t고장 나다\t故障する (koshō suru)\tcesser de fonctionner\tto break down\tpanei
02380	1970-01-01 00:00:00	0000	0000	挨拶	명사·동사\taisatsu\t인사; 인사말\t\tsalutation; saluer\tgreeting\tsaluto; saluti
02381	1970-01-01 00:00:00	0000	0000	prendre une amende	동사구\t\t벌금을 부과받다\t罰金を科される (bakkin o kasareru)\trecevoir une sanction financière\tto get fined\tricevi monpunon
02382	1970-01-01 00:00:00	0000	0000	我慢できない	동사표현\tgaman dekinai\t참을 수 없다\t\tne pas pouvoir supporter\tcannot stand; cannot endure\tne povi elteni
02383	1970-01-01 00:00:00	0000	0000	サプライズ	n.\tsapuraizu\t놀라움; 깜짝 선물; 서프라이즈\t\tsurprise\tsurprise\tsurprizo
02384	1970-01-01 00:00:00	0000	0000	辛口	명사·な형용사\tkarakuchi\t매운맛; 드라이한 맛; 신랄한 평가\t\tépicé; sec pour le vin; sévère\tspicy; dry; harsh\tspica; seka; akra
02385	1970-01-01 00:00:00	0000	0000	事実	n.\tjijitsu\t사실\t\tfait; réalité\tfact\tfakto
02386	1970-01-01 00:00:00	0000	0000	済ませる	v.\tsumaseru\t끝내다; 처리하다; 간단히 때우다\t\tterminer; régler; se contenter de\tto finish; settle; make do\tfini; aranĝi; kontentiĝi
02387	1970-01-01 00:00:00	0000	0000	移動	명사·동사\tidō\t이동; 옮김\t\tdéplacement; se déplacer\tmovement; transfer\tmovo; translokiĝo
02388	1970-01-01 00:00:00	0000	0000	la féerie	n.\t\t환상적인 광경; 마법 같은 분위기\t幻想的な光景; 魔法のような雰囲気 (gensōteki na kōkei; mahō no yō na fun'iki)\tspectacle merveilleux et magique\tenchantment; fairyland atmosphere\tsorĉa spektaklo
02389	1970-01-01 00:00:00	0000	0000	運動不足	n.\tundō busoku\t운동 부족\t\tmanque d'exercice\tlack of exercise\tmanko de ekzercado
02390	1970-01-01 00:00:00	0000	0000	残高不足	n.\tzandaka busoku\t잔액 부족\t\tsolde insuffisant\tinsufficient funds\tnesufiĉa saldo
02391	1970-01-01 00:00:00	0000	0000	きっと	adv.\tkitto\t틀림없이; 분명히\t\tsûrement; certainement\tsurely; certainly\tcerte
02392	1970-01-01 00:00:00	0000	0000	会うことになっていた	문법표현\tau koto ni natte ita\t만나기로 되어 있었다\t\til était prévu qu'on se rencontre\twas supposed to meet\testis planite renkontiĝi
02393	1970-01-01 00:00:00	0000	0000	迷う	v.\tmayou\t망설이다; 길을 잃다; 고민하다\t\thésiter; se perdre\tto hesitate; get lost\theziti; perdiĝi
02394	1970-01-01 00:00:00	0000	0000	体調	n.\ttaichō\t몸 상태; 컨디션\t\tétat de santé; condition physique\tphysical condition\tkorpa stato
02395	1970-01-01 00:00:00	0000	0000	le verre à vin	명사구\t\t와인잔\tワイングラス (wain gurasu)\tverre conçu pour boire du vin\twine glass\tvinglaso
02396	1970-01-01 00:00:00	0000	0000	ふう	감탄사·명사\tfū\t휴; 방식; 모양\t\touf; manière; apparence\tphew; manner\tuf; maniero
02397	1970-01-01 00:00:00	0000	0000	le foie gras	명사구\t\t푸아그라\tフォアグラ (foa gura)\tfoie engraissé de canard ou d'oie\tfoie gras\tgrashepataĵo
02398	1970-01-01 00:00:00	0000	0000	よくある	연체표현\tyoku aru\t흔히 있다; 자주 있는\t\tcourant; fréquent\tcommon; often seen\tofta; ofta okazo
02399	1970-01-01 00:00:00	0000	0000	有利	명사·な형용사\tyūri\t유리함; 유리한\t\tavantageux; favorable\tadvantageous\tavantaĝa
02400	1970-01-01 00:00:00	0000	0000	ultra croustillant	형용사구\t\t매우 바삭한; 아주 흥미진진한\t超サクサクの; とても刺激的な (chō sakusaku no; totemo shigekiteki na)\textrêmement croustillant; très savoureux ou captivant\tultra crispy; juicy\ttre krusteca; tre interesa
02401	1970-01-01 00:00:00	0000	0000	まさに	adv.\tmasa ni\t바로; 정확히; 그야말로\t\tprécisément; justement\texactly; indeed\tĝuste; vere
02402	1970-01-01 00:00:00	0000	0000	幸運	명사·な형용사\tkōun\t행운; 운이 좋은\t\tchance; bonne fortune\tgood luck\tbonŝanco
02403	1970-01-01 00:00:00	0000	0000	refuser de	동사구\t\t~하기를 거절하다\t〜することを拒否する (suru koto o kyohi suru)\tne pas accepter de faire\tto refuse to\trifuzi fari
02404	1970-01-01 00:00:00	0000	0000	下手	명사·な형용사\theta\t서투름; 서투른\t\tmaladroit; peu habile\tunskilled; poor at\tmallerta
02405	1970-01-01 00:00:00	0000	0000	起きるの？	의문표현\tokiru no\t일어날 거야?; 일어나니?\t\ttu te lèves; tu vas te réveiller\tare you getting up?\tĉu vi leviĝas?
02406	1970-01-01 00:00:00	0000	0000	la canicule	n.\t\t폭염; 혹서\t猛暑; 熱波 (mōsho; neppa)\tpériode de chaleur extrême\theat wave\tvarmondo
02407	1970-01-01 00:00:00	0000	0000	la table	n.\t\t탁자; 식탁; 표\tテーブル; 食卓; 表 (tēburu; shokutaku; hyō)\tmeuble à plateau; tableau de données\ttable\ttablo; tabelo
02408	1970-01-01 00:00:00	0000	0000	fixer	v.\t\t응시하다; 고정하다; 정하다\t見つめる; 固定する; 決める (mitsumeru; kotei suru; kimeru)\tregarder intensément; attacher; déterminer\tto stare at; fix; set\tfikse rigardi; fiksi; difini
02409	1970-01-01 00:00:00	0000	0000	これ	대명사\tkore\t이것\t\tceci; cela\tthis\tĉi tio
02410	1970-01-01 00:00:00	0000	0000	divergence d'opinions	명사구\t\t의견 차이\t意見の相違 (iken no sōi)\tdésaccord entre plusieurs opinions\tdifference of opinion\topinia diverĝo
02411	1970-01-01 00:00:00	0000	0000	野性的	な형용사\tyaseiteki\t야성적이다; 거칠다\t\tsauvage; indompté\twild; untamed\tsovaĝa
02412	1970-01-01 00:00:00	0000	0000	perdre toute notion	동사구\t\t모든 감각·개념을 잃다\t感覚を完全に失う; 観念を失う (kankaku o kanzen ni ushinau; kannen o ushinau)\tne plus avoir conscience d'une mesure ou d'une réalité\tto lose all sense of\tperdi ĉian senton pri
02413	1970-01-01 00:00:00	0000	0000	commander une pizza	동사구\t\t피자를 주문하다\tピザを注文する (piza o chūmon suru)\tdemander la livraison ou la préparation d'une pizza\tto order a pizza\tmendi picon
02414	1970-01-01 00:00:00	0000	0000	暑すぎる	い형용사표현\tatsusugiru\t너무 덥다\t\têtre trop chaud\tto be too hot\testi tro varme
02415	1970-01-01 00:00:00	0000	0000	穴があったら入りたい	관용표현\tana ga attara hairitai\t쥐구멍이라도 들어가고 싶을 만큼 부끄럽다\t\tvouloir disparaître de honte\tto want the ground to swallow one up\tvoli malaperi pro honto
02416	1970-01-01 00:00:00	0000	0000	土	n.\ttsuchi\t흙; 토양; 땅\t\tterre; sol\tsoil; earth\ttero; grundo
02417	1970-01-01 00:00:00	0000	0000	劇場	n.\tgekijō\t극장; 공연장\t\tthéâtre; salle de spectacle\ttheater\tteatro
02418	1970-01-01 00:00:00	0000	0000	doré(e)	형용사\t\t황금색의; 노릇노릇한; 금도금된\t金色の; きつね色の; 金めっきの (kin'iro no; kitsuneiro no; kinmekki no)\tde couleur or; bien bruni\tgolden; golden-brown\tora; orbruna
02419	1970-01-01 00:00:00	0000	0000	嘘をつく	동사구\tuso o tsuku\t거짓말하다\t\tmentir\tto lie\tmensogi
02420	1970-01-01 00:00:00	0000	0000	à moitié prix	부사구\t\t반값으로\t半額で (hangaku de)\tpour cinquante pour cent du prix\tat half price\tje duona prezo
02421	1970-01-01 00:00:00	0000	0000	メートル	n.\tmētoru\t미터; 길이 단위\t\tmètre\tmeter\tmetro
02422	1970-01-01 00:00:00	0000	0000	まさか	부사·감탄사\tmasaka\t설마; 뜻밖에도\t\timpossible; qui aurait cru\tno way; surely not\tneeble; ĉu vere
02423	1970-01-01 00:00:00	0000	0000	le passe-temps	n.\t\t취미; 소일거리\t趣味; 暇つぶし (shumi; himatsubushi)\tactivité pratiquée pour se distraire\tpastime; hobby\tŝatokupo
02424	1970-01-01 00:00:00	0000	0000	sec / sèche	형용사\t\t마른; 건조한; 드라이한\t乾いた; 辛口の (kawaita; karakuchi no)\tsans humidité; non sucré pour une boisson\tdry\tseka
02425	1970-01-01 00:00:00	0000	0000	piste	n.\t\t트랙; 활주로; 스키 코스; 단서\tトラック; 滑走路; ゲレンデ; 手がかり (torakku; kassōro; gerende; tegakari)\tvoie aménagée; trace à suivre\ttrack; trail; clue\ttrako; vojeto; indico
02426	1970-01-01 00:00:00	0000	0000	motivant	형용사\t\t동기를 부여하는\tやる気を起こさせる (yaruki o okosaseru)\tqui donne envie d'agir\tmotivating\tmotiviga
02427	1970-01-01 00:00:00	0000	0000	faire du ski	동사구\t\t스키를 타다\tスキーをする (sukī o suru)\tpratiquer le ski\tto ski\tskii
02428	1970-01-01 00:00:00	0000	0000	夏バテ	명사·동사\tnatsubate\t여름 더위로 인한 피로; 더위 먹음\t\tfatigue due à la chaleur estivale\tsummer heat fatigue\tsomera varmolaceco
02429	1970-01-01 00:00:00	0000	0000	シーズン初	명사구\tshīzun hatsu\t시즌 첫 번째; 시즌 최초\t\tpremier de la saison\tfirst of the season\tunua de la sezono
02430	1970-01-01 00:00:00	0000	0000	je me suis réveillée	동사표현\t\t나는 잠에서 깼다\t私は目を覚ました (watashi wa me o samashita)\tforme féminine au passé de se réveiller\tI woke up\tmi vekiĝis
02431	1970-01-01 00:00:00	0000	0000	マダム	명사·호칭\tmadamu\t마담; 부인; 여사\t\tmadame\tmadam; lady\tsinjorino
02432	1970-01-01 00:00:00	0000	0000	ワクワクする	v.\twakuwaku suru\t두근거리다; 설레다\t\têtre tout excité; attendre avec impatience\tto be excited\tekscitiĝi
02433	1970-01-01 00:00:00	0000	0000	un vêtement	n.\t\t옷; 의류 한 벌\t服; 衣類 (fuku; irui)\tpièce portée pour couvrir le corps\tgarment; clothing item\tvestaĵo
02434	1970-01-01 00:00:00	0000	0000	par précaution	부사구\t\t만일에 대비해; 예방 차원에서\t念のため; 用心して (nen no tame; yōjin shite)\tpour éviter un risque éventuel\tas a precaution\tpor singardo
02435	1970-01-01 00:00:00	0000	0000	les chefs-d'œuvre (m, pl)	fr\t명사(남성·복수)\t\t걸작들\t傑作 (kessaku)\tœuvres majeures d'un artiste\tmasterpieces\tĉefverkoj
02436	1970-01-01 00:00:00	0000	0000	les guirlandes lumineuses (f)	fr\t명사(여성·복수)\t\t전구 장식, 일루미네이션\t電飾 (denshoku)\tfils de petites ampoules décoratives\tstring lights\tlumgirlandoj
02437	1970-01-01 00:00:00	0000	0000	fard à paupières (m)	fr\t명사(남성)\t\t아이섀도\tアイシャドウ (aishadō)\tmaquillage pour les paupières\teyeshadow\tpalpebra ŝminko
02438	1970-01-01 00:00:00	0000	0000	panneaux solaires (m.pl)	fr\t명사(남성·복수)\t\t태양광 패널\tソーラーパネル (sōrā paneru)\tdispositifs captant l'énergie du soleil\tsolar panels\tsunpaneloj
02439	1970-01-01 00:00:00	0000	0000	bûche (f)	fr\t명사(여성)\t\t장작, 뷔슈(케이크)\t薪 (maki)\tmorceau de bois à brûler\tlog\tŝtipo
02440	1970-01-01 00:00:00	0000	0000	mouillé(e) / trempé(e)	fr\t형용사\t\t젖은 / 흠뻑 젖은\t濡れた / びしょ濡れ (nureta / bishonure)\thumide / totalement imbibé\twet / soaked\tmalseka / tramalseka
02441	1970-01-01 00:00:00	0000	0000	Si ça me permet de	fr\t표현\t\t그게 ~할 수 있게 해준다면\tそれで～できるなら (sore de ~dekiru nara)\tsi cela m'autorise à\tif it lets me\tse tio permesas al mi
02442	1970-01-01 00:00:00	0000	0000	échec (m)	fr\t명사(남성)\t\t실패\t失敗 (shippai), 挫折 (zasetsu)\tfait de ne pas réussir\tfailure\tmalsukceso
02443	1970-01-01 00:00:00	0000	0000	la serre (f)	fr\t명사(여성)\t\t온실\t温室 (onshitsu)\tabri vitré pour cultiver des plantes\tgreenhouse\tforcejo
02444	1970-01-01 00:00:00	0000	0000	ruban (m)	fr\t명사(남성)\t\t리본, 띠\tリボン (ribon)\tbande étroite de tissu\tribbon\trubando
02445	1970-01-01 00:00:00	0000	0000	cryptage (m)	fr\t명사(남성)\t\t암호화\t暗号化 (angōka)\ttransformation de données en code secret\tencryption\tĉifrado
02446	1970-01-01 00:00:00	0000	0000	faire gaffe / faire attention	fr\t동사구\t\t조심하다\t気をつける (ki o tsukeru)\têtre vigilant\tto be careful\tatenti
02447	1970-01-01 00:00:00	0000	0000	うんざり(だ)	ja\t형용동사·부사\tunzari (da)\t지긋지긋하다\tうんざり (unzari)\ten avoir assez\tto be fed up\testi tedita
02448	1970-01-01 00:00:00	0000	0000	crème hydratante (f)	fr\t명사(여성)\t\t수분 크림\t保湿クリーム (hoshitsu kurīmu)\tsoin qui hydrate la peau\tmoisturizer\thumidiga kremo
02449	1970-01-01 00:00:00	0000	0000	les souvenirs (m)	fr\t명사(남성·복수)\t\t추억, 기념품\t思い出 (omoide), お土産 (omiyage)\tchoses dont on se rappelle ou objets rapportés\tmemories, souvenirs\tmemoroj, memoraĵoj
02450	1970-01-01 00:00:00	0000	0000	la pâte fine / épaisse	fr\t명사구(여성)\t\t얇은 도우 / 두꺼운 도우\t薄い生地 / 厚い生地 (usui kiji / atsui kiji)\tbase de pizza mince ou épaisse\tthin / thick crust\tmaldika / dika pasto
02451	1970-01-01 00:00:00	0000	0000	Non mais le délire	fr\t구어 표현\t\t와 진짜 어이없다, 완전 미쳤네\tいや、めちゃくちゃだよ (iya, mechakucha da yo)\tc'est complètement dingue\tthat's just insane\ttio estas absoluta frenezaĵo
02452	1970-01-01 00:00:00	0000	0000	affaire (f)	fr\t명사(여성)\t\t일, 사건, 좋은 거래\t用事 (yōji), 掘り出し物 (horidashimono)\tchose à traiter ou bonne occasion\tmatter, bargain\tafero, ĉasaĵo
02453	1970-01-01 00:00:00	0000	0000	rabais (m)	fr\t명사(남성)\t\t할인, 에누리\t値引き (nebiki)\tdiminution du prix\tdiscount\trabato
02454	1970-01-01 00:00:00	0000	0000	excès (m)	fr\t명사(남성)\t\t과도, 지나침\t過剰 (kajō)\tdépassement de la mesure\texcess\ttroo
02455	1970-01-01 00:00:00	0000	0000	conseillers (m.pl)	fr\t명사(남성·복수)\t\t조언자들, 상담원들\t相談員 (sōdan'in)\tpersonnes qui donnent des conseils\tadvisers\tkonsilistoj
02456	1970-01-01 00:00:00	0000	0000	courses (f pl) / shopping (m)	fr\t명사(여성·복수 / 남성)\t\t장보기 / 쇼핑\t買い物 (kaimono)\tachats du quotidien ou achats plaisir\tgrocery shopping / shopping\taĉetumado
02457	1970-01-01 00:00:00	0000	0000	détox (f)	fr\t명사(여성)\t\t디톡스, 해독\tデトックス (detokkusu)\tcure d'élimination des toxines\tdetox\tsenveneniĝo
02458	1970-01-01 00:00:00	0000	0000	Ah mince	fr\t감탄사\t\t아 이런\tあちゃー (achā)\texclamation de contrariété\toh darn\tho ve
02459	1970-01-01 00:00:00	0000	0000	chute (f)	fr\t명사(여성)\t\t추락, 하락, 낙상\t転倒 (tentō), 下落 (geraku)\tfait de tomber ou de baisser\tfall\tfalo
02460	1970-01-01 00:00:00	0000	0000	patin (m)	fr\t명사(남성)\t\t스케이트화\tスケート靴 (sukēto gutsu)\tchaussure munie d'une lame ou de roues\tskate\tsketilo
02461	1970-01-01 00:00:00	0000	0000	accomplissement (m)	fr\t명사(남성)\t\t성취\t達成 (tassei)\tfait de mener à bien\taccomplishment\tplenumo
02462	1970-01-01 00:00:00	0000	0000	C'est chaud	fr\t구어 표현\t\t빡세다, 만만치 않다\tキツいね (kitsui ne)\tc'est difficile, risqué\tthat's rough\ttio estas malfacila
02463	1970-01-01 00:00:00	0000	0000	maquillage (m)	fr\t명사(남성)\t\t화장\t化粧 (keshō)\tproduits appliqués sur le visage\tmakeup\tŝminko
02464	1970-01-01 00:00:00	0000	0000	les guirlandes (f)	fr\t명사(여성·복수)\t\t가랜드, 장식 줄\tガーランド (gārando)\tdécorations en cordon\tgarlands\tgirlandoj
02465	1970-01-01 00:00:00	0000	0000	les artistes (m./f.pl)	fr\t명사(복수)\t\t예술가들\tアーティスト (ātisuto)\tpersonnes qui créent ou interprètent\tartists\tartistoj
02466	1970-01-01 00:00:00	0000	0000	objectif (m)	fr\t명사(남성)\t\t목표\t目標 (mokuhyō)\tbut que l'on se fixe\tgoal\tcelo
02467	1970-01-01 00:00:00	0000	0000	arnaque (f)	fr\t명사(여성)\t\t사기\t詐欺 (sagi)\ttromperie pour soutirer de l'argent\tscam\ttrompo
02468	1970-01-01 00:00:00	0000	0000	les vitrines (f)	fr\t명사(여성·복수)\t\t쇼윈도, 진열창\tショーウィンドウ (shō windō)\tdevantures vitrées des magasins\tshop windows\tmontrofenestroj
02469	1970-01-01 00:00:00	0000	0000	rouge à lèvres (m)	fr\t명사(남성)\t\t립스틱\t口紅 (kuchibeni)\tcosmétique coloré pour les lèvres\tlipstick\tlipruĝo
02470	1970-01-01 00:00:00	0000	0000	vernis à ongles (m)	fr\t명사(남성)\t\t매니큐어\tマニキュア (manikyua)\tlaque colorée pour les ongles\tnail polish\tunglolako
02471	1970-01-01 00:00:00	0000	0000	réussite (f)	fr\t명사(여성)\t\t성공\t成功 (seikō)\tfait de parvenir à ses fins\tsuccess\tsukceso
02472	1970-01-01 00:00:00	0000	0000	bon plan (m)	fr\t명사(남성)\t\t좋은 정보, 꿀팁\tお得な情報 (otoku na jōhō)\tbonne occasion à saisir\tgood deal, good tip\tbona okazo
02473	1970-01-01 00:00:00	0000	0000	pâtisserie (f)	fr\t명사(여성)\t\t제과, 과자점\t洋菓子 (yōgashi), ケーキ屋 (kēkiya)\tart des gâteaux ou boutique\tpastry, pastry shop\tkukaĵo, kukejo
02474	1970-01-01 00:00:00	0000	0000	aller bien avec ~	fr\t동사구\t\t~와 잘 어울리다\t～に合う (~ni au)\ts'harmoniser avec\tto go well with\tbone kunigi kun
02475	1970-01-01 00:00:00	0000	0000	les racines (f.pl)	fr\t명사(여성·복수)\t\t뿌리\t根 (ne)\tpartie souterraine d'une plante\troots\tradikoj
02476	1970-01-01 00:00:00	0000	0000	les décorations (f)	fr\t명사(여성·복수)\t\t장식\t飾り (kazari)\téléments qui embellissent un lieu\tdecorations\tornamaĵoj
02477	1970-01-01 00:00:00	0000	0000	l'odeur (f)	fr\t명사(여성)\t\t냄새\t匂い (nioi)\tsensation perçue par le nez\tsmell\todoro
02478	1970-01-01 00:00:00	0000	0000	l'attention (f)	fr\t명사(여성)\t\t주의, 배려\t注意 (chūi), 気遣い (kizukai)\tconcentration ou marque de soin\tattention\tatento
02479	1970-01-01 00:00:00	0000	0000	Pff	fr\t감탄사\t\t에휴, 쳇\tはぁ (hā)\tsoupir d'agacement ou de lassitude\tpff\tpf
02480	1970-01-01 00:00:00	0000	0000	gardien d'animaux (m.)	fr\t명사(남성)\t\t펫시터, 동물 돌보미\tペットシッター (petto shittā)\tpersonne qui garde les animaux\tpet sitter\tbestogardanto
02481	1970-01-01 00:00:00	0000	0000	réduction (f)	fr\t명사(여성)\t\t할인, 감소\t割引 (waribiki)\tdiminution d'un prix ou d'une quantité\tdiscount, reduction\trabato, redukto
02482	1970-01-01 00:00:00	0000	0000	les chaînes (f)	fr\t명사(여성·복수)\t\t체인, 방송 채널\tチェーン (chēn), チャンネル (channeru)\tliens métalliques ou chaînes de télévision\tchains, channels\tĉenoj, kanaloj
02483	1970-01-01 00:00:00	0000	0000	ventre (m)	fr\t명사(남성)\t\t배\tお腹 (onaka)\tpartie du corps sous la poitrine\tbelly\tventro
02484	1970-01-01 00:00:00	0000	0000	louper (qc)	fr\t동사\t\t놓치다\t逃す (nogasu)\tmanquer, rater\tto miss\tmaltrafi
02485	1970-01-01 00:00:00	0000	0000	bureau (m)	fr\t명사(남성)\t\t책상, 사무실\t机 (tsukue), 事務所 (jimusho)\ttable de travail ou lieu de travail\tdesk, office\tskribotablo, oficejo
02486	1970-01-01 00:00:00	0000	0000	venimeux / venimeuse	fr\t형용사\t\t독이 있는\t毒のある (doku no aru)\tqui injecte du venin\tvenomous\tvenena
02487	1970-01-01 00:00:00	0000	0000	graine (f)	fr\t명사(여성)\t\t씨앗\t種 (tane)\tpartie qui donne naissance à la plante\tseed\tsemo
02488	1970-01-01 00:00:00	0000	0000	envie (f)	fr\t명사(여성)\t\t욕구, 하고 싶은 마음\t欲望 (yokubō)\tdésir de faire ou d'avoir\tdesire\tdeziro
02489	1970-01-01 00:00:00	0000	0000	centaines (f)	fr\t명사(여성·복수)\t\t수백\t何百 (nanbyaku)\tgroupes d'environ cent\thundreds\tcentoj
02490	1970-01-01 00:00:00	0000	0000	les boules (f)	fr\t명사(여성·복수)\t\t(트리) 볼 장식, 구슬\tオーナメントボール (ōnamento bōru)\tornements ronds du sapin\tbaubles\tglobetoj
02491	1970-01-01 00:00:00	0000	0000	beau / belle	fr\t형용사\t\t아름다운\t美しい (utsukushii)\tagréable à regarder\tbeautiful\tbela
02492	1970-01-01 00:00:00	0000	0000	les baskets (f)	fr\t명사(여성·복수)\t\t운동화\tスニーカー (sunīkā)\tchaussures de sport\tsneakers\tsportŝuoj
02493	1970-01-01 00:00:00	0000	0000	échantillon (m)	fr\t명사(남성)\t\t샘플, 견본\t試供品 (shikyōhin)\tpetite quantité représentative\tsample\tspecimeno
02494	1970-01-01 00:00:00	0000	0000	double authentification (f)	fr\t명사(여성)\t\t이중 인증\t二段階認証 (nidankai ninshō)\tvérification en deux étapes\ttwo-factor authentication\tduobla aŭtentigo
02495	1970-01-01 00:00:00	0000	0000	tubes (m.pl)	fr\t명사(남성·복수)\t\t히트곡들, 튜브\tヒット曲 (hitto kyoku)\tchansons à succès, ou tuyaux\thit songs, tubes\tfuroraĵoj, tuboj
02496	1970-01-01 00:00:00	0000	0000	portable (m)	fr\t명사(남성)\t\t휴대폰\t携帯 (keitai)\ttéléphone que l'on emporte\tcell phone\tpoŝtelefono
02497	1970-01-01 00:00:00	0000	0000	défi (m)	fr\t명사(남성)\t\t도전\t挑戦 (chōsen)\tépreuve que l'on se lance\tchallenge\tdefio
02498	1970-01-01 00:00:00	0000	0000	les jetons (m)	fr\t명사(남성·복수)\t\t칩, 토큰\tチップ (chippu)\tpièces utilisées au jeu\tchips, tokens\tĵetonoj
02499	1970-01-01 00:00:00	0000	0000	spam téléphonique (m)	fr\t명사(남성)\t\t스팸 전화\t迷惑電話 (meiwaku denwa)\tappels non sollicités\tphone spam\ttelefona trudmesaĝo
02500	1970-01-01 00:00:00	0000	0000	tisane (f)	fr\t명사(여성)\t\t허브차\tハーブティー (hābu tī)\tboisson d'infusion de plantes\therbal tea\therba infuzaĵo
02501	1970-01-01 00:00:00	0000	0000	Mettre de l'argent de côté	fr\t동사구\t\t돈을 모아두다\tお金を貯める (okane o tameru)\tépargner\tto set money aside\tŝpari monon
02502	1970-01-01 00:00:00	0000	0000	maîtrise (f)	fr\t명사(여성)\t\t숙달, 통제\t習得 (shūtoku), 制御 (seigyo)\tfait de dominer une chose\tmastery, control\tregado
02503	1970-01-01 00:00:00	0000	0000	démaquillant (m)	fr\t명사(남성)\t\t클렌징 제품\tクレンジング (kurenjingu)\tproduit qui retire le maquillage\tmakeup remover\tŝminkoforigilo
02504	1970-01-01 00:00:00	0000	0000	liste de cadeaux (f)	fr\t명사(여성)\t\t선물 목록\tプレゼントリスト (purezento risuto)\tinventaire des cadeaux souhaités\tgift list\tdonaclisto
02505	1970-01-01 00:00:00	0000	0000	ville (f.)	fr\t명사(여성)\t\t도시\t街 (machi), 都市 (toshi)\tagglomération importante\tcity\turbo
02506	1970-01-01 00:00:00	0000	0000	pattes (f. pl.)	fr\t명사(여성·복수)\t\t다리, 발(동물)\t足 (ashi)\tmembres d'un animal\tpaws, legs\tpiedoj, kruroj
02507	1970-01-01 00:00:00	0000	0000	l'averse (f)	fr\t명사(여성)\t\t소나기\tにわか雨 (niwakaame)\tpluie soudaine et brève\tdownpour\tpluvego
02508	1970-01-01 00:00:00	0000	0000	Ça serait bête	fr\t표현\t\t그건 좀 아깝지, 어리석은 일이지\tもったいないよ (mottainai yo)\tce serait dommage\tthat would be silly\ttio estus stulte
02509	1970-01-01 00:00:00	0000	0000	vacances (f. pl.)	fr\t명사(여성·복수)\t\t휴가, 방학\t休暇 (kyūka)\tpériode de congé\tholidays\tferioj
02510	1970-01-01 00:00:00	0000	0000	caisse (f)	fr\t명사(여성)\t\t계산대, 상자\tレジ (reji), 箱 (hako)\tposte de paiement ou grand récipient\tcheckout, crate\tkaso, kesto
02511	1970-01-01 00:00:00	0000	0000	patinage (m)	fr\t명사(남성)\t\t스케이팅\tスケート (sukēto)\tpratique du patin\tskating\tsketado
02512	1970-01-01 00:00:00	0000	0000	mode silencieux (m)	fr\t명사(남성)\t\t무음 모드\tマナーモード (manā mōdo)\tréglage sans sonnerie\tsilent mode\tsilenta reĝimo
02513	1970-01-01 00:00:00	0000	0000	être tentant / tentatrice	fr\t형용사\t\t솔깃하다, 구미가 당기다\tそそられる (sosorareru)\tqui donne envie\ttempting\tloga
02514	1970-01-01 00:00:00	0000	0000	結局～ちゃう	ja\t표현\tkekkyoku ~chau\t결국 ~해 버리다\t結局～ちゃう (kekkyoku ~chau)\ton finit par faire malgré tout\tyou end up doing it after all\tfine oni tamen faras
02515	1970-01-01 00:00:00	0000	0000	résolution (f)	fr\t명사(여성)\t\t결심, 해상도\t決意 (ketsui), 解像度 (kaizōdo)\tdécision ferme ou finesse d'image\tresolution\tdecido, distingivo
02516	1970-01-01 00:00:00	0000	0000	répondeur (m)	fr\t명사(남성)\t\t자동응답기\t留守番電話 (rusuban denwa)\tappareil qui enregistre les messages\tanswering machine\trespondilo
02517	1970-01-01 00:00:00	0000	0000	provocateur / provocatrice	fr\t형용사·명사\t\t도발적인\t挑発的な (chōhatsuteki na)\tqui cherche à provoquer\tprovocative\tprovoka
02518	1970-01-01 00:00:00	0000	0000	l'appareil électroménager (m.)	fr\t명사(남성)\t\t가전제품\t家電 (kaden)\tmachine domestique électrique\thome appliance\thejma aparato
02519	1970-01-01 00:00:00	0000	0000	succès (m)	fr\t명사(남성)\t\t성공, 히트\t成功 (seikō)\tréussite éclatante\tsuccess\tsukceso
02520	1970-01-01 00:00:00	0000	0000	espoir (m)	fr\t명사(남성)\t\t희망\t希望 (kibō)\tattente confiante\thope\tespero
02521	1970-01-01 00:00:00	0000	0000	Plus tôt... plus tôt...	fr\t상관 구문\t\t일찍 ~할수록 일찍 ~한다\t早ければ早いほど (hayakereba hayai hodo)\tstructure de comparaison progressive\tthe earlier... the earlier...\tju pli frue... des pli frue
02522	1970-01-01 00:00:00	0000	0000	les devantures (f)	fr\t명사(여성·복수)\t\t가게 앞 진열\t店先 (misesaki)\tfaçades vitrées des boutiques\tshopfronts\tbutikfasadoj
02523	1970-01-01 00:00:00	0000	0000	Mettre de l'argent dans	fr\t동사구\t\t~에 돈을 쓰다, 투자하다\t～にお金をつぎ込む (~ni okane o tsugikomu)\tinvestir de l'argent dans\tto put money into\tinvesti monon en
02524	1970-01-01 00:00:00	0000	0000	emballage (m)	fr\t명사(남성)\t\t포장\t包装 (hōsō)\tce qui enveloppe un produit\tpackaging\tpakaĵo
02525	1970-01-01 00:00:00	0000	0000	télécommande (f)	fr\t명사(여성)\t\t리모컨\tリモコン (rimokon)\tboîtier de commande à distance\tremote control\tteleregilo
02526	1970-01-01 00:00:00	0000	0000	le poids (m)	fr\t명사(남성)\t\t무게, 체중\t体重 (taijū)\tmesure de la masse\tweight\tpezo
02527	1970-01-01 00:00:00	0000	0000	n'avoir qu'à + 동사원형	fr\t표현\t\t~하기만 하면 된다\t～するだけでいい (~suru dake de ii)\til suffit de faire\tto just have to\tnur devi
02528	1970-01-01 00:00:00	0000	0000	～ておく	ja\t보조동사 표현\t~te oku\t미리 ~해 두다\t～ておく (~te oku)\tfaire à l'avance et laisser ainsi\tto do in advance\tfari anticipe
02529	1970-01-01 00:00:00	0000	0000	décorations (f, pl)	fr\t명사(여성·복수)\t\t장식\t飾り (kazari)\téléments décoratifs\tdecorations\tornamaĵoj
02530	1970-01-01 00:00:00	0000	0000	la cuisson (f.)	fr\t명사(여성)\t\t가열 조리, 굽기\t加熱調理 (kanetsu chōri)\taction ou temps de cuire\tcooking, baking\tkuirado
02531	1970-01-01 00:00:00	0000	0000	carte de vœux (f)	fr\t명사(여성)\t\t연하장, 축하 카드\t年賀状 (nengajō)\tcarte de souhaits pour les fêtes\tgreeting card\tbondezira karto
02532	1970-01-01 00:00:00	0000	0000	Suica / PASMO	ja\t고유명사\tSuica / PASMO\t스이카 / 파스모(교통카드)\tSuica / PASMO\tcartes de transport japonaises\tSuica / PASMO\tjapanaj trafikkartoj
02533	1970-01-01 00:00:00	0000	0000	mouchoirs (m.pl)	fr\t명사(남성·복수)\t\t휴지, 손수건\tティッシュ (tisshu)\tpetits carrés pour se moucher\ttissues\tnaztukoj
02534	1970-01-01 00:00:00	0000	0000	papier cadeau (m)	fr\t명사(남성)\t\t포장지\t包装紙 (hōsōshi)\tpapier décoré pour emballer\twrapping paper\tpakpapero
02535	1970-01-01 00:00:00	0000	0000	être censé (faire qc)	fr\t동사구\t\t~하기로 되어 있다\t～することになっている (~suru koto ni natte iru)\têtre supposé faire\tto be supposed to\testi supozata fari
02536	1970-01-01 00:00:00	0000	0000	griffures (f. pl.)	fr\t명사(여성·복수)\t\t할퀸 자국\t引っかき傷 (hikkakikizu)\tmarques faites par des griffes\tscratches\tgrataĵoj
02537	1970-01-01 00:00:00	0000	0000	paumé (paumer)	fr\t형용사·동사(구어)\t\t잃어버린, 헤매는\tなくした (nakushita), 迷った (mayotta)\tperdu, égaré\tlost\tperdita
02538	1970-01-01 00:00:00	0000	0000	lotion tonique (f)	fr\t명사(여성)\t\t토너, 화장수\t化粧水 (keshōsui)\tsoin liquide après nettoyage du visage\ttoner\thaŭttonikaĵo
02539	1970-01-01 00:00:00	0000	0000	l'embarras (m)	fr\t명사(남성)\t\t난처함, 곤혹\t困惑 (konwaku)\tsituation gênante ou hésitation\tembarrassment\tembaraso
02540	1970-01-01 00:00:00	0000	0000	vitrine (f)	fr\t명사(여성)\t\t쇼윈도, 진열장\tショーウィンドウ (shō windō)\tespace vitré d'exposition\tshop window\tmontrofenestro
02541	1970-01-01 00:00:00	0000	0000	Si si justement	fr\t구어 표현\t\t아니 그게 바로 그거야\tいやまさにそれ (iya masa ni sore)\tmais si, c'est exactement ça\tyes, precisely\tjes ja, ĝuste tial
02542	1970-01-01 00:00:00	0000	0000	magasinage (m) / shopping (m)	fr\t명사(남성)\t\t쇼핑\t買い物 (kaimono)\tfait de faire des achats\tshopping\taĉetumado
02543	1970-01-01 00:00:00	0000	0000	appart (m.)	fr\t명사(남성·구어)\t\t아파트\tアパート (apāto)\tlogement dans un immeuble\tapartment\tapartamento
02544	1970-01-01 00:00:00	0000	0000	Mettre l'argent en sécurité	fr\t동사구\t\t돈을 안전하게 보관하다\tお金を安全に保管する\tplacer son argent à l'abri\tto put money somewhere safe\tsekurigi la monon
02545	1970-01-01 00:00:00	0000	0000	Ça doit être...	fr\t표현\t\t그건 ~일 거야\t～に違いない (~ni chigainai)\tc'est probablement\tit must be\ttio devas esti
02546	1970-01-01 00:00:00	0000	0000	foyer (m)	fr\t명사(남성)\t\t가정, 화덕\t家庭 (katei), 炉 (ro)\tlogis familial ou âtre\thome, hearth\thejmo, fajrejo
02547	1970-01-01 00:00:00	0000	0000	conseillère (f)	fr\t명사(여성)\t\t여성 상담원, 조언자\t女性アドバイザー (josei adobaizā)\tfemme qui conseille\tadviser\tkonsilistino
02548	1970-01-01 00:00:00	0000	0000	les flocons (m)	fr\t명사(남성·복수)\t\t눈송이, 플레이크\t雪片 (seppen), フレーク (furēku)\tpetites masses légères qui tombent\tflakes\tflokoj
02549	1970-01-01 00:00:00	0000	0000	lendemain de fête (m)	fr\t명사(남성)\t\t잔치 다음 날\t祭りの翌日 (matsuri no yokujitsu)\tjour qui suit une célébration\tthe day after the party\tpostfesta tago
02550	1970-01-01 00:00:00	0000	0000	enfer (m)	fr\t명사(남성)\t\t지옥\t地獄 (jigoku)\tlieu de tourment\thell\tinfero
02551	1970-01-01 00:00:00	0000	0000	les préjugés (m)	fr\t명사(남성·복수)\t\t편견\t偏見 (henken)\topinions toutes faites\tprejudices\tantaŭjuĝoj
02552	1970-01-01 00:00:00	0000	0000	démarches (f)	fr\t명사(여성·복수)\t\t절차, 수속\t手続き (tetsuzuki)\tformalités à accomplir\tprocedures\tproceduroj
02553	1970-01-01 00:00:00	0000	0000	fesses (f.pl)	fr\t명사(여성·복수)\t\t엉덩이\tお尻 (oshiri)\tpartie charnue de l'arrière\tbuttocks\tpostaĵo
02554	1970-01-01 00:00:00	0000	0000	blush (m) / fard à joues (m)	fr\t명사(남성)\t\t블러셔\tチーク (chīku)\tmaquillage pour colorer les joues\tblush\tvangoruĝo
02555	1970-01-01 00:00:00	0000	0000	les illuminations (f)	fr\t명사(여성·복수)\t\t일루미네이션\tイルミネーション\tdécorations lumineuses\tlight displays\tlumornamoj
02556	1970-01-01 00:00:00	0000	0000	récupération de compte (f)	fr\t명사(여성)\t\t계정 복구\tアカウント復旧 (akaunto fukkyū)\tprocédure pour retrouver l'accès à un compte\taccount recovery\tkontoreakiro
02557	1970-01-01 00:00:00	0000	0000	poêle à bois (m)	fr\t명사(남성)\t\t장작 난로\t薪ストーブ (maki sutōbu)\tappareil de chauffage brûlant du bois\twood stove\tligna forno
02558	1970-01-01 00:00:00	0000	0000	～ことにする	ja\t표현\t~koto ni suru\t~하기로 하다\t～ことにする\tdécider de faire\tto decide to\tdecidi fari
02559	1970-01-01 00:00:00	0000	0000	queues (f, pl)	fr\t명사(여성·복수)\t\t줄, 대기열\t行列 (gyōretsu)\tfiles d'attente\tqueues\tvicoj
02560	1970-01-01 00:00:00	0000	0000	parents (m. pl.)	fr\t명사(남성·복수)\t\t부모, 친척\t両親 (ryōshin), 親戚 (shinseki)\tpère et mère, ou famille\tparents, relatives\tgepatroj, parencoj
02561	1970-01-01 00:00:00	0000	0000	sécurité (f)	fr\t명사(여성)\t\t안전, 보안\t安全 (anzen), セキュリティ\tétat où l'on ne court aucun risque\tsecurity, safety\tsekureco
02562	1970-01-01 00:00:00	0000	0000	les étapes (f, pl)	fr\t명사(여성·복수)\t\t단계\t段階 (dankai), 手順 (tejun)\tphases successives\tsteps\tetapoj
02563	1970-01-01 00:00:00	0000	0000	l'émotion (f)	fr\t명사(여성)\t\t감정, 감동\t感情 (kanjō), 感動 (kandō)\tétat affectif intense\temotion\temocio
02564	1970-01-01 00:00:00	0000	0000	perdre contrôle	fr\t동사구\t\t통제력을 잃다\tコントロールを失う\tne plus maîtriser\tto lose control\tperdi kontrolon
02565	1970-01-01 00:00:00	0000	0000	dès l'été	fr\t전치사구\t\t여름부터 바로\t夏から (natsu kara)\tà partir de l'été\tas early as summer\tjam de la somero
02566	1970-01-01 00:00:00	0000	0000	assurance santé (f)	fr\t명사(여성)\t\t건강보험\t健康保険 (kenkō hoken)\tcouverture des frais médicaux\thealth insurance\tsanasekuro
02567	1970-01-01 00:00:00	0000	0000	code PIN (m)	fr\t명사(남성)\t\tPIN 번호\t暗証番号 (anshō bangō)\tcode secret à chiffres\tPIN code\tsekreta kodo
02568	1970-01-01 00:00:00	0000	0000	l'aube (f)	fr\t명사(여성)\t\t새벽\t夜明け (yoake)\tpremière lueur du jour\tdawn\ttagiĝo
02569	1970-01-01 00:00:00	0000	0000	tisonnier (m)	fr\t명사(남성)\t\t부지깽이\t火かき棒 (hikakibō)\ttige pour attiser le feu\tpoker\tfajrostango
02570	1970-01-01 00:00:00	0000	0000	identifiant (m)	fr\t명사(남성)\t\t아이디\tユーザーID (yūzā ID)\tnom d'utilisateur pour se connecter\tusername, ID\tidentigilo
02571	1970-01-01 00:00:00	0000	0000	les neurones (m, pl)	fr\t명사(남성·복수)\t\t뉴런, 신경세포\tニューロン (nyūron)\tcellules du système nerveux\tneurons\tneŭronoj
02572	1970-01-01 00:00:00	0000	0000	l'huile (f)	fr\t명사(여성)\t\t기름\t油 (abura)\tcorps gras liquide\toil\toleo
02573	1970-01-01 00:00:00	0000	0000	les lumières (f)	fr\t명사(여성·복수)\t\t조명, 불빛\t明かり (akari)\tsources d'éclairage\tlights\tlumoj
02574	1970-01-01 00:00:00	0000	0000	アイスノン / 冷却シート	ja\t명사\taisunon / reikyaku shīto\t아이스팩 / 쿨링 시트\tアイスノン / 冷却シート\tpoche de froid / patch rafraîchissant\tcooling pack / cooling sheet\tmalvarmiga pakaĵo
02575	1970-01-01 00:00:00	0000	0000	le cinéphile	fr\t명사(남성/여성)\t\t영화광\t映画ファン (eiga fan)\tamateur passionné de cinéma\tfilm buff\tkinoŝatanto
02576	1970-01-01 00:00:00	0000	0000	ambition (f)	fr\t명사(여성)\t\t야망\t野心 (yashin)\tdésir de réussite ou de pouvoir\tambition\tambicio
02577	1970-01-01 00:00:00	0000	0000	piratage (m)	fr\t명사(남성)\t\t해킹\tハッキング (hakkingu)\tintrusion illicite dans un système\thacking\tkodrompado
02578	1970-01-01 00:00:00	0000	0000	passage piéton / clouté	fr\t명사(남성)\t\t횡단보도\t横断歩道 (ōdan hodō)\tzone marquée pour traverser\tcrosswalk\tpasejo
02579	1970-01-01 00:00:00	0000	0000	J'en peux plus	fr\t구어 표현\t\t더는 못 참겠어\tもう無理 (mō muri)\tje suis à bout\tI can't take it anymore\tmi ne plu eltenas
02580	1970-01-01 00:00:00	0000	0000	des frites (f)	fr\t명사(여성·복수)\t\t감자튀김\tフライドポテト\tbâtonnets de pomme de terre frits\tfries\tfritoj
02581	1970-01-01 00:00:00	0000	0000	薄い / 厚い生地	ja\t명사구\tusui / atsui kiji\t얇은 / 두꺼운 도우\t薄い / 厚い生地\tpâte fine ou épaisse\tthin / thick crust\tmaldika / dika pasto
02582	1970-01-01 00:00:00	0000	0000	la friteuse (f.)	fr\t명사(여성)\t\t튀김기\tフライヤー (furaiyā)\tappareil pour frire\tfryer\tfritilo
02583	1970-01-01 00:00:00	0000	0000	démarchage (m)	fr\t명사(남성)\t\t방문·전화 판매\t営業 (eigyō)\tprospection commerciale directe\tcold calling\tvarbado
02584	1970-01-01 00:00:00	0000	0000	les œuvres (f, pl)	fr\t명사(여성·복수)\t\t작품들\t作品 (sakuhin)\tcréations d'un artiste\tworks\tverkoj
02585	1970-01-01 00:00:00	0000	0000	poêle (f)	fr\t명사(여성)\t\t프라이팬\tフライパン (furaipan)\tustensile plat pour cuire\tfrying pan\tpato
02586	1970-01-01 00:00:00	0000	0000	occasion (f)	fr\t명사(여성)\t\t기회, 중고품\t機会 (kikai), 中古 (chūko)\tcirconstance favorable ou article usagé\topportunity, second-hand\tokazo, uzita varo
02587	1970-01-01 00:00:00	0000	0000	les sous (m)	fr\t명사(남성·복수)\t\t돈, 푼돈\tお金 (okane)\targent (familier)\tmoney\tmono
02588	1970-01-01 00:00:00	0000	0000	mascara (m)	fr\t명사(남성)\t\t마스카라\tマスカラ (masukara)\tproduit pour les cils\tmascara\tokulharkoloriga
02589	1970-01-01 00:00:00	0000	0000	série (f.)	fr\t명사(여성)\t\t시리즈, 드라마\tシリーズ (shirīzu), ドラマ (dorama)\tsuite d'épisodes ou d'éléments\tseries\tserio
02590	1970-01-01 00:00:00	0000	0000	corvée (f.)	fr\t명사(여성)\t\t성가신 집안일\t面倒な家事 (mendō na kaji)\ttâche ingrate à accomplir\tchore\ttedaĵo
02591	1970-01-01 00:00:00	0000	0000	なつく / なつかない	ja\t동사\tnatsuku / natsukanai\t따르다 / 따르지 않다\tなつく (natsuku)\ts'attacher à quelqu'un (animal)\tto warm up to / not to\talkutimiĝi al
02592	1970-01-01 00:00:00	0000	0000	procrastination (f)	fr\t명사(여성)\t\t미루기\t先延ばし (sakinobashi)\ttendance à repousser à plus tard\tprocrastination\tprokrastemo
02593	1970-01-01 00:00:00	0000	0000	essayage (m)	fr\t명사(남성)\t\t입어보기, 피팅\t試着 (shichaku)\tfait d'essayer un vêtement\tfitting\tsurprovado
02594	1970-01-01 00:00:00	0000	0000	cheminée (f)	fr\t명사(여성)\t\t벽난로\t暖炉 (danro)\tâtre où l'on fait du feu\tfireplace\tkameno
02595	1970-01-01 00:00:00	0000	0000	réveillon (m)	fr\t명사(남성)\t\t성탄·연말 만찬\tクリスマスや大晦日の食事\trepas de fête tardif du 24 ou 31\tChristmas/New Year's Eve feast\tfestvespermanĝo
02596	1970-01-01 00:00:00	0000	0000	filtrage d'appels (m)	fr\t명사(남성)\t\t전화 필터링\t着信フィルタリング\ttri automatique des appels reçus\tcall screening\tvokfiltrado
02597	1970-01-01 00:00:00	0000	0000	les doigts (m)	fr\t명사(남성·복수)\t\t손가락\t指 (yubi)\textrémités de la main\tfingers\tfingroj
02598	1970-01-01 00:00:00	0000	0000	l'engouement (m)	fr\t명사(남성)\t\t열광, 붐\t熱狂 (nekkyō)\tenthousiasme soudain et collectif\tcraze\tentuziasmo
02599	1970-01-01 00:00:00	0000	0000	indigestion (f)	fr\t명사(여성)\t\t소화불량\t消化不良 (shōka furyō)\ttrouble digestif après excès\tindigestion\tnedigesto
02600	1970-01-01 00:00:00	0000	0000	numéro masqué (m)	fr\t명사(남성)\t\t발신번호 표시 제한\t非通知番号 (hitsūchi bangō)\tappel dont le numéro est caché\twithheld number\tkaŝita numero
02601	1970-01-01 00:00:00	0000	0000	cendres (f, pl)	fr\t명사(여성·복수)\t\t재\t灰 (hai)\trésidus d'une combustion\tashes\tcindro
02602	1970-01-01 00:00:00	0000	0000	～しておく	ja\t보조동사 표현\t~shite oku\t미리 ~해 두다\t～しておく\tfaire à l'avance\tto do in advance\tfari anticipe
02603	1970-01-01 00:00:00	0000	0000	promotion (f)	fr\t명사(여성)\t\t판촉, 할인 행사, 승진\tセール (sēru), 昇進 (shōshin)\toffre commerciale ou avancement\tpromotion\tpromocio
02604	1970-01-01 00:00:00	0000	0000	tant que ~	fr\t접속사구\t\t~하는 한\t～する限り (~suru kagiri)\taussi longtemps que\tas long as\tdum, tiel longe kiel
02605	1970-01-01 00:00:00	0000	0000	l'humanité (f)	fr\t명사(여성)\t\t인류, 인간성\t人類 (jinrui)\tensemble des humains ou qualité humaine\thumanity\thomaro
02606	1970-01-01 00:00:00	0000	0000	ブッシュドノエル	ja\t명사\tbusshu do noeru\t부슈 드 노엘\tブッシュドノエル\tbûche de Noël\tYule log\tkristnaska ŝtipkuko
02607	1970-01-01 00:00:00	0000	0000	les fêtes de fin d'année (f)	fr\t명사(여성·복수)\t\t연말연시\t年末年始 (nenmatsu nenshi)\tpériode de Noël et du Nouvel An\tthe holiday season\tjarfinaj festoj
02608	1970-01-01 00:00:00	0000	0000	nourriture pour animaux (f.)	fr\t명사(여성)\t\t사료\tペットフード (petto fūdo)\taliments destinés aux animaux\tpet food\tbesta manĝaĵo
02609	1970-01-01 00:00:00	0000	0000	rien t'oblige à	fr\t표현\t\t너에게 ~을 강요하는 건 없다\t何も強制していない\taucune contrainte ne t'impose de\tnothing forces you to\tnenio devigas vin
02610	1970-01-01 00:00:00	0000	0000	Je (ne) sais pas comment tu fais pour...	fr\t표현\t\t네가 어떻게 ~하는지 모르겠어\tどうやって～するのか分からない\tj'ignore comment tu parviens à\tI don't know how you manage to\tmi ne scias kiel vi sukcesas
02611	1970-01-01 00:00:00	0000	0000	rhume (m.)	fr\t명사(남성)\t\t감기\t風邪 (kaze)\tinfection légère des voies respiratoires\tcold\tmalvarmumo
02612	1970-01-01 00:00:00	0000	0000	avance (f)	fr\t명사(여성)\t\t선불, 앞서감\t前払い (maebarai), 先行 (senkō)\tsomme versée d'avance ou position devant\tadvance\tantaŭpago, antaŭeco
02613	1970-01-01 00:00:00	0000	0000	conduit de cheminée (m)	fr\t명사(남성)\t\t굴뚝 연통\t煙突 (entotsu)\ttuyau évacuant la fumée\tflue\tkamentubo
02614	1970-01-01 00:00:00	0000	0000	gamelle (f.)	fr\t명사(여성)\t\t밥그릇(반려동물)\t餌入れ (esaire)\trécipient pour la nourriture d'un animal\tbowl\tmanĝujo
02615	1970-01-01 00:00:00	0000	0000	repas copieux (m)	fr\t명사(남성)\t\t푸짐한 식사\tボリュームのある食事\trepas abondant\thearty meal\tabunda manĝo
02616	1970-01-01 00:00:00	0000	0000	fumée (f)	fr\t명사(여성)\t\t연기\t煙 (kemuri)\tnuage produit par une combustion\tsmoke\tfumo
02617	1970-01-01 00:00:00	0000	0000	bilan (m)	fr\t명사(남성)\t\t결산, 총정리\t総括 (sōkatsu)\tétat récapitulatif d'une situation\tassessment, summary\tbilanco
02618	1970-01-01 00:00:00	0000	0000	cerveau (m)	fr\t명사(남성)\t\t뇌\t脳 (nō)\torgane de la pensée\tbrain\tcerbo
02619	1970-01-01 00:00:00	0000	0000	majuscules (f)	fr\t명사(여성·복수)\t\t대문자\t大文字 (ōmoji)\tlettres de grande forme\tcapital letters\tmajuskloj
02620	1970-01-01 00:00:00	0000	0000	sollicitation commerciale (f)	fr\t명사(여성)\t\t영업 권유\t営業勧誘 (eigyō kan'yū)\tdémarche pour vendre un produit\tsales solicitation\tkomerca alparolo
02621	1970-01-01 00:00:00	0000	0000	l'été (m)	fr\t명사(남성)\t\t여름\t夏 (natsu)\tsaison la plus chaude\tsummer\tsomero
02622	1970-01-01 00:00:00	0000	0000	l'oie (f)	fr\t명사(여성)\t\t거위\tガチョウ (gachō)\tgros oiseau de basse-cour\tgoose\tansero
02623	1970-01-01 00:00:00	0000	0000	laisser tomber qn/qc	fr\t동사구\t\t포기하다, 저버리다\t諦める (akirameru), 見捨てる (misuteru)\tabandonner une chose ou une personne\tto drop, to let down\tforlasi
02624	1970-01-01 00:00:00	0000	0000	sérum (m)	fr\t명사(남성)\t\t세럼, 앰플\t美容液 (biyōeki)\tsoin concentré pour la peau\tserum\tserumo
02625	1970-01-01 00:00:00	0000	0000	les impôts (m)	fr\t명사(남성·복수)\t\t세금\t税金 (zeikin)\tprélèvements versés à l'État\ttaxes\timpostoj
02626	1970-01-01 00:00:00	0000	0000	la part (de pizza)	fr\t명사(여성)\t\t피자 한 조각\tピザ一切れ (piza hitokire)\tportion triangulaire de pizza\tslice\tpeco
02627	1970-01-01 00:00:00	0000	0000	on bouge plus	fr\t표현\t\t우리는 더 이상 움직이지 않는다\tもう動かない (mō ugokanai)\tnous ne bougeons plus\twe don't move anymore\tni ne plu moviĝas
02628	1970-01-01 00:00:00	0000	0000	fond de teint (m)	fr\t명사(남성)\t\t파운데이션\tファンデーション\tbase de maquillage pour uniformiser le teint\tfoundation\tvizaĝbazo
02629	1970-01-01 00:00:00	0000	0000	Attendre l'heure de + inf	fr\t동사구\t\t~할 시간을 기다리다\t～する時間を待つ\tpatienter jusqu'au moment de faire\tto wait for the time to\tatendi la horon por
02630	1970-01-01 00:00:00	0000	0000	recaler qc	fr\t동사\t\t탈락시키다, 다시 맞추다\t不合格にする (fugōkaku ni suru)\trefuser ou remettre en place\tto fail, to reset\tmalakcepti
02631	1970-01-01 00:00:00	0000	0000	parfum (m)	fr\t명사(남성)\t\t향수, 향\t香水 (kōsui), 香り (kaori)\tsenteur ou produit parfumé\tperfume, scent\tparfumo
02632	1970-01-01 00:00:00	0000	0000	patinoire (f)	fr\t명사(여성)\t\t스케이트장\tスケートリンク\tsurface glacée pour patiner\tice rink\tsketejo
02633	1970-01-01 00:00:00	0000	0000	sapin de Noël (m)	fr\t명사(남성)\t\t크리스마스 트리\tクリスマスツリー\tconifère décoré pour les fêtes\tChristmas tree\tkristnaska arbo
02634	1970-01-01 00:00:00	0000	0000	liste rouge (f)	fr\t명사(여성)\t\t수신 차단 목록\t着信拒否リスト\trépertoire des numéros bloqués ou non publiés\tdo-not-call list\tblokolisto
02635	1970-01-01 00:00:00	0000	0000	cosmétiques (m/f pl)	fr\t명사(복수)\t\t화장품\t化粧品 (keshōhin)\tproduits de beauté\tcosmetics\tkosmetikaĵoj
02636	1970-01-01 00:00:00	0000	0000	pressentiment (m)	fr\t명사(남성)\t\t예감\t予感 (yokan)\tintuition de ce qui va arriver\thunch\tantaŭsento
02637	1970-01-01 00:00:00	0000	0000	t'as l'air	fr\t구어 표현\t\t너 ~해 보인다\t～に見える (~ni mieru)\ttu sembles\tyou look\tvi aspektas
02638	1970-01-01 00:00:00	0000	0000	détermination (f)	fr\t명사(여성)\t\t결단력\t決意 (ketsui)\tfermeté dans la décision\tdetermination\tdecidemo
02639	1970-01-01 00:00:00	0000	0000	les cadeaux (m)	fr\t명사(남성·복수)\t\t선물\tプレゼント (purezento)\tobjets offerts\tgifts\tdonacoj
02640	1970-01-01 00:00:00	0000	0000	lourdeur (f)	fr\t명사(여성)\t\t더부룩함, 무거움\t重さ (omosa), 胃もたれ\tsensation de pesanteur\theaviness\tpezeco
02641	1970-01-01 00:00:00	0000	0000	croquettes (f. pl.)	fr\t명사(여성·복수)\t\t사료 알갱이\tドライフード (dorai fūdo)\taliments secs pour animaux\tkibble\tsekaj bestgrajnoj
02642	1970-01-01 00:00:00	0000	0000	les protéines végétales (f)	fr\t명사(여성·복수)\t\t식물성 단백질\t植物性たんぱく質\tprotéines issues des plantes\tplant proteins\tvegetalaj proteinoj
02643	1970-01-01 00:00:00	0000	0000	le calendrier de l'Avent	fr\t명사(남성)\t\t어드벤트 캘린더\tアドベントカレンダー\tcalendrier décomptant les jours avant Noël\tAdvent calendar\tadvena kalendaro
02644	1970-01-01 00:00:00	0000	0000	opérateur téléphonique (m)	fr\t명사(남성)\t\t통신사\t通信会社 (tsūshin gaisha)\tentreprise fournissant le service mobile\tphone carrier\ttelefonoperatoro
02645	1970-01-01 00:00:00	0000	0000	litière (f.)	fr\t명사(여성)\t\t고양이 모래\t猫砂 (nekosuna)\tmatière absorbante pour les chats\tcat litter\tkata sablo
02646	1970-01-01 00:00:00	0000	0000	des poêles (f)	fr\t명사(여성·복수)\t\t프라이팬들\tフライパン (furaipan)\tustensiles plats pour cuire\tfrying pans\tpatoj
02647	1970-01-01 00:00:00	0000	0000	そう思わない?	ja\t표현\tsō omowanai?\t그렇게 생각 안 해?\tそう思わない？\ttu ne trouves pas ?\tdon't you think?\tĉu vi ne opinias tiel?
02648	1970-01-01 00:00:00	0000	0000	t'as pas tort	fr\t구어 표현\t\t네 말도 일리가 있다\t一理あるね (ichiri aru ne)\ttu n'as pas tort\tyou've got a point\tvi ne malpravas
02649	1970-01-01 00:00:00	0000	0000	le foie gras (m)	fr\t명사(남성)\t\t푸아그라\tフォアグラ (foagura)\tfoie d'oie ou de canard engraissé\tfoie gras\tgrasa hepataĵo
02650	1970-01-01 00:00:00	0000	0000	起きるの	ja\t표현\tokiru no\t일어나는 것\t起きるの (okiru no)\tle fait de se lever\tgetting up\tla ellitiĝo
02651	1970-01-01 00:00:00	0000	0000	piste (f)	fr\t명사(여성)\t\t슬로프, 트랙\tゲレンデ (gerende), トラック\tvoie aménagée pour skier ou courir\tslope, track\tkurejo, deklivo
02652	1970-01-01 00:00:00	0000	0000	〜のせいで	ja\t표현\t~no sei de\t~탓에\t〜のせいで\tà cause de\tbecause of\tpro (kulpo de)
02653	1970-01-01 00:00:00	0000	0000	花火	ja\t명사\thanabi\t불꽃놀이\t花火 (hanabi)\tfeu d'artifice\tfireworks\tartfajraĵo
02654	1970-01-01 00:00:00	0000	0000	中止	ja\t명사·する동사\tchūshi\t중지, 취소\t中止 (chūshi)\tannulation\tcancellation\tnuligo
02655	1970-01-01 00:00:00	0000	0000	置き換える	ja\t동사\tokikaeru\t바꿔 놓다, 대체하다\t置き換える (okikaeru)\tremplacer par\tto replace\tanstataŭigi
02656	1970-01-01 00:00:00	0000	0000	ドローンショー	ja\t명사\tdorōn shō\t드론 쇼\tドローンショー\tspectacle de drones\tdrone show\tdrona spektaklo
02657	1970-01-01 00:00:00	0000	0000	最高	ja\t명사·형용동사\tsaikō\t최고\t最高 (saikō)\tle meilleur\tthe best\tplej bona
02658	1970-01-01 00:00:00	0000	0000	モダン	ja\t형용동사\tmodan\t모던한\tモダン (modan)\tmoderne\tmodern\tmoderna
02659	1970-01-01 00:00:00	0000	0000	友達	ja\t명사\ttomodachi\t친구\t友達 (tomodachi)\tami\tfriend\tamiko
02660	1970-01-01 00:00:00	0000	0000	鑑賞	ja\t명사·する동사\tkanshō\t감상\t鑑賞 (kanshō)\tappréciation d'une œuvre\tviewing, appreciation\tadmirado
02661	1970-01-01 00:00:00	0000	0000	場所	ja\t명사\tbasho\t장소\t場所 (basho)\tlieu\tplace\tloko
02662	1970-01-01 00:00:00	0000	0000	見つける	ja\t동사\tmitsukeru\t찾아내다\t見つける (mitsukeru)\ttrouver\tto find\ttrovi
02663	1970-01-01 00:00:00	0000	0000	打ち上げ花火	ja\t명사\tuchiage hanabi\t쏘아 올리는 불꽃\t打ち上げ花火\tfusée de feu d'artifice\taerial fireworks\taerartfajraĵo
02664	1970-01-01 00:00:00	0000	0000	屋台	ja\t명사\tyatai\t포장마차\t屋台 (yatai)\tstand de rue\tfood stall\tstratbudo
02665	1970-01-01 00:00:00	0000	0000	混雑	ja\t명사·する동사\tkonzatsu\t혼잡\t混雑 (konzatsu)\taffluence, cohue\tcrowding\thomamaso
02666	1970-01-01 00:00:00	0000	0000	猛暑日	ja\t명사\tmōshobi\t폭염일(35도 이상)\t猛暑日 (mōshobi)\tjournée de chaleur extrême\textremely hot day\tekstreme varma tago
02667	1970-01-01 00:00:00	0000	0000	環境に優しい	ja\t표현\tkankyō ni yasashii\t친환경적이다\t環境に優しい\trespectueux de l'environnement\teco-friendly\tekologiema
02668	1970-01-01 00:00:00	0000	0000	中止を余儀なくされる	ja\t표현\tchūshi o yogi naku sareru\t부득이 중지되다\t中止を余儀なくされる\têtre contraint à l'annulation\tto be forced to cancel\testi devigita nuligi
02669	1970-01-01 00:00:00	0000	0000	穴場スポット	ja\t명사\tanaba supotto\t숨은 명소\t穴場スポット\tcoin peu connu et agréable\thidden gem spot\tkaŝita loko
02670	1970-01-01 00:00:00	0000	0000	夏の風物詩	ja\t명사구\tnatsu no fūbutsushi\t여름의 풍물, 여름 정취\t夏の風物詩\tsymbole traditionnel de l'été\tsummer tradition\tsomera tradicio
02671	1970-01-01 00:00:00	0000	0000	le feu d'artifice	fr\t명사(남성)\t\t불꽃놀이\t花火 (hanabi)\tspectacle d'explosions lumineuses\tfireworks\tartfajraĵo
02672	1970-01-01 00:00:00	0000	0000	le drone	fr\t명사(남성)\t\t드론\tドローン (dorōn)\taéronef sans pilote\tdrone\tdrono
02673	1970-01-01 00:00:00	0000	0000	le spectacle	fr\t명사(남성)\t\t공연, 볼거리\tショー (shō), 光景 (kōkei)\treprésentation donnée au public\tshow\tspektaklo
02674	1970-01-01 00:00:00	0000	0000	le bruit	fr\t명사(남성)\t\t소음, 소리\t音 (oto), 騒音 (sōon)\tson, souvent désagréable\tnoise\tbruo
02675	1970-01-01 00:00:00	0000	0000	l'oreille	fr\t명사(여성)\t\t귀\t耳 (mimi)\torgane de l'audition\tear\torelo
02676	1970-01-01 00:00:00	0000	0000	le spot	fr\t명사(남성)\t\t장소, 명소\tスポット (supotto)\tendroit précis prisé\tspot\tloko
02677	1970-01-01 00:00:00	0000	0000	l'ami / l'amie	fr\t명사(남성/여성)\t\t친구\t友達 (tomodachi)\tpersonne avec qui on a un lien d'affection\tfriend\tamiko / amikino
02678	1970-01-01 00:00:00	0000	0000	Le 14 Juillet	fr\t고유명사(남성)\t\t프랑스 혁명 기념일\tフランス革命記念日\tfête nationale française\tBastille Day\tla 14-a de julio
02679	1970-01-01 00:00:00	0000	0000	du coup	fr\t구어 표현\t\t그래서\tだから (dakara)\tpar conséquent\tso, as a result\tdo
02680	1970-01-01 00:00:00	0000	0000	voir passer quelque chose	fr\t동사구\t\t뭔가가 지나가는 것을 보다\t何かが通り過ぎるのを見る\tapercevoir une chose qui défile\tto see something go by\tvidi ion preterpasi
02681	1970-01-01 00:00:00	0000	0000	Heureusement	fr\t부사\t\t다행히\t幸いに (saiwai ni)\tpar chance\tfortunately\tfeliĉe
02682	1970-01-01 00:00:00	0000	0000	T'en penses quoi ?	fr\t구어 표현\t\t어떻게 생각해?\tどう思う？ (dō omou?)\tquel est ton avis\twhat do you think?\tkion vi opinias?
02683	1970-01-01 00:00:00	0000	0000	vachement	fr\t부사(구어)\t\t엄청\tめっちゃ (metcha)\ttrès, extrêmement\treally, super\tterure, tre
02684	1970-01-01 00:00:00	0000	0000	Il ne reste plus qu'à + 동사원형	fr\t표현\t\t이제 ~하기만 하면 된다\tあとは～するだけ\til suffit désormais de\tall that's left is to\trestas nur
02685	1970-01-01 00:00:00	0000	0000	comme il se doit	fr\t부사구\t\t제대로, 격식대로\tしかるべく (shikarubeku)\tde la façon appropriée\tas it should be\tkiel decas
02686	1970-01-01 00:00:00	0000	0000	la sécheresse	fr\t명사(여성)\t\t가뭄\t干ばつ (kanbatsu)\tmanque prolongé de pluie\tdrought\tsekeco
02687	1970-01-01 00:00:00	0000	0000	le réchauffement climatique	fr\t명사(남성)\t\t지구온난화\t地球温暖化 (chikyū ondanka)\thausse des températures mondiales\tglobal warming\tklimata varmiĝo
02688	1970-01-01 00:00:00	0000	0000	la dérogation	fr\t명사(여성)\t\t예외 허가\t特例 (tokurei)\tautorisation d'écarter une règle\texemption\tescepto
02689	1970-01-01 00:00:00	0000	0000	l'arrêté préfectoral	fr\t명사(남성)\t\t도지사령, 관할 행정명령\t県知事令 (kenchijirei)\tdécision réglementaire d'un préfet\tprefectural decree\tprefekta dekreto
02690	1970-01-01 00:00:00	0000	0000	le risque d'incendie	fr\t명사(남성)\t\t화재 위험\t火災リスク (kasai risuku)\tdanger qu'un feu se déclare\tfire risk\tincendia risko
02691	1970-01-01 00:00:00	0000	0000	la technologie propre	fr\t명사(여성)\t\t청정 기술\tクリーンテクノロジー\ttechnique peu polluante\tclean technology\tpura teknologio
02692	1970-01-01 00:00:00	0000	0000	la pollution sonore	fr\t명사(여성)\t\t소음 공해\t騒音公害 (sōon kōgai)\tnuisance due au bruit\tnoise pollution\tbrupoluo
02693	1970-01-01 00:00:00	0000	0000	le gouvernement	fr\t명사(남성)\t\t정부\t政府 (seifu)\tautorité dirigeant un État\tthe government\tregistaro
02694	1970-01-01 00:00:00	0000	0000	annuler à la dernière minute	fr\t동사구\t\t막판에 취소하다\tドタキャンする\trenoncer juste avant l'échéance\tto cancel last minute\tnuligi lastmomente
02695	1970-01-01 00:00:00	0000	0000	se rassembler	fr\t동사(대명동사)\t\t모이다\t集まる (atsumaru)\tse réunir en un même lieu\tto gather\tkolektiĝi
02696	1970-01-01 00:00:00	0000	0000	ちょっと	ja\t부사\tchotto\t조금, 잠깐\tちょっと (chotto)\tun peu\ta bit\tiomete
02697	1970-01-01 00:00:00	0000	0000	危うく	ja\t부사\tayauku\t하마터면\t危うく (ayauku)\tde justesse, on a failli\tnearly\tpreskaŭ
02698	1970-01-01 00:00:00	0000	0000	シンプルに	ja\t부사\tshinpuru ni\t단순하게\tシンプルに (shinpuru ni)\tsimplement\tsimply\tsimple
02699	1970-01-01 00:00:00	0000	0000	冷たい	ja\tい형용사\ttsumetai\t차갑다\t冷たい (tsumetai)\tfroid, distant\tcold\tmalvarma
02700	1970-01-01 00:00:00	0000	0000	丁寧すぎ	ja\t표현\tteineisugi\t지나치게 정중함\t丁寧すぎ (teineisugi)\ttrop poli\toverly polite\ttro ĝentila
02701	1970-01-01 00:00:00	0000	0000	大げさだ	ja\t형용동사\tōgesa da\t과장스럽다\t大げさだ (ōgesa da)\texagéré\tover the top\ttroigita
02702	1970-01-01 00:00:00	0000	0000	足りない	ja\t동사(부정)\ttarinai\t부족하다\t足りない (tarinai)\tinsuffisant\tnot enough\tnesufiĉa
02703	1970-01-01 00:00:00	0000	0000	滑稽だ	ja\t형용동사\tkokkei da\t우스꽝스럽다\t滑稽だ (kokkei da)\tridicule, comique\tlaughable\tridinda
02704	1970-01-01 00:00:00	0000	0000	珍しい	ja\tい형용사\tmezurashii\t드물다\t珍しい (mezurashii)\trare, inhabituel\trare\tmalofta
02705	1970-01-01 00:00:00	0000	0000	礼儀正しい	ja\tい형용사\treigi tadashii\t예의 바르다\t礼儀正しい\tpoli, bien élevé\tpolite\tĝentila
02706	1970-01-01 00:00:00	0000	0000	使っちゃった	ja\t동사(구어·과거)\ttsukatchatta\t써 버렸다\t使っちゃった\tje l'ai utilisé (malgré tout)\tI ended up using it\tmi ja uzis ĝin
02707	1970-01-01 00:00:00	0000	0000	するよね	ja\t표현\tsuru yo ne\t하지, 그렇지\tするよね (suru yo ne)\ton le fait, n'est-ce pas\tyou do, right?\toni ja faras, ĉu ne
02708	1970-01-01 00:00:00	0000	0000	なるし	ja\t표현\tnaru shi\t되기도 하고\tなるし (naru shi)\tet puis ça devient\tand it becomes\tkaj ĝi iĝas
02709	1970-01-01 00:00:00	0000	0000	書きそうになった	ja\t표현\tkakisō ni natta\t쓸 뻔했다\t書きそうになった\tj'ai failli l'écrire\tI almost wrote it\tmi preskaŭ skribis
02710	1970-01-01 00:00:00	0000	0000	しておきなよ	ja\t표현(권유)\tshite okina yo\t미리 해 둬\tしておきなよ\tfais-le à l'avance\tbetter do it beforehand\tfaru ĝin anticipe
02711	1970-01-01 00:00:00	0000	0000	損ねる	ja\t동사\tsokoneru\t해치다, 상하게 하다\t損ねる (sokoneru)\tnuire à, gâcher\tto spoil, to harm\tdifekti
02712	1970-01-01 00:00:00	0000	0000	してくれるはずだ	ja\t표현\tshite kureru hazu da\t해줄 것이다\tしてくれるはずだ\til devrait le faire pour moi\tthey should do it for me\toni devus fari por mi
02713	1970-01-01 00:00:00	0000	0000	proprio	fr\t명사(남성·구어)\t\t집주인\t大家 (ōya)\tpropriétaire du logement\tlandlord\tdommastro
02714	1970-01-01 00:00:00	0000	0000	casse-tête	fr\t명사(남성)\t\t골칫거리, 퍼즐\t難題 (nandai), パズル\tproblème très difficile ou jeu de réflexion\theadache, puzzle\tkapdoloro, enigmo
02715	1970-01-01 00:00:00	0000	0000	fuite d'eau	fr\t명사(여성)\t\t누수\t水漏れ (mizumore)\técoulement non désiré d'eau\twater leak\takvolikado
02716	1970-01-01 00:00:00	0000	0000	politesse	fr\t명사(여성)\t\t예의\t礼儀 (reigi)\trespect des usages sociaux\tpoliteness\tĝentileco
02717	1970-01-01 00:00:00	0000	0000	formule de politesse	fr\t명사(여성)\t\t정중한 맺음말\t結びの言葉 (musubi no kotoba)\texpression rituelle de courtoisie\tclosing formula\tĝentila formulo
02718	1970-01-01 00:00:00	0000	0000	sec	fr\t형용사\t\t무뚝뚝한, 건조한\tそっけない (sokkenai), 乾いた\tabrupt dans le ton, ou sans humidité\tcurt, dry\tseka, abrupta
02719	1970-01-01 00:00:00	0000	0000	distingué	fr\t형용사\t\t품위 있는\t上品な (jōhin na)\télégant et raffiné\trefined\tdistinginda
02720	1970-01-01 00:00:00	0000	0000	passe-partout	fr\t형용사·명사(남성)\t\t두루 쓰이는, 만능열쇠\t万能の (bannō no), マスターキー\tqui convient à tout, ou clé universelle\tall-purpose, master key\tĉiucela, ĉefŝlosilo
02721	1970-01-01 00:00:00	0000	0000	venir de + inf.	fr\t표현\t\t막 ~했다\t～したばかりだ\tavoir fait à l'instant\tto have just done\tĵus fari
02722	1970-01-01 00:00:00	0000	0000	en faire trop	fr\t동사구\t\t과하게 하다\tやりすぎる (yarisugiru)\tdépasser la mesure\tto overdo it\ttroigi
02723	1970-01-01 00:00:00	0000	0000	Bien à vous	fr\t맺음 인사\t\t그럼 이만(정중)\t敬具 (keigu)\tformule de fin cordiale et sobre\tYours sincerely\tSincere via
02724	1970-01-01 00:00:00	0000	0000	お世話になっております	ja\t인사 표현\tosewa ni natte orimasu\t늘 신세지고 있습니다\tお世話になっております\tformule d'ouverture professionnelle\tthank you for your continued support\tdankon pro via daŭra subteno
02725	1970-01-01 00:00:00	0000	0000	よろしくお願いいたします	ja\t인사 표현\tyoroshiku onegai itashimasu\t잘 부탁드립니다\tよろしくお願いいたします\tformule de clôture polie\tthank you in advance\tantaŭdankon
02726	1970-01-01 00:00:00	0000	0000	取り急ぎ御礼まで	ja\t맺음 표현\ttoriisogi orei made\t우선 감사 인사만 드립니다\t取り急ぎ御礼まで\tun mot rapide pour vous remercier\tjust a quick note of thanks\tnur rapida danko
02727	1970-01-01 00:00:00	0000	0000	敬具	ja\t맺음 표현\tkeigu\t경구(맺음말)\t敬具 (keigu)\tformule finale de lettre\tSincerely\tSincere
02728	1970-01-01 00:00:00	0000	0000	拝啓	ja\t서두 표현\thaikei\t배계(서두 인사)\t拝啓 (haikei)\tformule d'ouverture de lettre\tDear Sir/Madam\tEstimata
02729	1970-01-01 00:00:00	0000	0000	様	ja\t접미어\tsama\t~님\t様 (sama)\tsuffixe honorifique après un nom\tMr./Ms. (honorific)\tsinjoro/sinjorino
02730	1970-01-01 00:00:00	0000	0000	御中	ja\t접미어\tonchū\t귀중(단체 앞)\t御中 (onchū)\tmention adressée à une organisation\tMessrs. (to a company)\tal la firmao
02731	1970-01-01 00:00:00	0000	0000	ご査収ください	ja\t표현\tgosashū kudasai\t검토하여 수령해 주십시오\tご査収ください\tveuillez en prendre connaissance\tplease find enclosed\tbonvolu kontroli kaj akcepti
02732	1970-01-01 00:00:00	0000	0000	返信	ja\t명사·する동사\thenshin\t답장\t返信 (henshin)\tréponse à un message\treply\trespondo
02733	1970-01-01 00:00:00	0000	0000	転送	ja\t명사·する동사\ttensō\t전달, 포워딩\t転送 (tensō)\tfait de faire suivre un message\tforwarding\tplusendo
02734	1970-01-01 00:00:00	0000	0000	bail	fr\t명사(남성)\t\t임대차 계약\t賃貸契約 (chintai keiyaku)\tcontrat de location\tlease\tluokontrakto
02735	1970-01-01 00:00:00	0000	0000	locataire	fr\t명사(남성/여성)\t\t세입자\t借主 (karinushi)\tpersonne qui loue un logement\ttenant\tluanto
02736	1970-01-01 00:00:00	0000	0000	loyer	fr\t명사(남성)\t\t집세\t家賃 (yachin)\tsomme versée pour la location\trent\tluprezo
02737	1970-01-01 00:00:00	0000	0000	expéditeur	fr\t명사(남성)\t\t발신인\t差出人 (sashidashinin)\tcelui qui envoie\tsender\tsendinto
02738	1970-01-01 00:00:00	0000	0000	destinataire	fr\t명사(남성/여성)\t\t수신인\t宛先 (atesaki)\tcelui à qui l'envoi est adressé\trecipient\tadresato
02739	1970-01-01 00:00:00	0000	0000	pièce jointe	fr\t명사(여성)\t\t첨부파일\t添付ファイル (tenpu fairu)\tdocument accompagnant un message\tattachment\taldonaĵo
02740	1970-01-01 00:00:00	0000	0000	Cordialement	fr\t맺음 인사\t\t감사합니다(맺음말)\tよろしくお願いします\tformule de fin courante et neutre\tBest regards\tKore
02741	1970-01-01 00:00:00	0000	0000	Sincères salutations	fr\t맺음 인사\t\t삼가 인사 올립니다\t敬具 (keigu)\tformule de fin plus formelle\tYours sincerely\tSinceraj salutoj
02742	1970-01-01 00:00:00	0000	0000	Dans l'attente de votre réponse	fr\t맺음 표현\t\t답변 기다리겠습니다\tご返信お待ちしております\ten espérant recevoir votre réponse\tlooking forward to your reply\tAtendante vian respondon
02743	1970-01-01 00:00:00	0000	0000	Je vous prie d'agréer...	fr\t맺음 표현\t\t~올림(가장 격식)\t敬具 (keigu)\tformule de politesse la plus solennelle\tYours faithfully\tBonvolu akcepti...
02744	1970-01-01 00:00:00	0000	0000	買った	ja\t동사(과거)\tkatta\t샀다\t買った (katta)\tj'ai acheté\tbought\taĉetis
02745	1970-01-01 00:00:00	0000	0000	見てよ	ja\t표현(명령)\tmite yo\t봐봐\t見てよ (mite yo)\tregarde donc\tlook at this\trigardu do
02746	1970-01-01 00:00:00	0000	0000	一般常識	ja\t명사\tippan jōshiki\t일반 상식\t一般常識 (ippan jōshiki)\tculture générale\tgeneral knowledge\tĝenerala scio
02747	1970-01-01 00:00:00	0000	0000	謎解き	ja\t명사·する동사\tnazotoki\t수수께끼 풀기\t謎解き (nazotoki)\trésolution d'énigmes\tpuzzle-solving\tenigmosolvado
02748	1970-01-01 00:00:00	0000	0000	大人向け	ja\t명사\totona muke\t성인용\t大人向け (otona muke)\tdestiné aux adultes\tfor adults\tpor plenkreskuloj
02749	1970-01-01 00:00:00	0000	0000	あるの?	ja\t표현(의문)\taru no?\t있어?\tあるの？ (aru no?)\til y en a ?\tis there any?\tĉu estas?
02750	1970-01-01 00:00:00	0000	0000	思い出せない	ja\t동사(부정·가능)\tomoidasenai\t기억이 안 난다\t思い出せない\tje n'arrive pas à me souvenir\tI can't remember\tmi ne povas memori
02751	1970-01-01 00:00:00	0000	0000	面白かった	ja\t동사(형용사·과거)\tomoshirokatta\t재미있었다\t面白かった\tc'était intéressant\tit was fun\testis interese
02752	1970-01-01 00:00:00	0000	0000	面白くない	ja\tい형용사(부정)\tomoshirokunai\t재미없다\t面白くない\tpas intéressant\tnot fun\tne interesa
02753	1970-01-01 00:00:00	0000	0000	面白ければ	ja\tい형용사(가정형)\tomoshirokereba\t재미있으면\t面白ければ\tsi c'est intéressant\tif it's fun\tse estas interese
02754	1970-01-01 00:00:00	0000	0000	泳ぐ	ja\t동사\toyogu\t수영하다\t泳ぐ (oyogu)\tnager\tto swim\tnaĝi
02755	1970-01-01 00:00:00	0000	0000	泳ぎます	ja\t동사(정중형)\toyogimasu\t수영합니다\t泳ぎます (oyogimasu)\tje nage (poli)\tI swim (polite)\tmi naĝas (ĝentile)
02756	1970-01-01 00:00:00	0000	0000	泳いだ	ja\t동사(과거)\toyoida\t수영했다\t泳いだ (oyoida)\tj'ai nagé\tswam\tnaĝis
02757	1970-01-01 00:00:00	0000	0000	泳げば	ja\t동사(가정형)\toyogeba\t수영하면\t泳げば (oyogeba)\tsi l'on nage\tif one swims\tse oni naĝas
02758	1970-01-01 00:00:00	0000	0000	手伝ってあげる	ja\t표현\ttetsudatte ageru\t도와줄게\t手伝ってあげる\tje vais t'aider\tI'll help you\tmi helpos vin
02759	1970-01-01 00:00:00	0000	0000	何とかして	ja\t표현\tnantoka shite\t어떻게든 해서\t何とかして\ten se débrouillant\tsomehow, one way or another\tiel ajn
02760	1970-01-01 00:00:00	0000	0000	ce que	fr\t관계사\t-\t~것\t～こと (~koto)\tpronom relatif neutre\twhat\ttio kion
02761	1970-01-01 00:00:00	0000	0000	été	fr\t명사(남성)\t\t여름\t夏 (natsu)\tsaison chaude\tsummer\tsomero
02762	1970-01-01 00:00:00	0000	0000	plage	fr\t명사(여성)\t\t해변\t砂浜 (sunahama)\tbord de mer sablonneux\tbeach\tstrando
02763	1970-01-01 00:00:00	0000	0000	cahier de vacances	fr\t명사(남성)\t\t방학 숙제 책\t夏休みの宿題帳 (natsuyasumi no shukudaichō)\tlivret d'exercices pour les vacances\tsummer workbook\tferia ekzercolibro
02764	1970-01-01 00:00:00	0000	0000	adulte	fr\t명사·형용사\t\t성인\t大人 (otona)\tpersonne ayant atteint la maturité\tadult\tplenkreskulo
02765	1970-01-01 00:00:00	0000	0000	culture G	fr\t명사(여성·구어)\t\t일반 상식\t一般常識 (ippan jōshiki)\tculture générale (familier)\tgeneral knowledge\tĝenerala kulturo
02766	1970-01-01 00:00:00	0000	0000	énigme	fr\t명사(여성)\t\t수수께끼\t謎 (nazo)\tproblème mystérieux à résoudre\triddle\tenigmo
02767	1970-01-01 00:00:00	0000	0000	rappeler	fr\t동사\t\t다시 전화하다, 상기시키다\t電話をかけ直す, 思い出させる\ttéléphoner de nouveau ou faire penser à\tto call back, to remind\trememorigi
02768	1970-01-01 00:00:00	0000	0000	calvaire	fr\t명사(남성·구어)\t\t고역, 수난\t苦行 (kugyō)\tépreuve pénible (familier)\tordeal\tturmento
02769	1970-01-01 00:00:00	0000	0000	maths	fr\t명사(여성·복수)\t\t수학\t数学 (sūgaku)\tmathématiques\tmath\tmatematiko
02770	1970-01-01 00:00:00	0000	0000	août	fr\t명사(남성)\t\t8월\t8月 (hachigatsu)\thuitième mois de l'année\tAugust\taŭgusto
02771	1970-01-01 00:00:00	0000	0000	ludique	fr\t형용사\t\t놀이 같은, 재미있는\t遊び感覚の (asobi kankaku no)\tqui a un caractère de jeu\tplayful, fun\tluda
02772	1970-01-01 00:00:00	0000	0000	occuper l'esprit	fr\t동사구\t\t머리를 쓰게 하다, 심심하지 않게 하다\t頭を使わせる (atama o tsukawaseru)\tempêcher de s'ennuyer\tto occupy the mind\tokupi la menson
02773	1970-01-01 00:00:00	0000	0000	baignade	fr\t명사(여성)\t\t물놀이, 수영\t水浴び (mizuabi)\tfait de se baigner\tswimming, bathing\tnaĝado
02774	1970-01-01 00:00:00	0000	0000	trajet	fr\t명사(남성)\t\t이동 경로\t移動 (idō)\tparcours effectué\tjourney\tvojaĝo
02775	1970-01-01 00:00:00	0000	0000	série télé	fr\t명사(여성)\t\tTV 드라마\tテレビドラマ (terebi dorama)\tfeuilleton télévisé\tTV series\ttelevida serio
02776	1970-01-01 00:00:00	0000	0000	calcul	fr\t명사(남성)\t\t계산\t計算 (keisan)\topération mathématique\tcalculation\tkalkulo
02777	1970-01-01 00:00:00	0000	0000	se débrouiller	fr\t동사(대명동사)\t\t알아서 하다, 잘 헤쳐 나가다\t何とかする (nantoka suru)\ttrouver une solution par soi-même\tto manage, to figure it out\telturniĝi
02778	1970-01-01 00:00:00	0000	0000	tout seul	fr\t형용사구(남성)\t\t혼자서\t一人で (hitori de)\tsans aide\tall alone\ttute sole
02779	1970-01-01 00:00:00	0000	0000	砂浜	ja\t명사\tsunahama\t모래사장\t砂浜 (sunahama)\tplage de sable\tsandy beach\tsablostrando
02780	1970-01-01 00:00:00	0000	0000	浮き輪	ja\t명사\tukiwa\t튜브(수영용)\t浮き輪 (ukiwa)\tbouée gonflable\tinflatable ring\tnaĝringo
02781	1970-01-01 00:00:00	0000	0000	宿題	ja\t명사\tshukudai\t숙제\t宿題 (shukudai)\tdevoirs\thomework\thejmtasko
02782	1970-01-01 00:00:00	0000	0000	自由研究	ja\t명사\tjiyū kenkyū\t자유 탐구(방학 과제)\t自由研究 (jiyū kenkyū)\tprojet libre d'été\tfree research project\tlibera esplorprojekto
02783	1970-01-01 00:00:00	0000	0000	避暑地	ja\t명사\thishochi\t피서지\t避暑地 (hishochi)\tlieu de villégiature d'été\tsummer resort\tsomerloĝejo
02784	1970-01-01 00:00:00	0000	0000	花火大会	ja\t명사\thanabi taikai\t불꽃축제\t花火大会 (hanabi taikai)\tfestival de feux d'artifice\tfireworks festival\tartfajra festivalo
02785	1970-01-01 00:00:00	0000	0000	crème solaire	fr\t명사(여성)\t\t자외선 차단제\t日焼け止め (hiyakedome)\tprotection contre les UV\tsunscreen\tsunŝirmilo
02786	1970-01-01 00:00:00	0000	0000	coup de soleil	fr\t명사(남성)\t\t햇볕에 탐\t日焼け (hiyake)\tbrûlure due au soleil\tsunburn\tsunbrulo
02787	1970-01-01 00:00:00	0000	0000	parasol	fr\t명사(남성)\t\t파라솔\tパラソル (parasoru)\tgrand abri contre le soleil\tbeach umbrella\tsunombrelo
02788	1970-01-01 00:00:00	0000	0000	maillot de bain	fr\t명사(남성)\t\t수영복\t水着 (mizugi)\tvêtement pour se baigner\tswimsuit\tbankostumo
02789	1970-01-01 00:00:00	0000	0000	lunettes de soleil	fr\t명사(여성·복수)\t\t선글라스\tサングラス (sangurasu)\tverres protégeant du soleil\tsunglasses\tsunokulvitroj
02790	1970-01-01 00:00:00	0000	0000	vague	fr\t명사(여성)\t\t파도\t波 (nami)\tmouvement de la mer\twave\tondo
02791	1970-01-01 00:00:00	0000	0000	coquillage	fr\t명사(남성)\t\t조개껍데기\t貝殻 (kaigara)\tcoquille d'un mollusque marin\tseashell\tkonko
02792	1970-01-01 00:00:00	0000	0000	château de sable	fr\t명사(남성)\t\t모래성\t砂の城 (suna no shiro)\tconstruction faite avec du sable\tsandcastle\tsablokastelo
02793	1970-01-01 00:00:00	0000	0000	glace	fr\t명사(여성)\t\t아이스크림, 얼음\tアイス (aisu), 氷 (kōri)\tdessert glacé ou eau gelée\tice cream, ice\tglaciaĵo, glacio
02794	1970-01-01 00:00:00	0000	0000	canicule	fr\t명사(여성)\t\t폭염\t猛暑 (mōsho)\tpériode de chaleur extrême\theatwave\tvarmegondo
02795	1970-01-01 00:00:00	0000	0000	今夜	ja\t명사\tkon'ya\t오늘 밤\t今夜 (kon'ya)\tce soir\ttonight\tĉi-vespere
02796	1970-01-01 00:00:00	0000	0000	決勝	ja\t명사\tkesshō\t결승\t決勝 (kesshō)\tfinale\tfinal\tfinalo
02797	1970-01-01 00:00:00	0000	0000	変えちゃう	ja\t동사(구어)\tkaechau\t바꿔 버리다\t変えちゃう (kaechau)\tfinir par changer\tto end up changing\tfine ŝanĝi
02798	1970-01-01 00:00:00	0000	0000	自分	ja\t명사·대명사\tjibun\t자기 자신\t自分 (jibun)\tsoi-même\toneself\tsi mem
02799	1970-01-01 00:00:00	0000	0000	試合	ja\t명사\tshiai\t경기\t試合 (shiai)\tmatch\tgame, match\tkonkurso
02800	1970-01-01 00:00:00	0000	0000	していない	ja\t동사(진행·부정)\tshite inai\t하고 있지 않다\tしていない\tje ne suis pas en train de faire\tnot doing\tne faranta
02801	1970-01-01 00:00:00	0000	0000	雰囲気	ja\t명사\tfun'iki\t분위기\t雰囲気 (fun'iki)\tambiance\tatmosphere\tetoso
02802	1970-01-01 00:00:00	0000	0000	違う	ja\t동사\tchigau\t다르다\t違う (chigau)\têtre différent\tto differ\tmalsami
02803	1970-01-01 00:00:00	0000	0000	選手	ja\t명사\tsenshu\t선수\t選手 (senshu)\tjoueur, athlète\tplayer, athlete\tludanto
02804	1970-01-01 00:00:00	0000	0000	触れた	ja\t동사(과거)\tfureta\t닿았다\t触れた (fureta)\ta touché\ttouched\ttuŝis
02805	1970-01-01 00:00:00	0000	0000	瞬間	ja\t명사\tshunkan\t순간\t瞬間 (shunkan)\tinstant\tmoment\tmomento
02806	1970-01-01 00:00:00	0000	0000	小さな	ja\t연체사\tchiisana\t작은\t小さな (chiisana)\tpetit\tsmall\tmalgranda
02807	1970-01-01 00:00:00	0000	0000	緊張感	ja\t명사\tkinchōkan\t긴장감\t緊張感 (kinchōkan)\ttension\tsense of tension\tstreĉiĝeco
02808	1970-01-01 00:00:00	0000	0000	他	ja\t명사\thoka\t다른, 그 외\t他 (hoka)\tautre chose\tother, else\talia
02809	1970-01-01 00:00:00	0000	0000	国	ja\t명사\tkuni\t나라\t国 (kuni)\tpays\tcountry\tlando
02810	1970-01-01 00:00:00	0000	0000	持ち上げる	ja\t동사\tmochiageru\t들어올리다\t持ち上げる (mochiageru)\tsoulever\tto lift\tlevi
02811	1970-01-01 00:00:00	0000	0000	見たら	ja\t동사(조건형)\tmitara\t보면\t見たら (mitara)\tsi on regarde\tif you watch\tse oni rigardas
02812	1970-01-01 00:00:00	0000	0000	心	ja\t명사\tkokoro\t마음\t心 (kokoro)\tcœur, esprit\theart, mind\tkoro
02813	1970-01-01 00:00:00	0000	0000	痛みすぎちゃう	ja\t동사(구어)\titamisugichau\t너무 아파져 버리다\t痛みすぎちゃう\tça finit par trop faire mal\tit ends up hurting too much\tfine tro doloras
02814	1970-01-01 00:00:00	0000	0000	敗退	ja\t명사·する동사\thaitai\t패퇴, 탈락\t敗退 (haitai)\télimination\telimination\telimino
02815	1970-01-01 00:00:00	0000	0000	立ち直れていない	ja\t표현\ttachinaorete inai\t아직 회복하지 못했다\t立ち直れていない\tje ne m'en suis pas remis\thaven't recovered\tankoraŭ ne resaniĝis
02816	1970-01-01 00:00:00	0000	0000	泣かないで	ja\t표현(명령)\tnakanaide\t울지 마\t泣かないで (nakanaide)\tne pleure pas\tdon't cry\tne ploru
02817	1970-01-01 00:00:00	0000	0000	注文しよう	ja\t표현(의지형)\tchūmon shiyō\t주문하자\t注文しよう\tcommandons\tlet's order\tni mendu
02818	1970-01-01 00:00:00	0000	0000	最悪	ja\t명사·형용동사\tsaiaku\t최악\t最悪 (saiaku)\tle pire\tthe worst\tplej malbona
02819	1970-01-01 00:00:00	0000	0000	初めて	ja\t부사\thajimete\t처음으로\t初めて (hajimete)\tpour la première fois\tfor the first time\tunuafoje
02820	1970-01-01 00:00:00	0000	0000	世界	ja\t명사\tsekai\t세계\t世界 (sekai)\tmonde\tworld\tmondo
02821	1970-01-01 00:00:00	0000	0000	finale	fr\t명사(여성)\t\t결승\t決勝 (kesshō)\tdernière manche décisive\tfinal\tfinalo
02822	1970-01-01 00:00:00	0000	0000	coupe	fr\t명사(여성)\t\t컵(대회)\tカップ (kappu)\ttrophée d'une compétition\tcup\tpokalo
02823	1970-01-01 00:00:00	0000	0000	monde	fr\t명사(남성)\t\t세계\t世界 (sekai)\tl'ensemble de la planète et des hommes\tworld\tmondo
02824	1970-01-01 00:00:00	0000	0000	soir	fr\t명사(남성)\t\t저녁\t夜 (yoru)\tfin de journée\tevening\tvespero
02825	1970-01-01 00:00:00	0000	0000	m'emballe	fr\t동사(구어)\t\t나를 흥분시킨다\t夢中にさせる (muchū ni saseru)\tme passionne, m'enthousiasme\tgets me excited\tentuziasmigas min
02826	1970-01-01 00:00:00	0000	0000	zapper	fr\t동사\t\t채널을 돌리다, 건너뛰다\tチャンネルを変える, 飛ばす\tchanger de chaîne ou sauter quelque chose\tto zap, to skip\ttranssalti, kanaligi
02827	1970-01-01 00:00:00	0000	0000	ambiance	fr\t명사(여성)\t\t분위기\t雰囲気 (fun'iki)\tatmosphère d'un lieu ou moment\tatmosphere\tetoso
02828	1970-01-01 00:00:00	0000	0000	équipe	fr\t명사(여성)\t\t팀\tチーム (chīmu)\tgroupe de joueurs\tteam\tteamo
02829	1970-01-01 00:00:00	0000	0000	joue	fr\t명사(여성)\t\t볼, 뺨\t頬 (hoho)\tpartie latérale du visage\tcheek\tvango
02830	1970-01-01 00:00:00	0000	0000	frisson	fr\t명사(남성)\t\t전율, 오한\t鳥肌 (torihada)\ttremblement d'émotion ou de froid\tshiver\ttremo
02831	1970-01-01 00:00:00	0000	0000	stress	fr\t명사(남성)\t\t스트레스\tストレス (sutoresu)\ttension nerveuse\tstress\tstreso
02832	1970-01-01 00:00:00	0000	0000	ballon	fr\t명사(남성)\t\t공\tボール (bōru)\tsphère utilisée dans les jeux\tball\tpilko
02833	1970-01-01 00:00:00	0000	0000	pays	fr\t명사(남성)\t\t나라\t国 (kuni)\tterritoire d'une nation\tcountry\tlando
02834	1970-01-01 00:00:00	0000	0000	soulever	fr\t동사\t\t들어올리다\t持ち上げる (mochiageru)\télever de bas en haut\tto lift\tlevi
02835	1970-01-01 00:00:00	0000	0000	cœur	fr\t명사(남성)\t\t마음, 심장\t心 (kokoro), 心臓 (shinzō)\torgane ou siège des émotions\theart\tkoro
02836	1970-01-01 00:00:00	0000	0000	élimination	fr\t명사(여성)\t\t탈락\t敗退 (haitai)\tfait d'être exclu d'une compétition\telimination\telimino
02837	1970-01-01 00:00:00	0000	0000	pleure	fr\t동사(현재)\t\t운다\t泣く (naku)\tverse des larmes\tcries\tploras
02838	1970-01-01 00:00:00	0000	0000	commander	fr\t동사\t\t주문하다\t注文する (chūmon suru)\tpasser commande\tto order\tmendi
02839	1970-01-01 00:00:00	0000	0000	pizza	fr\t명사(여성)\t\t피자\tピザ (piza)\tplat italien à base de pâte garnie\tpizza\tpico
02840	1970-01-01 00:00:00	0000	0000	champions	fr\t명사(남성·복수)\t\t챔피언들\tチャンピオン (chanpion)\tvainqueurs d'une compétition\tchampions\tĉampionoj
02841	1970-01-01 00:00:00	0000	0000	応援	ja\t명사·する동사\tōen\t응원\t応援 (ōen)\tsoutien, encouragement\tcheering\tsubteno, kuraĝigo
02842	1970-01-01 00:00:00	0000	0000	得点	ja\t명사·する동사\ttokuten\t득점\t得点 (tokuten)\tscore, point marqué\tscore\tpoentaro
02843	1970-01-01 00:00:00	0000	0000	逆転	ja\t명사·する동사\tgyakuten\t역전\t逆転 (gyakuten)\trenversement de situation\tcomeback, turnaround\trenverso
02844	1970-01-01 00:00:00	0000	0000	審判	ja\t명사\tshinpan\t심판\t審判 (shinpan)\tarbitre\treferee\tarbitro
02845	1970-01-01 00:00:00	0000	0000	延長戦	ja\t명사\tenchōsen\t연장전\t延長戦 (enchōsen)\tprolongation\tovertime\tpluetendo
02846	1970-01-01 00:00:00	0000	0000	反則	ja\t명사\thansoku\t반칙\t反則 (hansoku)\tfaute\tfoul\tkontraŭregulaĵo
02847	1970-01-01 00:00:00	0000	0000	引き分け	ja\t명사\thikiwake\t무승부\t引き分け (hikiwake)\tmatch nul\tdraw, tie\tsenvenka rezulto
02848	1970-01-01 00:00:00	0000	0000	サポーター	ja\t명사\tsapōtā\t서포터, 응원단\tサポーター (sapōtā)\tsupporter\tsupporter\tsubtenanto
02849	1970-01-01 00:00:00	0000	0000	ユニフォーム	ja\t명사\tyunifōmu\t유니폼\tユニフォーム\tmaillot\tuniform, jersey\tuniformo
02850	1970-01-01 00:00:00	0000	0000	PK戦	ja\t명사\tPK-sen\t승부차기\tPK戦 (PK-sen)\ttirs au but\tpenalty shootout\tpucila tiro
02851	1970-01-01 00:00:00	0000	0000	stade	fr\t명사(남성)\t\t경기장\tスタジアム (sutajiamu)\tenceinte sportive\tstadium\tstadiono
02852	1970-01-01 00:00:00	0000	0000	arbitre	fr\t명사(남성/여성)\t\t심판\t審判 (shinpan)\tpersonne qui fait respecter les règles\treferee\tarbitro
02853	1970-01-01 00:00:00	0000	0000	prolongation	fr\t명사(여성)\t\t연장전\t延長戦 (enchōsen)\ttemps de jeu supplémentaire\tovertime\tpluetendo
02854	1970-01-01 00:00:00	0000	0000	tir au but	fr\t명사(남성)\t\t승부차기\tPK戦 (PK-sen)\tpenalty décisif\tpenalty kick\tpucila tiro
02855	1970-01-01 00:00:00	0000	0000	supporter	fr\t명사(남성/여성)\t\t서포터\tサポーター (sapōtā)\tpartisan d'une équipe\tsupporter, fan\tsubtenanto
02856	1970-01-01 00:00:00	0000	0000	maillot	fr\t명사(남성)\t\t유니폼\tユニフォーム (yunifōmu)\thaut de sport\tjersey\tsporta ĉemizo
02857	1970-01-01 00:00:00	0000	0000	faute	fr\t명사(여성)\t\t반칙, 잘못\t反則 (hansoku), 過ち (ayamachi)\tinfraction ou erreur\tfoul, mistake\tkontraŭregulaĵo, eraro
02858	1970-01-01 00:00:00	0000	0000	but	fr\t명사(남성)\t\t골, 목표\tゴール (gōru), 目標 (mokuhyō)\tpoint marqué ou objectif\tgoal\tgolo, celo
02859	1970-01-01 00:00:00	0000	0000	victoire	fr\t명사(여성)\t\t승리\t勝利 (shōri)\tfait de gagner\tvictory\tvenko
02860	1970-01-01 00:00:00	0000	0000	défaite	fr\t명사(여성)\t\t패배\t敗北 (haiboku)\tfait de perdre\tdefeat\tmalvenko
02861	1970-01-01 00:00:00	0000	0000	いい	ja\tい형용사\tii\t좋다\tいい (ii)\tbon, bien\tgood\tbona
02862	1970-01-01 00:00:00	0000	0000	大事だ	ja\t형용동사\tdaiji da\t중요하다\t大事だ (daiji da)\tc'est important\tit's important\tgravas
02863	1970-01-01 00:00:00	0000	0000	凄い	ja\tい형용사\tsugoi\t대단하다\t凄い (sugoi)\tincroyable\tamazing\tmirinda
02864	1970-01-01 00:00:00	0000	0000	かなり	ja\t부사\tkanari\t꽤\tかなり (kanari)\tassez, considérablement\tquite, fairly\tsufiĉe
02865	1970-01-01 00:00:00	0000	0000	可哀想に	ja\t부사\tkawaisō ni\t가엾게도\t可哀想に (kawaisō ni)\tle pauvre\tpoor thing\tkompatinde
02866	1970-01-01 00:00:00	0000	0000	～終わった	ja\t표현\t~owatta\t~끝났다\t～終わった (~owatta)\ton a fini de\tfinished\tfinis
02867	1970-01-01 00:00:00	0000	0000	～てきた	ja\t보조동사 표현\t~te kita\t~해 왔다\t～てきた (~te kita)\tavoir fait jusqu'à maintenant\thave been doing\tfaris ĝis nun
02868	1970-01-01 00:00:00	0000	0000	～らしい	ja\t조동사\t~rashii\t~인 것 같다, ~답다\t～らしい (~rashii)\til paraît que, typique de\tseems, -like\tŝajne, tipa por
02869	1970-01-01 00:00:00	0000	0000	～たはずだ	ja\t표현\t~ta hazu da\t~했을 것이다\t～たはずだ\tcela aurait dû être fait\tshould have been\tdevintus esti
02870	1970-01-01 00:00:00	0000	0000	Ça y est	fr\t표현\t\t됐다, 다 됐다\tやった (yatta), できた\tc'est fait, ça y est\tthat's it, done\tjen estas
02871	1970-01-01 00:00:00	0000	0000	enfin	fr\t부사\t\t드디어\tやっと (yatto)\taprès une longue attente\tfinally\tfine
02872	1970-01-01 00:00:00	0000	0000	installer	fr\t동사\t\t설치하다, 자리 잡다\t設置する (secchi suru), 落ち着く\tmettre en place ou s'établir\tto install, to settle in\tinstali
02873	1970-01-01 00:00:00	0000	0000	déco (décoration)	fr\t명사(여성·구어)\t\t장식\tデコレーション (dekorēshon)\télément décoratif\tdecor\tornamado
02874	1970-01-01 00:00:00	0000	0000	rideau	fr\t명사(남성)\t\t커튼\tカーテン (kāten)\ttissu pour couvrir une fenêtre\tcurtain\tkurteno
02875	1970-01-01 00:00:00	0000	0000	van	fr\t명사(남성)\t\t밴, 캠핑카\tバン (ban)\tvéhicule utilitaire aménagé\tvan\tveturilo, kamioneto
02876	1970-01-01 00:00:00	0000	0000	prendre forme	fr\t동사구\t\t형태를 갖추다\t形になる (katachi ni naru)\tcommencer à se concrétiser\tto take shape\tekformiĝi
02877	1970-01-01 00:00:00	0000	0000	nouvelle	fr\t명사(여성)\t\t소식, 뉴스\t知らせ (shirase), ニュース\tinformation récente\tnews\tnovaĵo
02878	1970-01-01 00:00:00	0000	0000	important	fr\t형용사\t\t중요한\t重要な (jūyō na)\tqui compte beaucoup\timportant\tgrava
02879	1970-01-01 00:00:00	0000	0000	temps	fr\t명사(남성)\t\t시간, 날씨\t時間 (jikan), 天気 (tenki)\tdurée, ou météo\ttime, weather\ttempo, vetero
02880	1970-01-01 00:00:00	0000	0000	fier / fière	fr\t형용사\t\t자랑스러운\t誇らしい (hokorashii)\tqui éprouve de la fierté\tproud\tfiera
02881	1970-01-01 00:00:00	0000	0000	week-end	fr\t명사(남성)\t\t주말\t週末 (shūmatsu)\tsamedi et dimanche\tweekend\tsemajnfino
02882	1970-01-01 00:00:00	0000	0000	valoir le coup	fr\t동사구\t\t그럴 만한 가치가 있다\tその価値がある (sono kachi ga aru)\tmériter l'effort consenti\tto be worth it\tvalori la penon
02883	1970-01-01 00:00:00	0000	0000	rapidement	fr\t부사\t\t빠르게\t速く (hayaku)\tde façon rapide\tquickly\trapide
02884	1970-01-01 00:00:00	0000	0000	se reposer	fr\t동사(대명동사)\t\t쉬다\t休む (yasumu)\tprendre du repos\tto rest\tripozi
02885	1970-01-01 00:00:00	0000	0000	chaleur	fr\t명사(여성)\t\t더위, 열\t暑さ (atsusa)\ttempérature élevée\theat\tvarmo
02886	1970-01-01 00:00:00	0000	0000	épuiser	fr\t동사\t\t지치게 하다\t疲れさせる (tsukaresaseru)\tfatiguer complètement\tto exhaust\telĉerpi
02887	1970-01-01 00:00:00	0000	0000	車中泊	ja\t명사·する동사\tshachūhaku\t차박(차에서 숙박)\t車中泊 (shachūhaku)\tfait de dormir dans sa voiture\tcar camping\tdormado en aŭto
02888	1970-01-01 00:00:00	0000	0000	改造	ja\t명사·する동사\tkaizō\t개조\t改造 (kaizō)\ttransformation, modification\tremodeling\trekonstruo
02889	1970-01-01 00:00:00	0000	0000	飾る	ja\t동사\tkazaru\t장식하다\t飾る (kazaru)\tdécorer\tto decorate\tornami
02890	1970-01-01 00:00:00	0000	0000	目隠し	ja\t명사·する동사\tmekakushi\t가리개, 눈가림\t目隠し (mekakushi)\técran de protection visuelle, bandeau\tblindfold, screen\tokulkovrilo
02891	1970-01-01 00:00:00	0000	0000	達成感	ja\t명사\ttasseikan\t성취감\t達成感 (tasseikan)\tsentiment d'accomplissement\tsense of accomplishment\tplenumsento
02892	1970-01-01 00:00:00	0000	0000	居心地が良い	ja\tい형용사구\tigokochi ga ii\t편안하다, 아늑하다\t居心地が良い\tconfortable, agréable à vivre\tcozy, comfortable\tkomforta
02893	1970-01-01 00:00:00	0000	0000	凝る	ja\t동사\tkoru\t공들이다, 몰두하다\t凝る (koru)\tse passionner pour, soigner les détails\tto be particular about\tfervoriĝi pri
02894	1970-01-01 00:00:00	0000	0000	大工仕事	ja\t명사\tdaiku shigoto\t목공 작업\t大工仕事 (daiku shigoto)\ttravaux de menuiserie\tcarpentry work\tĉarpentado
02895	1970-01-01 00:00:00	0000	0000	一息つく	ja\t동사구\thitoiki tsuku\t한숨 돌리다\t一息つく (hitoiki tsuku)\tsouffler un instant\tto take a breather\tripozeti
02896	1970-01-01 00:00:00	0000	0000	bricolage	fr\t명사(남성)\t\tDIY, 손수 만들기\t日曜大工 (nichiyō daiku)\tpetits travaux manuels\tDIY\tmemfarado
02897	1970-01-01 00:00:00	0000	0000	aménager	fr\t동사\t\t꾸미다, 정비하다\t整備する (seibi suru)\torganiser un espace\tto fit out\taranĝi
02898	1970-01-01 00:00:00	0000	0000	matelas	fr\t명사(남성)\t\t매트리스\tマットレス (mattoresu)\tsupport de couchage\tmattress\tmatraco
02899	1970-01-01 00:00:00	0000	0000	guirlande	fr\t명사(여성)\t\t가랜드\tガーランド (gārando)\tdécoration en cordon\tgarland\tgirlando
02900	1970-01-01 00:00:00	0000	0000	coudre	fr\t동사\t\t바느질하다\t縫う (nuu)\tassembler avec du fil\tto sew\tkudri
02901	1970-01-01 00:00:00	0000	0000	espace	fr\t명사(남성)\t\t공간\t空間 (kūkan)\tétendue disponible\tspace\tspaco
02902	1970-01-01 00:00:00	0000	0000	douillet / douillette	fr\t형용사\t\t아늑한, 포근한\t居心地の良い (igokochi no yoi)\tconfortable et chaleureux\tcozy\tkomforta
02903	1970-01-01 00:00:00	0000	0000	faire une pause	fr\t동사구\t\t휴식을 취하다\t休憩する (kyūkei suru)\tinterrompre pour se reposer\tto take a break\tfari paŭzon
02904	1970-01-01 00:00:00	0000	0000	voyage	fr\t명사(남성)\t\t여행\t旅行 (ryokō)\tdéplacement pour découvrir\ttrip\tvojaĝo
02905	1970-01-01 00:00:00	0000	0000	personnaliser	fr\t동사\t\t맞춤화하다\tカスタマイズする\tadapter à ses goûts\tto personalize\tpersonecigi
02906	1970-01-01 00:00:00	0000	0000	節約	ja\t명사·する동사\tsetsuyaku\t절약\t節約 (setsuyaku)\téconomie\tsaving\tŝparado
02907	1970-01-01 00:00:00	0000	0000	ジャム	ja\t명사\tjamu\t잼\tジャム (jamu)\tconfiture\tjam\tkonfitaĵo
02908	1970-01-01 00:00:00	0000	0000	おばあちゃん	ja\t명사\tobāchan\t할머니\tおばあちゃん (obāchan)\tgrand-mère\tgrandma\tavino
02909	1970-01-01 00:00:00	0000	0000	味	ja\t명사\taji\t맛\t味 (aji)\tgoût\ttaste\tgusto
02910	1970-01-01 00:00:00	0000	0000	いちご	ja\t명사\tichigo\t딸기\tいちご (ichigo)\tfraise\tstrawberry\tfrago
02911	1970-01-01 00:00:00	0000	0000	結果	ja\t명사\tkekka\t결과\t結果 (kekka)\trésultat\tresult\trezulto
02912	1970-01-01 00:00:00	0000	0000	満足感	ja\t명사\tmanzokukan\t만족감\t満足感 (manzokukan)\tsentiment de satisfaction\tsense of satisfaction\tkontentsento
02913	1970-01-01 00:00:00	0000	0000	家	ja\t명사\tie\t집\t家 (ie)\tmaison\thouse\tdomo
02914	1970-01-01 00:00:00	0000	0000	効果的	ja\t형용동사\tkōkateki\t효과적\t効果的 (kōkateki)\tefficace\teffective\tefika
02915	1970-01-01 00:00:00	0000	0000	最終的	ja\t형용동사\tsaishūteki\t최종적\t最終的 (saishūteki)\tfinalement, final\tfinally, final\tfine
02916	1970-01-01 00:00:00	0000	0000	より良く	ja\t부사구\tyori yoku\t더 좋게\tより良く (yori yoku)\tmieux\tbetter\tpli bone
02917	1970-01-01 00:00:00	0000	0000	ところで	ja\t접속사\ttokorode\t그런데\tところで (tokorode)\tà propos\tby the way\tcetere
02918	1970-01-01 00:00:00	0000	0000	作る	ja\t동사\ttsukuru\t만들다\t作る (tsukuru)\tfabriquer\tto make\tfari
02919	1970-01-01 00:00:00	0000	0000	始める	ja\t동사\thajimeru\t시작하다\t始める (hajimeru)\tcommencer\tto begin\tkomenci
02920	1970-01-01 00:00:00	0000	0000	勝る	ja\t동사\tmasaru\t낫다, 우수하다\t勝る (masaru)\tsurpasser\tto surpass\tsuperi
02921	1970-01-01 00:00:00	0000	0000	残す	ja\t동사\tnokosu\t남기다\t残す (nokosu)\tlaisser\tto leave behind\tpostlasi
02922	1970-01-01 00:00:00	0000	0000	économie	fr\t명사(여성)\t\t경제, 절약\t経済 (keizai), 節約 (setsuyaku)\tscience des richesses ou fait d'épargner\teconomy, saving\tekonomio, ŝparo
02923	1970-01-01 00:00:00	0000	0000	confiture	fr\t명사(여성)\t\t잼\tジャム (jamu)\tfruits cuits sucrés\tjam\tkonfitaĵo
02924	1970-01-01 00:00:00	0000	0000	grand-mère	fr\t명사(여성)\t\t할머니\tおばあちゃん (obāchan)\tmère du père ou de la mère\tgrandmother\tavino
02925	1970-01-01 00:00:00	0000	0000	fraise	fr\t명사(여성)\t\t딸기\tいちご (ichigo)\tfruit rouge d'été\tstrawberry\tfrago
02926	1970-01-01 00:00:00	0000	0000	résultat	fr\t명사(남성)\t\t결과\t結果 (kekka)\tce qui découle d'une action\tresult\trezulto
02927	1970-01-01 00:00:00	0000	0000	goût	fr\t명사(남성)\t\t맛\t味 (aji)\tsensation gustative\ttaste\tgusto
02928	1970-01-01 00:00:00	0000	0000	délicieux	fr\t형용사\t\t맛있는\t美味しい (oishii)\ttrès bon au goût\tdelicious\tbongusta
02929	1970-01-01 00:00:00	0000	0000	satisfaisant	fr\t형용사\t\t만족스러운\t満足のいく (manzoku no iku)\tqui procure de la satisfaction\tsatisfying\tkontentiga
02930	1970-01-01 00:00:00	0000	0000	maison	fr\t명사(여성)\t\t집\t家 (ie)\tlieu d'habitation\thouse\tdomo
02931	1970-01-01 00:00:00	0000	0000	rien ne vaut	fr\t표현\t\t~만한 게 없다\t～に勝るものはない\trien n'est comparable à\tnothing beats\tnenio superas
02932	1970-01-01 00:00:00	0000	0000	果実	ja\t명사\tkajitsu\t과실, 열매\t果実 (kajitsu)\tfruit\tfruit\tfrukto
02933	1970-01-01 00:00:00	0000	0000	鍋	ja\t명사\tnabe\t냄비\t鍋 (nabe)\tcasserole\tpot\tkaserolo
02934	1970-01-01 00:00:00	0000	0000	煮詰める	ja\t동사\tnitsumeru\t졸이다\t煮詰める (nitsumeru)\tfaire réduire en cuisant\tto boil down\tdensigi kuirante
02935	1970-01-01 00:00:00	0000	0000	瓶	ja\t명사\tbin\t병\t瓶 (bin)\tbocal, bouteille\tjar, bottle\tbotelo, vazo
02936	1970-01-01 00:00:00	0000	0000	保存食	ja\t명사\thozonshoku\t저장 식품\t保存食 (hozonshoku)\taliment de conservation\tpreserved food\tkonservita manĝaĵo
02937	1970-01-01 00:00:00	0000	0000	手作り	ja\t명사\ttezukuri\t수제\t手作り (tezukuri)\tfait maison\thandmade\tmemfarita
02938	1970-01-01 00:00:00	0000	0000	おすそ分け	ja\t명사·する동사\tosusowake\t나눠 주기\tおすそ分け (osusowake)\tpartage d'un cadeau ou d'un plat\tsharing a gift/food\tkomplezdonaco
02939	1970-01-01 00:00:00	0000	0000	sucre	fr\t명사(남성)\t\t설탕\t砂糖 (satō)\tsubstance sucrante\tsugar\tsukero
02940	1970-01-01 00:00:00	0000	0000	fruit	fr\t명사(남성)\t\t과일\t果物 (kudamono)\tproduit comestible d'une plante\tfruit\tfrukto
02941	1970-01-01 00:00:00	0000	0000	marmite	fr\t명사(여성)\t\t냄비, 솥\t鍋 (nabe)\trécipient de cuisson\tpot\tpoto
02942	1970-01-01 00:00:00	0000	0000	bocal	fr\t명사(남성)\t\t유리병\t瓶 (bin)\trécipient en verre\tjar\tvazo
02943	1970-01-01 00:00:00	0000	0000	recette	fr\t명사(여성)\t\t레시피\tレシピ (reshipi)\tinstructions pour cuisiner\trecipe\trecepto
02944	1970-01-01 00:00:00	0000	0000	cuire	fr\t동사\t\t익히다\t煮る (niru), 焼く (yaku)\ttransformer par la chaleur\tto cook\tkuiri
02945	1970-01-01 00:00:00	0000	0000	préparer	fr\t동사\t\t준비하다\t準備する (junbi suru)\tmettre en état d'être utilisé\tto prepare\tprepari
02946	1970-01-01 00:00:00	0000	0000	gourmand	fr\t형용사\t\t식탐 있는\t食いしん坊の (kuishinbō no)\tqui aime bien manger\tfond of food\tmanĝema
02947	1970-01-01 00:00:00	0000	0000	partager	fr\t동사\t\t나누다\t分け合う (wakeau)\tdiviser entre plusieurs\tto share\tdividi
02948	1970-01-01 00:00:00	0000	0000	大きな	ja\t연체사\tōkina\t큰\t大きな (ōkina)\tgrand\tbig\tgranda
02949	1970-01-01 00:00:00	0000	0000	出会っちゃった	ja\t동사(구어·과거)\tdeatchatta\t우연히 만나 버렸다\t出会っちゃった\tje suis tombé dessus (par hasard)\tI ended up coming across it\tmi hazarde renkontis
02950	1970-01-01 00:00:00	0000	0000	売ってるんだ	ja\t표현\tutteru n da\t팔고 있는 거야\t売ってるんだ\tfigure-toi qu'on le vend\tthey actually sell it\tili ja vendas ĝin
02951	1970-01-01 00:00:00	0000	0000	狂ってるよ	ja\t표현\tkurutteru yo\t미쳤어\t狂ってるよ (kurutteru yo)\tc'est dingue\tthat's crazy\ttio frenezas
02952	1970-01-01 00:00:00	0000	0000	場所を取る	ja\t동사구\tbasho o toru\t자리를 차지하다\t場所を取る\tprendre de la place\tto take up space\tokupi spacon
02953	1970-01-01 00:00:00	0000	0000	使うつもり	ja\t표현\ttsukau tsumori\t쓸 작정이다\t使うつもり (tsukau tsumori)\tj'ai l'intention de l'utiliser\tI intend to use it\tmi intencas uzi ĝin
02954	1970-01-01 00:00:00	0000	0000	カッコいい	ja\tい형용사\tkakkoii\t멋있다\tカッコいい (kakkoii)\tstylé, cool\tcool\tbela, eleganta
02955	1970-01-01 00:00:00	0000	0000	言ってる	ja\t동사(진행)\titteru\t말하고 있다\t言ってる (itteru)\til dit\tis saying\tdiras
02956	1970-01-01 00:00:00	0000	0000	持っていない	ja\t동사(부정)\tmotte inai\t가지고 있지 않다\t持っていない\tje n'en ai pas\tdon't have\tne havas
02957	1970-01-01 00:00:00	0000	0000	tomber sur	fr\t동사구\t\t~을 우연히 발견하다\t偶然見つける (gūzen mitsukeru)\ttrouver par hasard\tto come across\thazarde trovi
02958	1970-01-01 00:00:00	0000	0000	une vente aux enchères	fr\t명사(여성)\t\t경매\t競売 (kyōbai)\tvente au plus offrant\tauction\taŭkcio
02959	1970-01-01 00:00:00	0000	0000	un parc à thème	fr\t명사(남성)\t\t테마파크\tテーマパーク (tēma pāku)\tparc d'attractions thématique\ttheme park\ttemoparko
02960	1970-01-01 00:00:00	0000	0000	une attraction	fr\t명사(여성)\t\t놀이기구, 명소\tアトラクション (atorakushon)\tdispositif ou lieu attirant les visiteurs\tattraction\taltiraĵo
02961	1970-01-01 00:00:00	0000	0000	encombrant	fr\t형용사\t\t부피가 큰, 거추장스러운\t場所を取る (basho o toru)\tqui prend beaucoup de place\tbulky\tokupspaca
02962	1970-01-01 00:00:00	0000	0000	stylé	fr\t형용사(구어)\t\t멋있는\tおしゃれな (oshare na)\télégant, chic\tstylish\tstila
02963	1970-01-01 00:00:00	0000	0000	une pièce de collection	fr\t명사(여성)\t\t수집품\tコレクターズアイテム\tobjet recherché par les collectionneurs\tcollector's item\tkolektaĵo
02964	1970-01-01 00:00:00	0000	0000	se plaindre	fr\t동사(대명동사)\t\t불평하다\t不平を言う (fuhei o iu)\texprimer son mécontentement\tto complain\tplendi
02965	1970-01-01 00:00:00	0000	0000	atypique	fr\t형용사\t\t이례적인\t異例の (irei no)\tqui sort de la norme\tatypical\tnekutima
02966	1970-01-01 00:00:00	0000	0000	落札する	ja\tする동사\trakusatsu suru\t낙찰받다\t落札する (rakusatsu suru)\tremporter une enchère\tto win a bid\tsukcese aĉeti ĉe aŭkcio
02967	1970-01-01 00:00:00	0000	0000	無駄遣い	ja\t명사·する동사\tmudazukai\t낭비\t無駄遣い (mudazukai)\tgaspillage d'argent\twasteful spending\tmalŝparo
02968	1970-01-01 00:00:00	0000	0000	掘り出し物	ja\t명사\thoridashimono\t횡재, 득템\t掘り出し物 (horidashimono)\tbonne affaire dénichée\ta great find\ttrezortrovaĵo
02969	1970-01-01 00:00:00	0000	0000	入札する	ja\tする동사\tnyūsatsu suru\t입찰하다\t入札する (nyūsatsu suru)\tfaire une offre lors d'enchères\tto bid\tfari oferton
02970	1970-01-01 00:00:00	0000	0000	コレクション癖	ja\t명사\tkorekushon-kuse\t수집벽\tコレクション癖\tmanie de collectionner\tcollecting habit\tkolektomanio
02971	1970-01-01 00:00:00	0000	0000	置物	ja\t명사\tokimono\t장식품\t置物 (okimono)\tobjet décoratif posé\tornament\tornama objekto
02972	1970-01-01 00:00:00	0000	0000	限定品	ja\t명사\tgenteihin\t한정판\t限定品 (genteihin)\tédition limitée\tlimited edition\tlimigita eldono
02973	1970-01-01 00:00:00	0000	0000	金欠	ja\t명사·형용동사\tkinketsu\t돈이 없음\t金欠 (kinketsu)\tmanque d'argent\tbroke, short on cash\tsenmona
02974	1970-01-01 00:00:00	0000	0000	un enchérisseur	fr\t명사(남성)\t\t입찰자\t入札者 (nyūsatsusha)\tpersonne qui mise aux enchères\tbidder\toferanto
02975	1970-01-01 00:00:00	0000	0000	une mise à prix	fr\t명사(여성)\t\t경매 시작가\t開始価格 (kaishi kakaku)\tprix de départ d'une enchère\tstarting bid\tkomenca prezo
02976	1970-01-01 00:00:00	0000	0000	un coup de tête	fr\t명사(남성)\t\t충동적 행동\t衝動的な行動 (shōdōteki na kōdō)\tdécision impulsive\tan impulsive act\timpulsa ago
02977	1970-01-01 00:00:00	0000	0000	un objet de collection	fr\t명사(남성)\t\t수집품\tコレクションアイテム\tobjet recherché par les amateurs\tcollectible\tkolektaĵo
02978	1970-01-01 00:00:00	0000	0000	une dépense	fr\t명사(여성)\t\t지출\t支出 (shishutsu)\tsomme d'argent déboursée\tan expense\telspezo
02979	1970-01-01 00:00:00	0000	0000	hors de prix	fr\t형용사구\t\t터무니없이 비싼\t法外な値段の (hōgai na nedan no)\textrêmement cher\tinsanely expensive\ttroprezaĵa
02980	1970-01-01 00:00:00	0000	0000	flamber	fr\t동사\t\t활활 타다, 돈을 펑펑 쓰다\t燃え上がる (moeagaru), 散財する\tbrûler vivement, ou dépenser sans compter\tto blaze, to splurge\tflami, ekstravagi
02981	1970-01-01 00:00:00	0000	0000	un sous	fr\t명사(남성·구어)\t\t한 푼\t一銭 (issen)\ttrès peu d'argent\ta penny\tmoneron
02982	1970-01-01 00:00:00	0000	0000	l'insolite	fr\t명사(남성)\t\t기이한 것\t風変わりなもの (fūgawari na mono)\tce qui sort de l'ordinaire\tthe unusual\tnekutimaĵo
02983	1970-01-01 00:00:00	0000	0000	イマイチ	ja\t형용동사·부사\timaichi\t별로임\tイマイチ (imaichi)\tpas terrible\tso-so, not great\tne tro bona
02984	1970-01-01 00:00:00	0000	0000	本当	ja\t명사·부사\thontō\t정말\t本当 (hontō)\tvraiment, vérité\treally, true\tvere
02985	1970-01-01 00:00:00	0000	0000	素敵	ja\t형용동사\tsuteki\t멋짐\t素敵 (suteki)\tcharmant, magnifique\tlovely\tĉarma
02986	1970-01-01 00:00:00	0000	0000	勿体ない	ja\tい형용사\tmottainai\t아깝다\t勿体ない (mottainai)\tc'est du gâchis\twhat a waste\tdomaĝa
02987	1970-01-01 00:00:00	0000	0000	簡単	ja\t형용동사\tkantan\t간단함\t簡単 (kantan)\tfacile\teasy\tfacila
02988	1970-01-01 00:00:00	0000	0000	直ぐに	ja\t부사\tsugu ni\t즉시\t直ぐに (sugu ni)\ttout de suite\tright away\ttuj
02989	1970-01-01 00:00:00	0000	0000	撮る	ja\t동사\ttoru\t찍다\t撮る (toru)\tphotographier\tto take (a photo)\tfoti
02990	1970-01-01 00:00:00	0000	0000	触る	ja\t동사\tsawaru\t만지다\t触る (sawaru)\ttoucher\tto touch\ttuŝi
02991	1970-01-01 00:00:00	0000	0000	直る	ja\t동사\tnaoru\t고쳐지다\t直る (naoru)\têtre réparé\tto be fixed\testi riparita
02992	1970-01-01 00:00:00	0000	0000	分かる	ja\t동사\twakaru\t알다, 이해하다\t分かる (wakaru)\tcomprendre\tto understand\tkompreni
02993	1970-01-01 00:00:00	0000	0000	共有する	ja\tする동사\tkyōyū suru\t공유하다\t共有する (kyōyū suru)\tpartager\tto share\tkunhavigi
02994	1970-01-01 00:00:00	0000	0000	覚える	ja\t동사\toboeru\t외우다, 기억하다\t覚える (oboeru)\tmémoriser\tto memorize\tmemorfiksi
02995	1970-01-01 00:00:00	0000	0000	出来る	ja\t동사\tdekiru\t할 수 있다\t出来る (dekiru)\tpouvoir, être capable\tto be able to\tpovi
02996	1970-01-01 00:00:00	0000	0000	rando	fr\t명사(여성·구어)\t\t하이킹\tハイキング (haikingu)\trandonnée\thike\tmigrado
02997	1970-01-01 00:00:00	0000	0000	rendu	fr\t명사(남성)\t\t결과물, 렌더링\t仕上がり (shiagari)\trésultat visuel final\tthe result, rendering\trezulto
02998	1970-01-01 00:00:00	0000	0000	hésiter	fr\t동사\t\t망설이다\t迷う (mayou)\tne pas se décider\tto hesitate\theziti
02999	1970-01-01 00:00:00	0000	0000	logiciel	fr\t명사(남성)\t\t소프트웨어\tソフトウェア (sofutowea)\tprogramme informatique\tsoftware\tprogramaro
03000	1970-01-01 00:00:00	0000	0000	retouche	fr\t명사(여성)\t\t보정, 수정\tレタッチ (retacchi)\tmodification apportée à une image\tedit, touch-up\tretuŝo
03001	1970-01-01 00:00:00	0000	0000	en vrai	fr\t구어 표현\t\t사실은\t実は (jitsu wa)\ten réalité\tactually\tverdire
03002	1970-01-01 00:00:00	0000	0000	clic	fr\t명사(남성)\t\t클릭\tクリック (kurikku)\taction de cliquer\tclick\tklako
03003	1970-01-01 00:00:00	0000	0000	souvenir	fr\t명사(남성)\t\t추억, 기념품\t思い出 (omoide), 記念品\timage du passé ou objet rapporté\tmemory, souvenir\tmemoro, memoraĵo
03004	1970-01-01 00:00:00	0000	0000	imperfection	fr\t명사(여성)\t\t결점, 흠\t欠点 (ketten)\tdéfaut mineur\tflaw\tmanko
03005	1970-01-01 00:00:00	0000	0000	tuto	fr\t명사(남성·구어)\t\t튜토리얼\tチュートリアル (chūtoriaru)\ttutoriel\ttutorial\tlernilo
03006	1970-01-01 00:00:00	0000	0000	t'inquiète	fr\t구어 표현\t\t걱정 마\t心配しないで (shinpai shinaide)\tne t'en fais pas (familier)\tdon't worry\tne zorgu
03007	1970-01-01 00:00:00	0000	0000	画像	ja\t명사\tgazō\t이미지\t画像 (gazō)\timage\timage\tbildo
03008	1970-01-01 00:00:00	0000	0000	編集	ja\t명사·する동사\thenshū\t편집\t編集 (henshū)\tédition, montage\tediting\tredaktado
03009	1970-01-01 00:00:00	0000	0000	色調	ja\t명사\tshikichō\t색조\t色調 (shikichō)\ttonalité de couleur\tcolor tone\tkolortono
03010	1970-01-01 00:00:00	0000	0000	鮮やか	ja\t형용동사\tazayaka\t선명함\t鮮やか (azayaka)\tvif, éclatant\tvivid\tviveca
03011	1970-01-01 00:00:00	0000	0000	保存	ja\t명사·する동사\thozon\t저장, 보관\t保存 (hozon)\tsauvegarde\tsaving, preserving\tkonservado
03012	1970-01-01 00:00:00	0000	0000	補正	ja\t명사·する동사\thosei\t보정\t補正 (hosei)\tcorrection, retouche\tcorrection\tkorektado
03013	1970-01-01 00:00:00	0000	0000	影	ja\t명사\tkage\t그림자\t影 (kage)\tombre\tshadow\tombro
03014	1970-01-01 00:00:00	0000	0000	フィルター	ja\t명사\tfirutā\t필터\tフィルター (firutā)\tfiltre\tfilter\tfiltrilo
03015	1970-01-01 00:00:00	0000	0000	映える	ja\t동사\thaeru\t돋보이다, 인스타 감성이다\t映える (haeru)\têtre photogénique, ressortir\tto look great (photogenic)\telstari bele
03016	1970-01-01 00:00:00	0000	0000	自動	ja\t명사\tjidō\t자동\t自動 (jidō)\tautomatique\tautomatic\taŭtomata
03017	1970-01-01 00:00:00	0000	0000	appareil photo	fr\t명사(남성)\t\t카메라\tカメラ (kamera)\tdispositif pour prendre des photos\tcamera\tfotilo
03018	1970-01-01 00:00:00	0000	0000	luminosité	fr\t명사(여성)\t\t밝기\t明るさ (akarusa)\tintensité de la lumière\tbrightness\tbrileco
03019	1970-01-01 00:00:00	0000	0000	contraste	fr\t명사(남성)\t\t대비, 콘트라스트\tコントラスト (kontorasuto)\topposition entre clair et sombre\tcontrast\tkontrasto
03020	1970-01-01 00:00:00	0000	0000	filtre	fr\t명사(남성)\t\t필터\tフィルター (firutā)\tdispositif de sélection ou effet visuel\tfilter\tfiltrilo
03021	1970-01-01 00:00:00	0000	0000	arrière-plan	fr\t명사(남성)\t\t배경\t背景 (haikei)\tpartie derrière le sujet\tbackground\tfono
03022	1970-01-01 00:00:00	0000	0000	flou	fr\t명사·형용사(남성)\t\t흐릿함\tぼやけ (boyake)\tmanque de netteté\tblur\tnefokusiteco
03023	1970-01-01 00:00:00	0000	0000	recadrer	fr\t동사\t\t다시 프레임을 잡다, 자르다\tトリミングする (torimingu suru)\tmodifier les limites d'une image\tto crop\trekadri
03024	1970-01-01 00:00:00	0000	0000	enregistrer	fr\t동사\t\t저장하다, 녹음하다\t保存する (hozon suru), 録音する\tsauvegarder ou capturer un son\tto save, to record\tkonservi, registri
03025	1970-01-01 00:00:00	0000	0000	intelligence artificielle	fr\t명사(여성)\t\t인공지능\t人工知能 (jinkō chinō)\tsystèmes simulant l'intelligence humaine\tartificial intelligence\tartefarita inteligenteco
03026	1970-01-01 00:00:00	0000	0000	こんなに	ja\t부사\tkonna ni\t이렇게나\tこんなに (konna ni)\tà ce point\tthis much\ttiom multe
03027	1970-01-01 00:00:00	0000	0000	暑い	ja\tい형용사\tatsui\t덥다\t暑い (atsui)\tchaud\thot\tvarma
03028	1970-01-01 00:00:00	0000	0000	いつまでも	ja\t부사\titsu made mo\t언제까지나\tいつまでも (itsu made mo)\tpour toujours\tforever\tpor ĉiam
03029	1970-01-01 00:00:00	0000	0000	いつも	ja\t부사\titsumo\t항상\tいつも (itsumo)\ttoujours\talways\tĉiam
03030	1970-01-01 00:00:00	0000	0000	美しい	ja\tい형용사\tutsukushii\t아름답다\t美しい (utsukushii)\tbeau\tbeautiful\tbela
03031	1970-01-01 00:00:00	0000	0000	～てる	ja\t보조동사 표현\t~teru\t~하고 있다\t～てる (~teru)\têtre en train de (contracté)\tis doing (casual)\testas farante
03032	1970-01-01 00:00:00	0000	0000	～ない	ja\t조동사(부정)\t~nai\t~하지 않다\t～ない (~nai)\tforme négative\tnot (negative)\tne
03033	1970-01-01 00:00:00	0000	0000	～される	ja\t조동사(수동)\t~sareru\t~당하다\t～される (~sareru)\tforme passive\tto be (done) to\testi farata
03034	1970-01-01 00:00:00	0000	0000	～ないと	ja\t표현\t~nai to\t~하지 않으면\t～ないと (~nai to)\tsi l'on ne fait pas\tunless one does\tse oni ne faras
03035	1970-01-01 00:00:00	0000	0000	feu de forêt	fr\t명사(남성)\t\t산불\t山火事 (yamakaji)\tincendie touchant une forêt\tforest fire\tarbara fajro
03036	1970-01-01 00:00:00	0000	0000	faire rage	fr\t동사구\t\t맹위를 떨치다\t猛威を振るう (mōi o furuu)\tsévir avec violence\tto rage\tfuriozi
03037	1970-01-01 00:00:00	0000	0000	flippant	fr\t형용사(구어)\t\t오싹한, 무서운\t怖い (kowai)\tangoissant\tfreaky\ttimiga
03038	1970-01-01 00:00:00	0000	0000	incendie	fr\t명사(남성)\t\t화재\t火事 (kaji)\tfeu destructeur\tfire\tincendio
03039	1970-01-01 00:00:00	0000	0000	dévaster	fr\t동사\t\t황폐화시키다\t荒らす (arasu)\travager totalement\tto devastate\truinigi
03040	1970-01-01 00:00:00	0000	0000	pompier	fr\t명사(남성)\t\t소방관\t消防士 (shōbōshi)\tpersonne qui éteint les incendies\tfirefighter\tfajrobrigadano
03041	1970-01-01 00:00:00	0000	0000	épuisé	fr\t형용사\t\t지친\t疲れ果てた (tsukarehateta)\ttrès fatigué\texhausted\telĉerpita
03042	1970-01-01 00:00:00	0000	0000	étincelle	fr\t명사(여성)\t\t불꽃, 스파크\t火花 (hibana)\tpetite particule incandescente\tspark\tfajrero
03043	1970-01-01 00:00:00	0000	0000	abîmer	fr\t동사\t\t망가뜨리다, 손상시키다\t傷める (itameru)\tendommager\tto damage\tdifekti
03044	1970-01-01 00:00:00	0000	0000	避難する	ja\tする동사\thinan suru\t피난하다\t避難する (hinan suru)\tévacuer\tto evacuate\tevakuiĝi
03045	1970-01-01 00:00:00	0000	0000	乾燥	ja\t명사·する동사\tkansō\t건조\t乾燥 (kansō)\tsécheresse, séchage\tdryness\tsekeco
03046	1970-01-01 00:00:00	0000	0000	火の用心	ja\t표현\thi no yōjin\t불조심\t火の用心 (hi no yōjin)\tprudence avec le feu\tfire safety, watch for fires\tatentu pri fajro
03047	1970-01-01 00:00:00	0000	0000	消防車	ja\t명사\tshōbōsha\t소방차\t消防車 (shōbōsha)\tcamion de pompiers\tfire truck\tfajrobrigada aŭto
03048	1970-01-01 00:00:00	0000	0000	被害	ja\t명사\thigai\t피해\t被害 (higai)\tdommage subi\tdamage\tdamaĝo
03049	1970-01-01 00:00:00	0000	0000	自然破壊	ja\t명사\tshizen hakai\t자연 파괴\t自然破壊 (shizen hakai)\tdestruction de la nature\tenvironmental destruction\tnaturdetruo
03050	1970-01-01 00:00:00	0000	0000	警報	ja\t명사\tkeihō\t경보\t警報 (keihō)\talerte\talarm, warning\talarmo
03051	1970-01-01 00:00:00	0000	0000	ボランティア	ja\t명사\tborantia\t자원봉사\tボランティア (borantia)\tbénévole\tvolunteer\tvolontulo
03052	1970-01-01 00:00:00	0000	0000	sécheresse	fr\t명사(여성)\t\t가뭄\t干ばつ (kanbatsu)\tmanque prolongé de pluie\tdrought\tsekeco
03053	1970-01-01 00:00:00	0000	0000	évacuation	fr\t명사(여성)\t\t대피\t避難 (hinan)\taction d'évacuer\tevacuation\tevakuado
03054	1970-01-01 00:00:00	0000	0000	écologie	fr\t명사(여성)\t\t생태학, 환경보호\t環境保護 (kankyō hogo)\tétude ou protection de l'environnement\tecology\tekologio
03055	1970-01-01 00:00:00	0000	0000	reboisement	fr\t명사(남성)\t\t산림 재조성\t植林 (shokurin)\treplantation d'une forêt\treforestation\trearbarigo
03056	1970-01-01 00:00:00	0000	0000	secours	fr\t명사(남성)\t\t구조, 구조대\t救助 (kyūjo)\taide apportée en urgence\trescue, help\thelpo, savado
03057	1970-01-01 00:00:00	0000	0000	déboisement	fr\t명사(남성)\t\t산림 벌채\t森林伐採 (shinrin bassai)\tdestruction des forêts\tdeforestation\tarbardetruo
03058	1970-01-01 00:00:00	0000	0000	prévention	fr\t명사(여성)\t\t예방\t予防 (yobō)\tmesures pour éviter un risque\tprevention\tpreventado
03059	1970-01-01 00:00:00	0000	0000	cendre	fr\t명사(여성)\t\t재\t灰 (hai)\trésidu d'une combustion\tash\tcindro
03060	1970-01-01 00:00:00	0000	0000	燃え盛る	ja\t동사\tmoesakaru\t활활 타오르다\t燃え盛る (moesakaru)\tbrûler intensément\tto blaze fiercely\tforte flami
03061	1970-01-01 00:00:00	0000	0000	火事	ja\t명사\tkaji\t화재\t火事 (kaji)\tincendie\tfire\tincendio
03062	1970-01-01 00:00:00	0000	0000	疲れ果てる	ja\t동사\ttsukarehateru\t완전히 지치다\t疲れ果てる (tsukarehateru)\têtre épuisé\tto be exhausted\telĉerpiĝi
03063	1970-01-01 00:00:00	0000	0000	火花	ja\t명사\thibana\t불꽃\t火花 (hibana)\tétincelle\tspark\tfajrero
03064	1970-01-01 00:00:00	0000	0000	馬鹿げる	ja\t동사\tbakageru\t어리석다, 터무니없다\t馬鹿げる (bakageru)\têtre ridicule\tto be absurd\testi absurda
03065	1970-01-01 00:00:00	0000	0000	消防士	ja\t명사\tshōbōshi\t소방관\t消防士 (shōbōshi)\tpompier\tfirefighter\tfajrobrigadano
03066	1970-01-01 00:00:00	0000	0000	ゾッとする	ja\tする동사\tzotto suru\t소름 끼치다\tゾッとする (zotto suru)\tfrissonner d'horreur\tto be horrified\tteruriĝi
03067	1970-01-01 00:00:00	0000	0000	荒らす	ja\t동사\tarasu\t황폐화하다, 어지럽히다\t荒らす (arasu)\tdévaster, saccager\tto ravage\truinigi
03068	1970-01-01 00:00:00	0000	0000	及ぶ	ja\t동사\toyobu\t이르다, 미치다\t及ぶ (oyobu)\ts'étendre jusqu'à\tto reach, to extend to\tatingi
03069	1970-01-01 00:00:00	0000	0000	傷つける	ja\t동사\tkizutsukeru\t상처 입히다\t傷つける (kizutsukeru)\tblesser\tto hurt\tvundi
03070	1970-01-01 00:00:00	0000	0000	feux de forêt	fr\t명사(남성·복수)\t\t산불\t山火事 (yamakaji)\tincendies touchant les forêts\twildfires\tarbaraj fajroj
03071	1970-01-01 00:00:00	0000	0000	d'habitude	fr\t부사구\t\t평소에는\tいつもは (itsumo wa)\tnormalement\tusually\tkutime
03072	1970-01-01 00:00:00	0000	0000	気候変動	ja\t명사\tkikō hendō\t기후 변화\t気候変動 (kikō hendō)\tchangement climatique\tclimate change\tklimata ŝanĝo
03073	1970-01-01 00:00:00	0000	0000	地球温暖化	ja\t명사\tchikyū ondanka\t지구온난화\t地球温暖化 (chikyū ondanka)\tréchauffement climatique\tglobal warming\tklimata varmiĝo
03074	1970-01-01 00:00:00	0000	0000	自然災害	ja\t명사\tshizen saigai\t자연재해\t自然災害 (shizen saigai)\tcatastrophe naturelle\tnatural disaster\tnatura katastrofo
03075	1970-01-01 00:00:00	0000	0000	乾燥する	ja\tする동사\tkansō suru\t건조해지다\t乾燥する (kansō suru)\tse dessécher\tto dry out\tsekiĝi
03076	1970-01-01 00:00:00	0000	0000	消火活動	ja\t명사\tshōka katsudō\t소화 활동\t消火活動 (shōka katsudō)\topérations de lutte contre le feu\tfirefighting efforts\tfajrestingaj laboroj
03077	1970-01-01 00:00:00	0000	0000	緊急事態	ja\t명사\tkinkyū jitai\t긴급 사태\t緊急事態 (kinkyū jitai)\tétat d'urgence\tstate of emergency\turĝa stato
03078	1970-01-01 00:00:00	0000	0000	予防する	ja\tする동사\tyobō suru\t예방하다\t予防する (yobō suru)\tprévenir\tto prevent\tpreventi
03079	1970-01-01 00:00:00	0000	0000	環境保護	ja\t명사\tkankyō hogo\t환경 보호\t環境保護 (kankyō hogo)\tprotection de l'environnement\tenvironmental protection\tmedioprotektado
03080	1970-01-01 00:00:00	0000	0000	vague de chaleur	fr\t명사(여성)\t\t폭염\t熱波 (neppa)\tpériode de chaleur intense\theatwave\tvarmegondo
03081	1970-01-01 00:00:00	0000	0000	flamme	fr\t명사(여성)\t\t불꽃\t炎 (honō)\tpartie visible du feu\tflame\tflamo
03082	1970-01-01 00:00:00	0000	0000	éteindre	fr\t동사\t\t끄다\t消す (kesu)\tfaire cesser de brûler ou de fonctionner\tto extinguish\testingi
03083	1970-01-01 00:00:00	0000	0000	ふー	ja\t감탄사\tfū\t후~\tふー (fū)\touf\tphew\tuf
03084	1970-01-01 00:00:00	0000	0000	自体	ja\t명사\tjitai\t자체\t自体 (jitai)\ten soi\titself\tmem
03085	1970-01-01 00:00:00	0000	0000	嫌い	ja\t형용동사\tkirai\t싫어함\t嫌い (kirai)\tdétester\tdislike\tmalŝatata
03086	1970-01-01 00:00:00	0000	0000	がっくり	ja\t부사·する동사\tgakkuri\t낙담함\tがっくり (gakkuri)\tabattu, découragé\tdiscouraged\tsenkuraĝigita
03087	1970-01-01 00:00:00	0000	0000	定番	ja\t명사\tteiban\t단골, 정석\t定番 (teiban)\tclassique, valeur sûre\tclassic, standard\tklasikaĵo
03088	1970-01-01 00:00:00	0000	0000	呪い	ja\t명사\tnoroi\t저주\t呪い (noroi)\tmalédiction\tcurse\tmalbeno
03089	1970-01-01 00:00:00	0000	0000	探す	ja\t동사\tsagasu\t찾다\t探す (sagasu)\tchercher\tto search\tserĉi
03090	1970-01-01 00:00:00	0000	0000	見つかる	ja\t동사\tmitsukaru\t발견되다\t見つかる (mitsukaru)\têtre trouvé\tto be found\testi trovita
03091	1970-01-01 00:00:00	0000	0000	わざと	ja\t부사\twazato\t일부러\tわざと (wazato)\texprès\ton purpose\tintence
03092	1970-01-01 00:00:00	0000	0000	左右	ja\t명사·する동사\tsayū\t좌우\t左右 (sayū)\tgauche et droite, influencer\tleft and right, to affect\tmaldekstro-dekstro
03093	1970-01-01 00:00:00	0000	0000	反骨精神	ja\t명사\thankotsu seishin\t반골 정신\t反骨精神 (hankotsu seishin)\tesprit de contradiction\trebellious spirit\tkontraŭdirema spirito
03094	1970-01-01 00:00:00	0000	0000	lessive	fr\t명사(여성)\t\t세탁, 세제\t洗濯 (sentaku), 洗剤 (senzai)\tlavage du linge ou produit\tlaundry, detergent\tlavado, lavilo
03095	1970-01-01 00:00:00	0000	0000	étendre	fr\t동사\t\t널다, 펼치다\t干す (hosu), 広げる\tsuspendre pour sécher, ou déployer\tto hang out, to spread\tsterni
03096	1970-01-01 00:00:00	0000	0000	linge	fr\t명사(남성)\t\t빨래, 세탁물\t洗濯物 (sentakumono)\tvêtements lavés ou à laver\tlaundry\ttolaĵo
03097	1970-01-01 00:00:00	0000	0000	dépité	fr\t형용사\t\t낙담한\tがっかりした (gakkari shita)\tdéçu et contrarié\tdisheartened\tsenkuraĝigita
03098	1970-01-01 00:00:00	0000	0000	malédiction	fr\t명사(여성)\t\t저주\t呪い (noroi)\tsort maléfique\tcurse\tmalbeno
03099	1970-01-01 00:00:00	0000	0000	être à deux doigts de	fr\t관용 표현\t\t~하기 직전이다\tもう少しで～するところだ\têtre sur le point de\tto be inches away from\testi tuj antaŭ
03100	1970-01-01 00:00:00	0000	0000	trou noir	fr\t명사(남성)\t\t블랙홀\tブラックホール (burakku hōru)\tastre effondré sur lui-même\tblack hole\tnigra truo
03101	1970-01-01 00:00:00	0000	0000	machine à laver	fr\t명사(여성)\t\t세탁기\t洗濯機 (sentakuki)\tappareil de lavage du linge\twashing machine\tlavmaŝino
03102	1970-01-01 00:00:00	0000	0000	désespérer	fr\t동사\t\t절망하다\t絶望する (zetsubō suru)\tperdre tout espoir\tto despair\tmalesperi
03103	1970-01-01 00:00:00	0000	0000	quart d'heure	fr\t명사(남성)\t\t15분\t15分 (jūgofun)\tquinze minutes\tquarter of an hour\tkvaronhoro
03104	1970-01-01 00:00:00	0000	0000	fouiller	fr\t동사\t\t뒤지다\t探し回る (sagashimawaru)\tchercher en tous sens\tto rummage\tfosserĉi
03105	1970-01-01 00:00:00	0000	0000	incapable	fr\t형용사\t\t할 수 없는\tできない (dekinai)\tdépourvu de la capacité de\tunable\tnekapabla
03106	1970-01-01 00:00:00	0000	0000	dépareillé	fr\t형용사\t\t짝이 안 맞는\t片方の (katahō no)\tdont les éléments ne forment pas une paire\todd, mismatched\tsenpara
03107	1970-01-01 00:00:00	0000	0000	rebelle	fr\t형용사·명사\t\t반항적인\t反抗的な (hankōteki na)\tqui refuse de se soumettre\trebellious\tribela
03108	1970-01-01 00:00:00	0000	0000	コインランドリー	ja\t명사\tkoin randorī\t빨래방\tコインランドリー\tlaverie automatique\tlaundromat\tmonerlavejo
03109	1970-01-01 00:00:00	0000	0000	柔軟剤	ja\t명사\tjūnanzai\t섬유유연제\t柔軟剤 (jūnanzai)\tadoucissant\tfabric softener\ttolaĵmoligilo
03110	1970-01-01 00:00:00	0000	0000	部屋干し	ja\t명사·する동사\theyaboshi\t실내 건조\t部屋干し (heyaboshi)\tséchage du linge en intérieur\tindoor drying\tendoma sekigado
03111	1970-01-01 00:00:00	0000	0000	生乾き	ja\t명사·형용동사\tnamagawaki\t덜 마름\t生乾き (namagawaki)\tpas complètement sec\tstill damp\tankoraŭ malseketa
03112	1970-01-01 00:00:00	0000	0000	物干し竿	ja\t명사\tmonohoshizao\t빨래 건조대 봉\t物干し竿 (monohoshizao)\ttige pour suspendre le linge\tdrying pole\ttolaĵsekiga bastono
03113	1970-01-01 00:00:00	0000	0000	漂白剤	ja\t명사\thyōhakuzai\t표백제\t漂白剤 (hyōhakuzai)\teau de Javel, agent blanchissant\tbleach\tblankigilo
03114	1970-01-01 00:00:00	0000	0000	laverie	fr\t명사(여성)\t\t빨래방\tコインランドリー\tétablissement pour laver son linge\tlaundromat\tmonerlavejo
03115	1970-01-01 00:00:00	0000	0000	adoucissant	fr\t명사(남성)\t\t섬유유연제\t柔軟剤 (jūnanzai)\tproduit qui assouplit le linge\tfabric softener\ttolaĵmoligilo
03116	1970-01-01 00:00:00	0000	0000	lessive en poudre	fr\t명사(여성)\t\t가루세제\t粉洗剤 (kona senzai)\tdétergent sous forme de poudre\tpowder detergent\tpulvorlavilo
03117	1970-01-01 00:00:00	0000	0000	étendoir	fr\t명사(남성)\t\t빨래 건조대\t物干し (monohoshi)\tdispositif pour sécher le linge\tdrying rack\tsekigilo
03118	1970-01-01 00:00:00	0000	0000	pince à linge	fr\t명사(여성)\t\t빨래집게\t洗濯バサミ (sentakubasami)\tpince pour fixer le linge\tclothespin\ttolaĵpinĉilo
03119	1970-01-01 00:00:00	0000	0000	repasser	fr\t동사\t\t다림질하다\tアイロンをかける\tdéfroisser au fer\tto iron\tgladi
03120	1970-01-01 00:00:00	0000	0000	plier	fr\t동사\t\t개다, 접다\t畳む (tatamu)\treplier\tto fold\tfaldi
03121	1970-01-01 00:00:00	0000	0000	panier à linge	fr\t명사(남성)\t\t빨래 바구니\t洗濯かご (sentaku kago)\tcorbeille pour le linge sale\tlaundry basket\ttolaĵkorbo
03122	1970-01-01 00:00:00	0000	0000	sèche-linge	fr\t명사(남성)\t\t건조기\t乾燥機 (kansōki)\tappareil qui sèche le linge\ttumble dryer\ttolaĵsekigilo
03123	1970-01-01 00:00:00	0000	0000	tache	fr\t명사(여성)\t\t얼룩\t染み (shimi)\tmarque salissante\tstain\tmakulo
03124	1970-01-01 00:00:00	0000	0000	UFO	fr\t명사(남성)\t\tUFO, 미확인비행물체\tUFO\tobjet volant non identifié\tUFO\tNIO
03125	1970-01-01 00:00:00	0000	0000	説明がつかない	ja\t표현\tsetsumei ga tsukanai\t설명이 안 된다\t説明がつかない\tinexplicable\tcan't be explained\tne klarigeblas
03126	1970-01-01 00:00:00	0000	0000	出現	ja\t명사·する동사\tshutsugen\t출현\t出現 (shutsugen)\tapparition\tappearance\tapero
03127	1970-01-01 00:00:00	0000	0000	見方	ja\t명사\tmikata\t관점, 견해\t見方 (mikata)\tpoint de vue\tway of looking at it\tvidpunkto
03128	1970-01-01 00:00:00	0000	0000	正直	ja\t명사·형용동사\tshōjiki\t정직함, 솔직히\t正直 (shōjiki)\thonnête, franchement\thonest, honestly\thonesta
03129	1970-01-01 00:00:00	0000	0000	変わっている	ja\t동사(진행)\tkawatte iru\t독특하다\t変わっている (kawatte iru)\têtre bizarre, original\tis unusual\testas stranga
03130	1970-01-01 00:00:00	0000	0000	個人的に	ja\t부사\tkojinteki ni\t개인적으로\t個人的に (kojinteki ni)\tpersonnellement\tpersonally\tpersone
03131	1970-01-01 00:00:00	0000	0000	信じる	ja\t동사\tshinjiru\t믿다\t信じる (shinjiru)\tcroire\tto believe\tkredi
03132	1970-01-01 00:00:00	0000	0000	難しい	ja\tい형용사\tmuzukashii\t어렵다\t難しい (muzukashii)\tdifficile\tdifficult\tmalfacila
03133	1970-01-01 00:00:00	0000	0000	目撃者	ja\t명사\tmokugekisha\t목격자\t目撃者 (mokugekisha)\ttémoin oculaire\twitness\tatestanto
03134	1970-01-01 00:00:00	0000	0000	証言	ja\t명사·する동사\tshōgen\t증언\t証言 (shōgen)\ttémoignage\ttestimony\tatesto
03135	1970-01-01 00:00:00	0000	0000	信憑性	ja\t명사\tshinpyōsei\t신빙성\t信憑性 (shinpyōsei)\tcrédibilité\tcredibility\tkredindeco
03136	1970-01-01 00:00:00	0000	0000	悪夢	ja\t명사\takumu\t악몽\t悪夢 (akumu)\tcauchemar\tnightmare\tinkubo
03137	1970-01-01 00:00:00	0000	0000	真っ只中	ja\t명사\tmattadanaka\t한창인 때, 한복판\t真っ只中 (mattadanaka)\ten plein milieu de\tright in the middle of\ten la mezo de
03138	1970-01-01 00:00:00	0000	0000	連れ去る	ja\t동사\ttsuresaru\t납치하다, 데려가다\t連れ去る (tsuresaru)\tenlever, emmener de force\tto abduct\tforkonduki
03139	1970-01-01 00:00:00	0000	0000	terminer	fr\t동사\t\t끝내다\t終える (oeru)\tachever\tto finish\tfini
03140	1970-01-01 00:00:00	0000	0000	documentaire	fr\t명사(남성)\t\t다큐멘터리\tドキュメンタリー\tfilm de non-fiction\tdocumentary\tdokumenta filmo
03141	1970-01-01 00:00:00	0000	0000	ovni	fr\t명사(남성)\t\t미확인비행물체\t未確認飛行物体\tobjet volant non identifié\tUFO\tNIO (nekonata identigebla objekto)
03142	1970-01-01 00:00:00	0000	0000	apparition	fr\t명사(여성)\t\t출현\t出現 (shutsugen)\tfait d'apparaître soudainement\tappearance\tapero
03143	1970-01-01 00:00:00	0000	0000	inexpliqué	fr\t형용사\t\t설명되지 않은\t説明のつかない\tdont on ignore la cause\tunexplained\tneklarigita
03144	1970-01-01 00:00:00	0000	0000	franchement	fr\t부사\t\t솔직히\t正直に (shōjiki ni)\tsincèrement\thonestly\tsincere
03145	1970-01-01 00:00:00	0000	0000	remettre en perspective	fr\t동사구\t\t다시 조망하다, 재고하다\t改めて考える (aratamete kangaeru)\trelativiser en repensant\tto put back into perspective\trekonsideri
03146	1970-01-01 00:00:00	0000	0000	avouer	fr\t동사\t\t고백하다, 인정하다\t白状する (hakujō suru)\treconnaître une vérité\tto admit\tkonfesi
03147	1970-01-01 00:00:00	0000	0000	avoir du mal à	fr\t동사구\t\t~하는 데 어려움을 겪다\t～するのに苦労する\téprouver de la difficulté à faire\tto struggle to\tmalfacile sukcesi
03148	1970-01-01 00:00:00	0000	0000	témoignage	fr\t명사(남성)\t\t증언\t証言 (shōgen)\trécit de ce qu'on a vécu ou vu\ttestimony\tatesto
03149	1970-01-01 00:00:00	0000	0000	crédible	fr\t형용사\t\t신빙성 있는\t信憑性のある (shinpyōsei no aru)\tque l'on peut croire\tcredible\tkredinda
03150	1970-01-01 00:00:00	0000	0000	avoir peur	fr\t동사구\t\t무섭다\t怖い (kowai)\tressentir de la crainte\tto be scared\ttimi
03151	1970-01-01 00:00:00	0000	0000	cauchemar	fr\t명사(남성)\t\t악몽\t悪夢 (akumu)\trêve effrayant\tnightmare\tinkubo
03152	1970-01-01 00:00:00	0000	0000	t'inquiète pas	fr\t구어 표현\t\t걱정 마\t心配しないで (shinpai shinaide)\tne t'en fais pas\tdon't worry\tne zorgu
03153	1970-01-01 00:00:00	0000	0000	débarquer	fr\t동사\t\t불쑥 나타나다, 상륙하다\tいきなり現れる (ikinari arawareru)\tarriver de façon inattendue\tto show up unexpectedly\tsubite alveni
03154	1970-01-01 00:00:00	0000	0000	enlever	fr\t동사\t\t납치하다, 없애다\t誘拐する (yūkai suru), 取り除く\tkidnapper ou retirer\tto abduct, to remove\tforrabi, forigi
03155	1970-01-01 00:00:00	0000	0000	colocation	fr\t명사(여성)\t\t룸메이트 생활, 셰어하우스\tルームシェア (rūmu shea)\tfait de partager un logement\tflatsharing\tloĝkunhavigo
03156	1970-01-01 00:00:00	0000	0000	宇宙人	ja\t명사\tuchūjin\t외계인\t宇宙人 (uchūjin)\textraterrestre\talien\teksterterano
03157	1970-01-01 00:00:00	0000	0000	怪奇現象	ja\t명사\tkaiki genshō\t괴기 현상\t怪奇現象 (kaiki genshō)\tphénomène étrange, paranormal\tstrange phenomenon\tstranga fenomeno
03158	1970-01-01 00:00:00	0000	0000	目撃する	ja\tする동사\tmokugeki suru\t목격하다\t目撃する (mokugeki suru)\têtre témoin\tto witness\tatesti
03159	1970-01-01 00:00:00	0000	0000	疑う	ja\t동사\tutagau\t의심하다\t疑う (utagau)\tdouter, suspecter\tto doubt, to suspect\tdubi, suspekti
03160	1970-01-01 00:00:00	0000	0000	都市伝説	ja\t명사\ttoshi densetsu\t도시 전설\t都市伝説 (toshi densetsu)\tlégende urbaine\turban legend\turba legendo
03161	1970-01-01 00:00:00	0000	0000	錯覚	ja\t명사·する동사\tsakkaku\t착각\t錯覚 (sakkaku)\tillusion\tillusion\tiluzio
03162	1970-01-01 00:00:00	0000	0000	証拠	ja\t명사\tshōko\t증거\t証拠 (shōko)\tpreuve\tevidence\tpruvo
03163	1970-01-01 00:00:00	0000	0000	さらわれる	ja\t동사(수동)\tsarawareru\t납치당하다\tさらわれる\têtre enlevé\tto be abducted\testi forrabita
03164	1970-01-01 00:00:00	0000	0000	不気味	ja\t형용동사\tbukimi\t으스스함\t不気味 (bukimi)\tinquiétant, sinistre\teerie\tterurstranga
03165	1970-01-01 00:00:00	0000	0000	extraterrestre	fr\t명사·형용사\t\t외계인, 외계의\t宇宙人 (uchūjin)\têtre venu d'une autre planète\talien\teksterterano
03166	1970-01-01 00:00:00	0000	0000	soucoupe volante	fr\t명사(여성)\t\t비행접시\t空飛ぶ円盤 (soratobu enban)\tengin spatial en forme de disque\tflying saucer\tfluganta subtaso
03167	1970-01-01 00:00:00	0000	0000	enlèvement	fr\t명사(남성)\t\t납치\t誘拐 (yūkai)\tfait d'enlever quelqu'un\tabduction\tforrabo
03168	1970-01-01 00:00:00	0000	0000	preuve	fr\t명사(여성)\t\t증거\t証拠 (shōko)\télément qui démontre un fait\tproof\tpruvo
03169	1970-01-01 00:00:00	0000	0000	sceptique	fr\t형용사\t\t회의적인\t懐疑的な (kaigiteki na)\tqui doute\tskeptical\tskeptika
03170	1970-01-01 00:00:00	0000	0000	surnaturel	fr\t형용사\t\t초자연적인\t超自然的な (chōshizenteki na)\tqui dépasse les lois naturelles\tsupernatural\tsupernatura
03171	1970-01-01 00:00:00	0000	0000	illusion	fr\t명사(여성)\t\t환상, 착각\t幻想 (gensō), 錯覚 (sakkaku)\tperception trompeuse\tillusion\tiluzio
03172	1970-01-01 00:00:00	0000	0000	frissonner	fr\t동사\t\t오싹해지다, 떨다\tぞくぞくする (zokuzoku suru)\ttrembler de froid ou d'émotion\tto shiver\ttremi
03173	1970-01-01 00:00:00	0000	0000	paranormal	fr\t형용사\t\t초자연적인\t超常現象の (chōjō genshō no)\tqui échappe aux lois connues\tparanormal\tparanormala
03174	1970-01-01 00:00:00	0000	0000	légende urbaine	fr\t명사(여성)\t\t도시 전설\t都市伝説 (toshi densetsu)\trécit populaire moderne invérifiable\turban legend\turba legendo
03175	1970-01-01 00:00:00	0000	0000	詰める	ja\t동사\ttsumeru\t채우다, 짐을 싸다\t詰める (tsumeru)\tremplir, faire ses valises\tto pack\tpaki
03176	1970-01-01 00:00:00	0000	0000	準備する	ja\tする동사\tjunbi suru\t준비하다\t準備する (junbi suru)\tpréparer\tto prepare\tprepari
03177	1970-01-01 00:00:00	0000	0000	積み込む	ja\t동사\ttsumikomu\t적재하다\t積み込む (tsumikomu)\tcharger (un véhicule)\tto load up\tŝarĝi
03178	1970-01-01 00:00:00	0000	0000	ミリ単位	ja\t명사\tmiri tan'i\t밀리미터 단위\tミリ単位 (miri tan'i)\tà l'échelle du millimètre\tmillimeter precision\tmilimetra precizeco
03179	1970-01-01 00:00:00	0000	0000	ようやく	ja\t부사\tyōyaku\t드디어\tようやく (yōyaku)\tenfin\tfinally\tfine
03180	1970-01-01 00:00:00	0000	0000	広い	ja\tい형용사\thiroi\t넓다\t広い (hiroi)\tspacieux\tspacious\tvasta
03181	1970-01-01 00:00:00	0000	0000	どこへでも	ja\t부사구\tdoko e demo\t어디든지\tどこへでも (doko e demo)\tn'importe où\tanywhere\tien ajn
03182	1970-01-01 00:00:00	0000	0000	valise	fr\t명사(여성)\t\t여행 가방\tスーツケース (sūtsukēsu)\tbagage rigide à roulettes\tsuitcase\tvalizo
03183	1970-01-01 00:00:00	0000	0000	glacière	fr\t명사(여성)\t\t아이스박스\tクーラーボックス\tboîte isotherme pour garder au frais\tcooler\tmalvarmokesto
03184	1970-01-01 00:00:00	0000	0000	départ	fr\t명사(남성)\t\t출발\t出発 (shuppatsu)\tmoment où l'on part\tdeparture\tekiro
03185	1970-01-01 00:00:00	0000	0000	route	fr\t명사(여성)\t\t도로, 여정\t道路 (dōro), 旅路 (tabiji)\tvoie de circulation ou trajet\troad\tvojo
03186	1970-01-01 00:00:00	0000	0000	lit	fr\t명사(남성)\t\t침대\tベッド (beddo)\tmeuble pour dormir\tbed\tlito
03187	1970-01-01 00:00:00	0000	0000	cocon	fr\t명사(남성)\t\t고치, 아늑한 공간\t繭 (mayu)\tabri douillet et protecteur\tcocoon\tkokono
03188	1970-01-01 00:00:00	0000	0000	finir	fr\t동사\t\t끝내다, 끝나다\t終わる (owaru)\tachever\tto finish\tfini
03189	1970-01-01 00:00:00	0000	0000	charger	fr\t동사\t\t싣다, 충전하다\t積み込む (tsumikomu), 充電する\tremplir un véhicule ou recharger une batterie\tto load, to charge\tŝarĝi
03190	1970-01-01 00:00:00	0000	0000	prendre la route	fr\t동사구\t\t출발하다, 길을 나서다\t出発する (shuppatsu suru)\tpartir en voyage par la route\tto hit the road\tekiri
03191	1970-01-01 00:00:00	0000	0000	au millimètre près	fr\t부사구\t\t밀리미터 단위로 정확하게\tミリ単位で正確に\tavec une précision extrême\tdown to the millimeter\tprecize je milimetro
03192	1970-01-01 00:00:00	0000	0000	ドライブ	ja\t명사·する동사\tdoraibu\t드라이브\tドライブ (doraibu)\tbalade en voiture\tdrive\taŭtoveturado
03193	1970-01-01 00:00:00	0000	0000	荷物	ja\t명사\tnimotsu\t짐\t荷物 (nimotsu)\tbagages\tluggage\tpakaĵo
03194	1970-01-01 00:00:00	0000	0000	積み下ろし	ja\t명사·する동사\ttsumioroshi\t짐 싣고 내리기\t積み下ろし (tsumioroshi)\tchargement et déchargement\tloading and unloading\tŝarĝado kaj malŝarĝado
03195	1970-01-01 00:00:00	0000	0000	目的地	ja\t명사\tmokutekichi\t목적지\t目的地 (mokutekichi)\tdestination\tdestination\tcelloko
03196	1970-01-01 00:00:00	0000	0000	出発する	ja\tする동사\tshuppatsu suru\t출발하다\t出発する (shuppatsu suru)\tpartir\tto depart\tekiri
03197	1970-01-01 00:00:00	0000	0000	快適な	ja\t형용동사\tkaiteki na\t쾌적한\t快適な (kaiteki na)\tconfortable\tcomfortable\tkomforta
03198	1970-01-01 00:00:00	0000	0000	詰め込む	ja\t동사\ttsumekomu\t가득 채워 넣다\t詰め込む (tsumekomu)\tentasser, bourrer\tto cram in\tenpremi
03199	1970-01-01 00:00:00	0000	0000	bagages	fr\t명사(남성·복수)\t\t짐\t荷物 (nimotsu)\teffets emportés en voyage\tluggage\tpakaĵoj
03200	1970-01-01 00:00:00	0000	0000	coffre	fr\t명사(남성)\t\t트렁크\tトランク (toranku)\tespace de rangement d'un véhicule\ttrunk\tkofro
03201	1970-01-01 00:00:00	0000	0000	remorque	fr\t명사(여성)\t\t트레일러\tトレーラー (torērā)\tvéhicule tracté\ttrailer\trimorko
03202	1970-01-01 00:00:00	0000	0000	destination	fr\t명사(여성)\t\t목적지\t目的地 (mokutekichi)\tlieu où l'on se rend\tdestination\tcelloko
03203	1970-01-01 00:00:00	0000	0000	sieste	fr\t명사(여성)\t\t낮잠\t昼寝 (hirune)\tcourt sommeil dans la journée\tnap\tdormeto
03204	1970-01-01 00:00:00	0000	0000	équipement	fr\t명사(남성)\t\t장비\t装備 (sōbi)\tmatériel nécessaire\tequipment\tekipaĵo
03205	1970-01-01 00:00:00	0000	0000	faire le plein	fr\t동사구\t\t기름을 가득 채우다\t満タンにする (mantan ni suru)\tremplir le réservoir\tto fill up (gas)\tplenigi la benzinujon
03206	1970-01-01 00:00:00	0000	0000	se mettre en route	fr\t동사구\t\t길을 나서다\t出発する (shuppatsu suru)\tpartir en voyage\tto set off\tekiri
03207	1970-01-01 00:00:00	0000	0000	s'installer	fr\t동사(대명동사)\t\t자리잡다\t落ち着く (ochitsuku)\tprendre place durablement\tto settle in\tekloĝi
03208	1970-01-01 00:00:00	0000	0000	経る	ja\t동사\theru\t거치다, 지나다\t経る (heru)\ttraverser, passer par\tto go through\ttrapasi
03209	1970-01-01 00:00:00	0000	0000	離れる	ja\t동사\thanareru\t떠나다, 멀어지다\t離れる (hanareru)\ts'éloigner\tto leave, to be apart\tforiĝi
03210	1970-01-01 00:00:00	0000	0000	寂しい	ja\tい형용사\tsabishii\t외롭다, 쓸쓸하다\t寂しい (sabishii)\ttriste, esseulé\tlonely\tsoleca
03211	1970-01-01 00:00:00	0000	0000	預ける	ja\t동사\tazukeru\t맡기다\t預ける (azukeru)\tconfier en dépôt\tto entrust, to check in\tkonfidi, deponi
03212	1970-01-01 00:00:00	0000	0000	戻る	ja\t동사\tmodoru\t돌아오다\t戻る (modoru)\trevenir\tto return\treveni
03213	1970-01-01 00:00:00	0000	0000	moteur	fr\t명사(남성)\t\t엔진\tエンジン (enjin)\tdispositif produisant le mouvement\tengine\tmotoro
03214	1970-01-01 00:00:00	0000	0000	galère	fr\t명사(여성·구어)\t\t고생, 골치 아픈 일\t大変なこと (taihen na koto)\tsituation pénible\ta hassle\tturmento
03215	1970-01-01 00:00:00	0000	0000	clé	fr\t명사(여성)\t\t열쇠\t鍵 (kagi)\tobjet servant à ouvrir\tkey\tŝlosilo
03216	1970-01-01 00:00:00	0000	0000	voisin	fr\t명사(남성)\t\t이웃\t隣人 (rinjin)\tpersonne habitant à proximité\tneighbor\tnajbaro
03217	1970-01-01 00:00:00	0000	0000	au revoir	fr\t인사 표현\t\t안녕히 가세요\tさようなら (sayōnara)\tformule d'adieu\tgoodbye\tĝis revido
03218	1970-01-01 00:00:00	0000	0000	avoir des papillons dans le ventre	fr\t관용 표현\t\t가슴이 두근거리다\t胸がドキドキする\tressentir de l'excitation nerveuse\tto have butterflies in one's stomach\thavi papiliojn en la ventro
03219	1970-01-01 00:00:00	0000	0000	finir par + inf.	fr\t표현\t\t결국 ~하게 되다\t結局～することになる\tarriver finalement à faire\tto end up doing\tfine fari
03220	1970-01-01 00:00:00	0000	0000	キャンピングカー	ja\t명사\tkyanpingu kā\t캠핑카\tキャンピングカー\tcamping-car\tcamper van\tkamparveturilo
03221	1970-01-01 00:00:00	0000	0000	荷造り	ja\t명사·する동사\tnizukuri\t짐 싸기\t荷造り (nizukuri)\tpréparation des bagages\tpacking\tpakado
03222	1970-01-01 00:00:00	0000	0000	鍵をかける	ja\t동사구\tkagi o kakeru\t문을 잠그다\t鍵をかける (kagi o kakeru)\tfermer à clé\tto lock\tŝlosi
03223	1970-01-01 00:00:00	0000	0000	留守にする	ja\t동사구\trusu ni suru\t집을 비우다\t留守にする (rusu ni suru)\têtre absent de chez soi\tto be away from home\tforestadi de la domo
03224	1970-01-01 00:00:00	0000	0000	お土産	ja\t명사\tomiyage\t기념품\tお土産 (omiyage)\tsouvenir rapporté d'un voyage\tsouvenir\tmemoraĵo
03225	1970-01-01 00:00:00	0000	0000	旅費	ja\t명사\tryohi\t여행 경비\t旅費 (ryohi)\tfrais de voyage\ttravel expenses\tvojaĝkosto
03226	1970-01-01 00:00:00	0000	0000	安全運転	ja\t명사\tanzen unten\t안전 운전\t安全運転 (anzen unten)\tconduite prudente\tsafe driving\tsekura veturado
03227	1970-01-01 00:00:00	0000	0000	bagage	fr\t명사(남성)\t\t짐\t荷物 (nimotsu)\teffet transporté en voyage\tbaggage\tpakaĵo
03228	1970-01-01 00:00:00	0000	0000	carte	fr\t명사(여성)\t\t지도, 카드\t地図 (chizu), カード\treprésentation d'un territoire ou support\tmap, card\tmapo, karto
03229	1970-01-01 00:00:00	0000	0000	essence	fr\t명사(여성)\t\t휘발유\tガソリン (gasorin)\tcarburant automobile\tgasoline\tbenzino
03230	1970-01-01 00:00:00	0000	0000	autoroute	fr\t명사(여성)\t\t고속도로\t高速道路 (kōsoku dōro)\tvoie rapide à accès limité\thighway\taŭtovojo
03231	1970-01-01 00:00:00	0000	0000	passager	fr\t명사(남성)\t\t승객\t乗客 (jōkyaku)\tpersonne transportée\tpassenger\tpasaĝero
03232	1970-01-01 00:00:00	0000	0000	pause	fr\t명사(여성)\t\t휴식\t休憩 (kyūkei)\tinterruption pour se reposer\tbreak\tpaŭzo
03233	1970-01-01 00:00:00	0000	0000	conduire	fr\t동사\t\t운전하다\t運転する (unten suru)\tdiriger un véhicule\tto drive\tveturigi
03234	1970-01-01 00:00:00	0000	0000	工具箱	ja\t명사\tkōgubako\t공구함\t工具箱 (kōgubako)\tboîte à outils\ttoolbox\tilaro-kesto
03235	1970-01-01 00:00:00	0000	0000	毎回	ja\t부사\tmaikai\t매번\t毎回 (maikai)\tà chaque fois\tevery time\tĉiufoje
03236	1970-01-01 00:00:00	0000	0000	直す	ja\t동사\tnaosu\t고치다\t直す (naosu)\tréparer\tto fix\tripari
03237	1970-01-01 00:00:00	0000	0000	boîte	fr\t명사(여성)\t\t상자\t箱 (hako)\trécipient rigide\tbox\tskatolo
03238	1970-01-01 00:00:00	0000	0000	outil	fr\t명사(남성)\t\t도구\t道具 (dōgu)\tinstrument de travail\ttool\tilo
03239	1970-01-01 00:00:00	0000	0000	manquer	fr\t동사\t\t부족하다, 놓치다, 그립다\t足りない (tarinai), 恋しい (koishii)\tfaire défaut, rater, ou être regretté\tto lack, to miss\tmanki, sopiri
03240	1970-01-01 00:00:00	0000	0000	réparer	fr\t동사\t\t고치다\t直す (naosu)\tremettre en état de fonctionner\tto repair\tripari
03241	1970-01-01 00:00:00	0000	0000	casser	fr\t동사\t\t부수다\t壊す (kowasu)\tbriser\tto break\trompi
03242	1970-01-01 00:00:00	0000	0000	toucher	fr\t동사\t\t만지다, 받다\t触る (sawaru), 受け取る\tentrer en contact avec, ou recevoir de l'argent\tto touch, to receive\ttuŝi, ricevi
03243	1970-01-01 00:00:00	0000	0000	remarquer	fr\t동사\t\t알아차리다\t気づく (kizuku)\tprendre conscience de\tto notice\trimarki
03244	1970-01-01 00:00:00	0000	0000	修理	ja\t명사·する동사\tshūri\t수리\t修理 (shūri)\tréparation\trepair\triparo
03245	1970-01-01 00:00:00	0000	0000	ネジ	ja\t명사\tneji\t나사\tネジ (neji)\tvis\tscrew\tŝraŭbo
03246	1970-01-01 00:00:00	0000	0000	ドライバー	ja\t명사\tdoraibā\t드라이버(공구), 운전자\tドライバー (doraibā)\ttournevis, ou conducteur\tscrewdriver, driver\tŝraŭbturnilo, veturigisto
03247	1970-01-01 00:00:00	0000	0000	ペンチ	ja\t명사\tpenchi\t펜치\tペンチ (penchi)\tpince\tpliers\tpinĉilo
03248	1970-01-01 00:00:00	0000	0000	作業	ja\t명사·する동사\tsagyō\t작업\t作業 (sagyō)\ttravail, opération\twork, task\tlaboro
03249	1970-01-01 00:00:00	0000	0000	壊れる	ja\t동사\tkowareru\t고장나다\t壊れる (kowareru)\tse casser\tto break down\trompiĝi
03250	1970-01-01 00:00:00	0000	0000	散らかす	ja\t동사\tchirakasu\t어지르다\t散らかす (chirakasu)\tmettre en désordre\tto make a mess\tmalordigi
03251	1970-01-01 00:00:00	0000	0000	紛失する	ja\tする동사\tfunshitsu suru\t분실하다\t紛失する (funshitsu suru)\tégarer\tto lose\tperdi
03252	1970-01-01 00:00:00	0000	0000	分解する	ja\tする동사\tbunkai suru\t분해하다\t分解する (bunkai suru)\tdémonter\tto disassemble\tmalmunti
03253	1970-01-01 00:00:00	0000	0000	marteau	fr\t명사(남성)\t\t망치\tハンマー (hanmā)\toutil pour frapper\thammer\tmartelo
03254	1970-01-01 00:00:00	0000	0000	tournevis	fr\t명사(남성)\t\t드라이버\tドライバー (doraibā)\toutil pour visser\tscrewdriver\tŝraŭbturnilo
03255	1970-01-01 00:00:00	0000	0000	vis	fr\t명사(여성)\t\t나사\tネジ (neji)\tpièce filetée de fixation\tscrew\tŝraŭbo
03256	1970-01-01 00:00:00	0000	0000	réparation	fr\t명사(여성)\t\t수리\t修理 (shūri)\taction de remettre en état\trepair\triparo
03257	1970-01-01 00:00:00	0000	0000	casserole	fr\t명사(여성)\t\t냄비\t鍋 (nabe)\tustensile de cuisson\tpot\tkaserolo
03258	1970-01-01 00:00:00	0000	0000	entretien	fr\t명사(남성)\t\t관리, 손질\t手入れ (teire)\tmaintenance régulière\tupkeep\tprizorgado
03259	1970-01-01 00:00:00	0000	0000	perdre	fr\t동사\t\t잃다\t失う (ushinau)\tne plus avoir quelque chose\tto lose\tperdi
