name	TOEFL Vocabulary                                                                
n-session	000000
00001	2026-08-06 04:00:29	0001	0002	abate	/əˈbeɪt/\tto become less strong or intense\t줄이다, 완화되다
00002	1970-01-01 00:00:00	0000	0000	abdicate	/ˈæbdɪkeɪt/\tto formally give up a position or power\t포기하다, 물러나다
00003	1970-01-01 00:00:00	0000	0000	aberration	/ˌæbəˈreɪʃn/\ta departure from what is normal or expected\t일탈, 정도를 벗어남
00004	1970-01-01 00:00:00	0000	0000	abhor	/əbˈhɔːr/\tto hate or detest something very much\t몹시 싫어하다, 혐오하다
00005	1970-01-01 00:00:00	0000	0000	abridge	/əˈbrɪdʒ/\tto shorten a book, text, or speech\t요약하다, 축소하다
00006	1970-01-01 00:00:00	0000	0000	abstain	/əbˈsteɪn/\tto refrain from doing something voluntarily\t삼가다, 기권하다
00007	1970-01-01 00:00:00	0000	0000	acumen	/ˈækjəmən/\tthe ability to make good judgments and quick decisions\t명찰력, 혜안
00008	1970-01-01 00:00:00	0000	0000	adamant	/ˈædəmənt/\trefusing to be persuaded or to change one's mind\t단호한, 완강한
00009	1970-01-01 00:00:00	0000	0000	adroit	/əˈdrɔɪt/\tclever or skillful in using the hands or mind\t능숙한, 노련한
00010	1970-01-01 00:00:00	0000	0000	adversary	/ˈædvərsəri/\tone's opponent in a contest, conflict, or dispute\t적, 상대
00011	1970-01-01 00:00:00	0000	0000	advocate	/ˈædvəkət/\tto publicly support or recommend a particular cause\t옹호하다, 주창하다
00012	1970-01-01 00:00:00	0000	0000	affluent	/ˈæfluənt/\thaving a great deal of money; wealthy\t부유한, 풍부한
00013	1970-01-01 00:00:00	0000	0000	aggregate	/ˈæɡrɪɡət/\ta whole formed by combining several elements\t합계, 집합
00014	1970-01-01 00:00:00	0000	0000	alleviate	/əˈliːvieɪt/\tto make suffering or a problem less severe\t완화하다, 경감하다
00015	1970-01-01 00:00:00	0000	0000	ambiguous	/æmˈbɪɡjuəs/\topen to more than one interpretation; unclear\t모호한, 불분명한
00016	1970-01-01 00:00:00	0000	0000	ambivalent	/æmˈbɪvələnt/\thaving mixed feelings or contradictory ideas\t반대 감정이 병존하는, 주저하는
00017	1970-01-01 00:00:00	0000	0000	ameliorate	/əˈmiːliəreɪt/\tto make something bad or unsatisfactory better\t개선하다, 호전시키다
00018	1970-01-01 00:00:00	0000	0000	amiable	/ˈeɪmiəbl/\thaving or displaying a friendly and pleasant manner\t상붙임성 있는, 친근한
00019	1970-01-01 00:00:00	0000	0000	anachronism	/əˈnækrənɪzm/\tsomething that belongs to a period other than that in which it exists\t시대착오적인 것
00020	1970-01-01 00:00:00	0000	0000	analogous	/əˈnæləɡəs/\tcomparable in certain respects; similar\t유사한, 닮은
00021	1970-01-01 00:00:00	0000	0000	anecdote	/ˈænɪkdoʊt/\ta short and amusing or interesting story about a real incident\t일화
00022	1970-01-01 00:00:00	0000	0000	anomaly	/əˈnɑːməli/\tsomething that deviates from what is standard, normal, or expected\t변칙, 이탈
00023	1970-01-01 00:00:00	0000	0000	anipathy	/ænˈtɪpəθi/\ta deep-seated feeling of dislike or aversion\t반감, 혐오
00024	1970-01-01 00:00:00	0000	0000	apathy	/ˈæpəθi/\tlack of interest, enthusiasm, or concern\t무관심, 냉담
00025	1970-01-01 00:00:00	0000	0000	arbitrary	/ˈɑːrbɪtreri/\tbased on random choice or personal whim, rather than reason\t임의적인, 제멋대로의
00026	1970-01-01 00:00:00	0000	0000	archaic	/ɑːrˈkeɪɪk/\tvery old or old-fashioned\t고대의, 구식의
00027	1970-01-01 00:00:00	0000	0000	arduous	/ˈɑːrdʒuəs/\tinvolving or requiring strenuous effort; difficult\t고된, 힘든
00028	1970-01-01 00:00:00	0000	0000	articulate	/ɑːrˈtɪkjuleɪt/\tto express an idea or feeling fluently and coherently\t명확히 표현하다
00029	1970-01-01 00:00:00	0000	0000	ascertain	/ˌæsərˈteɪn/\tto find out or learn with certainty\t확인하다, 알아내다
00030	1970-01-01 00:00:00	0000	0000	assuage	/əˈsweɪdʒ/\tto make an unpleasant feeling less intense\t달래다, 진정시키다
00031	1970-01-01 00:00:00	0000	0000	audacious	/ɔːˈdeɪʃəs/\tshowing a willingness to take surprisingly bold risks\t대담한, 무모한
00032	1970-01-01 00:00:00	0000	0000	austere	/ɔːˈstɪr/\tsevere or strict in manner, attitude, or appearance\t엄격한, 자제하는, 간소한
00033	1970-01-01 00:00:00	0000	0000	belligerent	/bəˈlɪdʒərənt/\thostile and aggressive\t호전적인, 도발적인
00034	1970-01-01 00:00:00	0000	0000	benevolent	/bəˈnevələnt/\twell meaning and kindly\t자비로운, 자애로운
00035	1970-01-01 00:00:00	0000	0000	bolster	/ˈboʊlstər/\tto support or strengthen; prop up\t북돋우다, 지지하다
00036	1970-01-01 00:00:00	0000	0000	brevity	/ˈbrevəti/\tconcise and exact use of words in writing or speech\t간결함, 짧음
00037	1970-01-01 00:00:00	0000	0000	candid	/ˈkændɪd/\ttruthful and straightforward; frank\t솔직한, 숨김없는
00038	1970-01-01 00:00:00	0000	0000	capricious	/kəˈprɪʃəs/\tgiven to sudden and unaccountable changes of mood or behavior\t변덕스러운
00039	1970-01-01 00:00:00	0000	0000	coerce	/koʊˈɜːrs/\tto persuade an unwilling person to do something by using force\t강요하다, 강제하다
00040	1970-01-01 00:00:00	0000	0000	cogent	/ˈkoʊdʒənt/\tclear, logical, and convincing\t설득력 있는
00041	1970-01-01 00:00:00	0000	0000	commensurate	/kəˈmenʃərət/\tcorresponding in size, degree, or proportion\t상응하는, 비례하는
00042	1970-01-01 00:00:00	0000	0000	complacent	/kəmˈpleɪsnt/\tshowing smug or uncritical satisfaction with oneself\t현실에 안주하는, 자만하는
00043	1970-01-01 00:00:00	0000	0000	conciliate	/kənˈsɪlieɪt/\tto stop someone from being angry or discontented\t달래다, 회유하다
00044	1970-01-01 00:00:00	0000	0000	concur	/kənˈkɜːr/\tto be of the same opinion; agree\t동의하다, 의견이 일치하다
00045	1970-01-01 00:00:00	0000	0000	condone	/kənˈdoʊn/\tto accept and allow behavior that is considered morally wrong\t용납하다, 묵인하다
00046	1970-01-01 00:00:00	0000	0000	conspicuous	/kənˈspɪkjuəs/\tstanding out so as to be clearly visible\t눈에 띄는, 두드러진
00047	1970-01-01 00:00:00	0000	0000	corroborate	/kəˈrɑːbəreɪt/\tto confirm or give support to a statement or theory\t확증하다, 입증하다
00048	1970-01-01 00:00:00	0000	0000	curtail	/kərˈteɪl/\tto reduce in extent or quantity; impose a restriction on\t축소시키다, 삭감하다
00049	1970-01-01 00:00:00	0000	0000	dearth	/dɜːrθ/\ta scarcity or lack of something\t부족, 결핍
00050	1970-01-01 00:00:00	0000	0000	debilitate	/dɪˈbɪlɪteɪt/\tto make someone weak and infirm\t쇠약하게 만들다
00051	1970-01-01 00:00:00	0000	0000	deference	/ˈdefərəns/\thumble submission and respect\t존중, 경의
00052	1970-01-01 00:00:00	0000	0000	delineate	/dɪˈlɪnieɪt/\tto describe or portray something precisely\t묘사하다, 설명하다
00053	1970-01-01 00:00:00	0000	0000	deleterious	/ˌdeləˈtɪriəs/\tcausing harm or damage\t해로운, 유해한
00054	1970-01-01 00:00:00	0000	0000	demur	/dɪˈmɜːr/\tto raise doubts or objections, or show reluctance\t이의를 제기하다
00055	1970-01-01 00:00:00	0000	0000	deride	/dɪˈraɪd/\tto express contempt for; ridicule\t조롱하다, 비웃다
00056	1970-01-01 00:00:00	0000	0000	desiccate	/ˈdesɪkeɪt/\tto remove the moisture from something; dry out\t건조시키다, 말리다
00057	1970-01-01 00:00:00	0000	0000	disparate	/ˈdɪspərət/\tessentially different in kind; not allowing comparison\t이질적인, 전혀 다른
00058	1970-01-01 00:00:00	0000	0000	disseminate	/dɪˈsemɪneɪt/\tto spread or disperse information widely\t유포하다, 퍼뜨리다
00059	1970-01-01 00:00:00	0000	0000	dogmatic	/dɔːɡˈmætɪk/\tinclined to lay down principles as incontrovertibly true\t독단적인
00060	1970-01-01 00:00:00	0000	0000	eclectic	/ɪˈklektɪk/\tderiving ideas, style, or taste from a broad and diverse range of sources\t절충적인, 다방면에 걸친
00061	1970-01-01 00:00:00	0000	0000	efficacy	/ˈefɪkəsi/\tthe ability to produce a desired or intended result\t효능, 유효성
00062	1970-01-01 00:00:00	0000	0000	egregious	/ɪˈɡriːdʒiəs/\toutstandingly bad; shocking\t지독한, 터무니없는
00063	1970-01-01 00:00:00	0000	0000	elucidate	/ɪˈluːsɪdeɪt/\tto make something clear; explain\t명확하게 하다, 설명하다
00064	1970-01-01 00:00:00	0000	0000	embellish	/ɪmˈbelɪʃ/\tto make something more attractive by adding decorative details\t장식하다, 꾸미다
00065	1970-01-01 00:00:00	0000	0000	empirical	/ɪmˈpɪrɪkl/\tbased on observation or experience rather than theory\t실험적인, 실증적인
00066	1970-01-01 00:00:00	0000	0000	emulate	/ˈemjuleɪt/\tto match or surpass a person or achievement, typically by imitation\t모방하다, 본받다
00067	1970-01-01 00:00:00	0000	0000	engender	/ɪnˈdʒendər/\tto cause or give rise to a feeling, situation, or condition\t낳다, 일으키다
00068	1970-01-01 00:00:00	0000	0000	ephemeral	/ɪˈfemərəl/\tlasting for a very short time\t수명이 짧은, 덧없는
00069	1970-01-01 00:00:00	0000	0000	equivocal	/ɪˈkwɪvəkl/\topen to more than one interpretation; ambiguous\t모호한, 다의적인
00070	1970-01-01 00:00:00	0000	0000	erudite	/ˈerudaɪt/\thaving or showing great knowledge or learning\t박식한, 학식 있는
00071	1970-01-01 00:00:00	0000	0000	esoteric	/ˌesəˈterɪk/\tintended for or likely to be understood by only a small number of people\t난해한, 비전의
00072	1970-01-01 00:00:00	0000	0000	exacerbate	/ɪɡˈzæsərbeɪt/\tto make a problem, situation, or feeling worse\t악화시키다
00073	1970-01-01 00:00:00	0000	0000	exculpate	/ˈekskʌlpeɪt/\tto show or declare that someone is not guilty of wrongdoing\t무죄를 입증하다
00074	1970-01-01 00:00:00	0000	0000	exemplary	/ɪɡˈzempləri/\tserving as a desirable model; representing the best of its kind\t모범적인, 전형적인
00075	1970-01-01 00:00:00	0000	0000	fastidious	/fæˈstɪdiəs/\tvery attentive to and concerned about accuracy and detail\t깐깐한, 세심한
00076	1970-01-01 00:00:00	0000	0000	foster	/ˈfɔːstər/\tto encourage or promote the development of something\t조성하다, 육성하다
00077	1970-01-01 00:00:00	0000	0000	frugal	/ˈfruːɡl/\tsparing or economical with regard to money or food\t검소한, 절약하는
00078	1970-01-01 00:00:00	0000	0000	gregarious	/ɡrɪˈɡeəriəs/\tfond of company; sociable\t사교적인, 남과 잘 어울리는
00079	1970-01-01 00:00:00	0000	0000	hackneyed	/ˈhæknid/\tlacking significance through having been overused; unoriginal\t진부한, 진부하게 사용된
00080	1970-01-01 00:00:00	0000	0000	hinder	/ˈhɪndər/\tto create difficulties for someone or something, resulting in delay\t방해하다, 저해하다
00081	1970-01-01 00:00:00	0000	0000	impetuous	/ɪmˈpetʃuəs/\tacting or done quickly and without thought or care\t성급한, 충동적인
00082	1970-01-01 00:00:00	0000	0000	implicit	/ɪmˈplɪsɪt/\timplied though not plainly expressed\t암시된, 내포된
00083	1970-01-01 00:00:00	0000	0000	inadvertent	/ˌɪnədˈvɜːrtənt/\tnot resulting from or achieved through deliberate planning\t우연한, 의도하지 않은
00084	1970-01-01 00:00:00	0000	0000	indifferent	/ɪnˈdɪfrənt/\thaving no particular interest or sympathy; unconcerned\t무관심한
00085	1970-01-01 00:00:00	0000	0000	ineffable	/ɪnˈefəbl/\ttoo great or extreme to be expressed or described in words\t말로 표현할 수 없는
00086	1970-01-01 00:00:00	0000	0000	ingenuous	/ɪnˈdʒenjuəs/\tinnocent and unsuspecting; naive\t순진한, 천진난만한
00087	1970-01-01 00:00:00	0000	0000	innocuous	/ɪˈnɑːkjuəs/\tnot harmful or offensive\t해롭지 않은, 무해한
00088	1970-01-01 00:00:00	0000	0000	insipid	/ɪnˈsɪpɪd/\tlacking flavor, vigor, or interest\t맛이 없는, 재미없는
00089	1970-01-01 00:00:00	0000	0000	inveterate	/ɪnˈvetərət/\thaving a particular habit, activity, or interest that is long-established\t상습적인, 뿌리깊은
00090	1970-01-01 00:00:00	0000	0000	laconic	/ləˈkɑːnɪk/\tusing very few words\t과묵한, 간결한
00091	1970-01-01 00:00:00	0000	0000	lucid	/ˈluːsɪd/\texpressed clearly; easy to understand\t명쾌한, 명확한
00092	1970-01-01 00:00:00	0000	0000	mitigate	/ˈmɪtɪɡeɪt/\tto make less severe, serious, or painful\t완화시키다, 경감하다
00093	1970-01-01 00:00:00	0000	0000	obstinate	/ˈɑːbstɪnət/\tstubbornly refusing to change one's opinion or chosen course of action\t고집 센, 완고한
00094	1970-01-01 00:00:00	0000	0000	pragmatic	/præɡˈmætɪk/\tdealing with things sensibly and realistically\t실용적인, 실제적인
00095	1970-01-01 00:00:00	0000	0000	redundant	/rɪˈdʌndənt/\tnot or no longer needed or useful; superfluous\t불필요한, 중복되는
00096	1970-01-01 00:00:00	0000	0000	scrupulous	/ˈskruːpjələs/\tdiligent, thorough, and extremely attentive to details\t양심적인, 세심한
00097	1970-01-01 00:00:00	0000	0000	tacit	/ˈtæsɪt/\tunderstood or implied without being stated\t암묵적인, 무언의
00098	1970-01-01 00:00:00	0000	0000	tenacious	/təˈneɪʃəs/\tholding tightly onto something; persistent\t집요한, 완강한
00099	1970-01-01 00:00:00	0000	0000	zealous	/ˈzeləs/\thaving or showing zeal; passionate\t열성적인, 열렬한
00100	1970-01-01 00:00:00	0000	0000	aberrant	/æˈberənt/\tdeparting from an accepted standard or normal behavior\t정도를 벗어난, 일탈적인
00101	1970-01-01 00:00:00	0000	0000	abeyance	/əˈbeɪəns/\ta state of temporary disuse or suspension\t일시적 정지, 중지
00102	1970-01-01 00:00:00	0000	0000	abscond	/æbˈskɑːnd/\tto leave hurriedly and secretly to avoid detection\t도망치다, 자취를 감추다
00103	1970-01-01 00:00:00	0000	0000	abstemious	/æbˈstiːmiəs/\tnot self-indulgent, especially when eating and drinking\t절제하는, 자제하는
00104	1970-01-01 00:00:00	0000	0000	admonish	/ədˈmɑːnɪʃ/\tto warn or reprimand someone firmly\t훈계하다, 권고하다
00105	1970-01-01 00:00:00	0000	0000	adulterate	/əˈdʌltəreɪt/\tto render something poorer in quality by adding another substance\t불순물을 섞다, 저하시키다
00106	1970-01-01 00:00:00	0000	0000	aesthetic	/esˈθetɪk/\tconcerned with beauty or the appreciation of beauty\t미적인, 심미적인
00107	1970-01-01 00:00:00	0000	0000	aggrandize	/əˈɡrændaɪz/\tto increase the power, status, or wealth of someone or something\t크게 만들다, 강화하다
00108	1970-01-01 00:00:00	0000	0000	alacrity	/əˈlækrəti/\tbrisk and eager readiness\t민첩함, 활기
00109	1970-01-01 00:00:00	0000	0000	amalgamate	/əˈmælɡəmeɪt/\tto combine or unite to form one organization or structure\t합병하다, 하나로 합치다
00110	1970-01-01 00:00:00	0000	0000	ambience	/ˈæmbiəns/\tthe character and atmosphere of a place\t분위기, 환경
00111	1970-01-01 00:00:00	0000	0000	anachronistic	/əˌnækrəˈnɪstɪk/\tbelonging or appropriate to a period other than that in which it exists\t시대착오적인
00112	1970-01-01 00:00:00	0000	0000	analgesic	/ˌænəlˈdʒiːzɪk/\ta drug acting to relieve pain\t진통제
00113	1970-01-01 00:00:00	0000	0000	anomalous	/əˈnɑːmələs/\tdeviating from what is standard, normal, or expected\t변칙적인, 이례적인
00114	1970-01-01 00:00:00	0000	0000	antipathy	/ænˈtɪpəθi/\ta deep-seated feeling of dislike\t반감, 혐오
00115	1970-01-01 00:00:00	0000	0000	apprise	/əˈpraɪz/\tto inform or tell someone about something\t알리다, 통지하다
00116	1970-01-01 00:00:00	0000	0000	approbation	/ˌæprəˈbeɪʃn/\tapproval or praise\t승인, 찬사
00117	1970-01-01 00:00:00	0000	0000	appropriate	/əˈproʊprieɪt/\tto take something for one's own use, typically without permission\t착복하다, 도용하다
00118	1970-01-01 00:00:00	0000	0000	ardor	/ˈɑːrdər/\tenthusiasm or passion\t열정, 열의
00119	1970-01-01 00:00:00	0000	0000	artless	/ˈɑːrtləs/\twithout guile or deception; simple and sincere\t꾸밈없는, 솔직한
00120	1970-01-01 00:00:00	0000	0000	ascetic	/əˈsetɪk/\tcharacterized by severe self-discipline and abstention from indulgence\t금욕적인
00121	1970-01-01 00:00:00	0000	0000	assiduous	/əˈsɪdʒuəs/\tshowing great care and perseverance\t근면한, 끈기 있는
00122	1970-01-01 00:00:00	0000	0000	attenuate	/əˈtenjueɪt/\tto reduce the force, effect, or value of something\t약화시키다, 가늘게 하다
00123	1970-01-01 00:00:00	0000	0000	audacity	/ɔːˈdæsəti/\ta willingness to take bold risks, or rude, disrespectful behavior\t대담함, 뻔뻔함
00124	1970-01-01 00:00:00	0000	0000	autonomous	/ɔːˈtɑːnəməs/\thaving the freedom to govern itself or control its own affairs\t자율적인, 독립적인
00125	1970-01-01 00:00:00	0000	0000	banal	/bəˈnɑːl/\tso lacking in originality as to be obvious and boring\t진부한, 평범한
00126	1970-01-01 00:00:00	0000	0000	belie	/bɪˈlaɪ/\tto fail to give a true notion or impression of something; contradict\t착각하게 만들다, 거짓임을 나타내다
00127	1970-01-01 00:00:00	0000	0000	benign	/bɪˈnaɪn/\tgentle and kindly; not harmful to health\t상냥한, 유순한, 양성의
00128	1970-01-01 00:00:00	0000	0000	boisterous	/ˈbɔɪstərəs/\tnoisy, energetic, and rowdy\t시끄러운, 떠들썩한
00129	1970-01-01 00:00:00	0000	0000	bombastic	/bɑːmˈbæstɪk/\thigh-sounding but with little meaning; inflated\t과장된, 허풍 떠는
00130	1970-01-01 00:00:00	0000	0000	burgeon	/ˈbɜːrdʒən/\tto begin to grow or increase rapidly; flourish\t급성장하다, 번창하다
00131	1970-01-01 00:00:00	0000	0000	capriciousness	/kəˈprɪʃəsnəs/\tthe quality of being unpredictable or prone to sudden changes\t변덕
00132	1970-01-01 00:00:00	0000	0000	castigation	/ˌkæstɪˈɡeɪʃn/\tsevere criticism or punishment\t혹평, 크게 책망함
00133	1970-01-01 00:00:00	0000	0000	catalyst	/ˈkætəlɪst/\ta person or thing that precipitates an event or change\t촉매, 계기
00134	1970-01-01 00:00:00	0000	0000	caustic	/ˈkɔːstɪk/\tsarcastic in a scathing and bitter way\t신랄한, 비꼬는
00135	1970-01-01 00:00:00	0000	0000	chicanery	/ʃɪˈkeɪnəri/\tthe use of trickery to achieve a political, financial, or legal purpose\t속임수, 책수
00136	1970-01-01 00:00:00	0000	0000	coalesce	/ˌkoʊəˈles/\tto come together to form one mass or whole\t합치다, 하나로 모이다
00137	1970-01-01 00:00:00	0000	0000	cogency	/ˈkoʊdʒənsi/\tthe quality of being clear, logical, and convincing\t설득력, 타당성
00138	1970-01-01 00:00:00	0000	0000	compendium	/kəmˈpendiəm/\ta collection of concise but detailed information about a particular subject\t요약, 개요
00139	1970-01-01 00:00:00	0000	0000	complaisant	/kəmˈpleɪsnt/\twilling to please others; obliging or agreeable\t공손한, 남의 뜻을 잘 따르는
00140	1970-01-01 00:00:00	0000	0000	conundrum	/kəˈnʌndrəm/\ta confusing and difficult problem or question\t난제, 수수께끼
00141	1970-01-01 00:00:00	0000	0000	converge	/kənˈvɜːrdʒ/\tto come together from different directions so as to eventually meet\t모여들다, 집중되다
00142	1970-01-01 00:00:00	0000	0000	devoid	/dɪˈvɔɪd/\tentirely lacking or free from something\t~이 전혀 없는
00143	1970-01-01 00:00:00	0000	0000	diatribe	/ˈdaɪətraɪb/\ta forceful and bitter verbal attack against someone or something\t통렬한 비판, 일침
00144	1970-01-01 00:00:00	0000	0000	diffidence	/ˈdɪfɪdəns/\tmodesty or shyness resulting from a lack of self-confidence\t소심함, 자신감 부족
00145	1970-01-01 00:00:00	0000	0000	dilatory	/ˈdɪlətɔːri/\tslow to act, or intended to cause delay\t지연시키는, 늑장 부리는
00146	1970-01-01 00:00:00	0000	0000	dilettante	/ˌdɪləˈtɑːnti/\ta person who engages in an activity without serious intention or knowledge\t아마추어 예술가, 애호가
00147	1970-01-01 00:00:00	0000	0000	dirge	/dɜːrdʒ/\ta lament for the dead, especially one forming part of a funeral rite\t애가, 비가
00148	1970-01-01 00:00:00	0000	0000	disabuse	/ˌdɪsəˈbjuːz/\tto persuade someone that his or her belief is mistaken\t오해를 풀어주다, 바로잡아주다
00149	1970-01-01 00:00:00	0000	0000	discomfit	/dɪsˈkʌmfɪt/\tto make someone feel uneasy or embarrassed\t혼란스럽게 하다, 당황하게 하다
00150	1970-01-01 00:00:00	0000	0000	dissemble	/dɪˈsembl/\tto disguise or conceal one's real feelings or beliefs\t감추다, 위장하다
00151	1970-01-01 00:00:00	0000	0000	dissolution	/ˌdɪsəˈluːʃn/\tthe closing or dismissal of an assembly, partnership, or official body\t해산, 소멸, 해체
00152	1970-01-01 00:00:00	0000	0000	dissonance	/ˈdɪsənəns/\ta lack of agreement or harmony between people or things\t불협화음, 부조화
00153	1970-01-01 00:00:00	0000	0000	divest	/daɪˈvest/\tto deprive or dispossess someone of something\t박탈하다, 털어내다
00154	1970-01-01 00:00:00	0000	0000	ebullient	/ɪˈbʊliənt/\tcheerful and full of energy\t패기 만만한, 사기충천한
00155	1970-01-01 00:00:00	0000	0000	effrontery	/ɪˈfrʌntəri/\tinsolent or impertinent behavior\t뻔뻔스러움, 몰염치
00156	1970-01-01 00:00:00	0000	0000	elegy	/ˈelədʒi/\ta poem of serious reflection, typically a lament for the dead\t애가, 비가
00157	1970-01-01 00:00:00	0000	0000	enervate	/ˈenərveɪt/\tto cause someone to feel drained of energy or vitality\t기력을 빼앗다, 약화시키다
00158	1970-01-01 00:00:00	0000	0000	equivocate	/ɪˈkwɪvəkeɪt/\tto use ambiguous language so as to conceal the truth or avoid committing oneself\t얼버무리다, 모호하게 말하다
00159	1970-01-01 00:00:00	0000	0000	erudition	/ˌeruˈdɪʃn/\tthe quality of having or showing great knowledge or learning\t박식, 학식
00160	1970-01-01 00:00:00	0000	0000	eulogy	/ˈjuːlədʒi/\ta speech or piece of writing that praises someone or something highly\t찬사, 칭송
00161	1970-01-01 00:00:00	0000	0000	exacerbation	/ɪɡˌzæsərˈbeɪʃn/\tthe process of making a problem or situation worse\t악화, 격분
00162	1970-01-01 00:00:00	0000	0000	exigent	/ˈeksɪdʒənt/\tpressing; demanding immediate action or attention\t절박한, 긴급한
00163	1970-01-01 00:00:00	0000	0000	extemporaneous	/ɪkˌstempəˈreɪniəs/\tspoken or done without preparation\t즉흥적인, 준비 없이 하는
00164	1970-01-01 00:00:00	0000	0000	facetious	/fəˈsiːʃəs/\ttreating serious issues with deliberately inappropriate humor\t익살스러운, 경박한
00165	1970-01-01 00:00:00	0000	0000	fallacious	/fəˈleɪʃəs/\tbased on a mistaken belief or unsound reasoning\t잘못된, 현혹시키는
00166	1970-01-01 00:00:00	0000	0000	fatuous	/ˈfætʃuəs/\tsilly and pointless\t어리석은, 얼빠진
00167	1970-01-01 00:00:00	0000	0000	fawning	/ˈfɔːnɪŋ/\tdisplaying exaggerated flattery or affection\t아부하는, 알랑거리는
00168	1970-01-01 00:00:00	0000	0000	felicitous	/fəˈlɪsɪtəs/\twell chosen or suited to the circumstances; pleasing\t아주 적절한, 경사스러운
00169	1970-01-01 00:00:00	0000	0000	fervid	/ˈfɜːrvɪd/\tintensely enthusiastic or passionate\t열렬한, 뜨거운
00170	1970-01-01 00:00:00	0000	0000	fledgling	/ˈfledʒlɪŋ/\ta person or organization that is immature, inexperienced, or underdeveloped\t풋내기, 초보자
00171	1970-01-01 00:00:00	0000	0000	garrulous	/ˈɡærələs/\texcessively talkative, especially on trivial matters\t수다스러운, 장황한
00172	1970-01-01 00:00:00	0000	0000	goad	/ɡoʊd/\tto provoke or annoy someone so as to stimulate some action or reaction\t자극하다, 선동하다
00173	1970-01-01 00:00:00	0000	0000	harangue	/həˈræŋ/\ta lengthy and aggressive speech\t장광설, 비난의 연설
00174	1970-01-01 00:00:00	0000	0000	hyperbole	/haɪˈpɜːrbəli/\texaggerated statements or claims not meant to be taken literally\t과장법, 과장
00175	1970-01-01 00:00:00	0000	0000	iconoclast	/aɪˈkɑːnəklæst/\ta person who attacks cherished beliefs or traditional institutions\t우상 파괴자, 인습 타파주의자
00176	1970-01-01 00:00:00	0000	0000	idiosyncrasy	/ˌɪdiəˈsɪŋkrəsi/\ta mode of behavior or way of thought peculiar to an individual\t특이한 성격, 별난 점
00177	1970-01-01 00:00:00	0000	0000	immutable	/ɪˈmjuːtəbl/\tunchanging over time or unable to be changed\t불변의, 변경할 수 없는
00178	1970-01-01 00:00:00	0000	0000	impair	/ɪmˈper/\tto weaken or damage something, especially a human faculty or function\t손상시키다, 약화시키다
00179	1970-01-01 00:00:00	0000	0000	impassing	/ɪmˈpæsɪŋ/\tnot showing or feeling emotion; impassive\t감정을 드러내지 않는
00180	1970-01-01 00:00:00	0000	0000	impecunious	/ˌɪmpɪˈkjuːniəs/\thaving little or no money\t돈이 없는, 무일푼의
00181	1970-01-01 00:00:00	0000	0000	impervious	/ɪmˈpɜːrviəs/\tnot allowing fluid to pass through; unable to be affected by\t통과시키지 않는, 영향받지 않는
00182	1970-01-01 00:00:00	0000	0000	implacable	/ɪmˈplækəbl/\tunable to be placated or appeased\t달랠 수 없는, 완강한
00183	1970-01-01 00:00:00	0000	0000	inchoate	/ɪnˈkoʊət/\tjust begun and so not fully formed or developed\t시작 단계의, 미완성의
00184	1970-01-01 00:00:00	0000	0000	indolent	/ˈɪndələnt/\twanting to avoid activity or exertion; lazy\t게으른, 나태한
00185	1970-01-01 00:00:00	0000	0000	inept	/ɪˈnept/\thaving or showing no skill; clumsy\t서투른, 서툰
00186	1970-01-01 00:00:00	0000	0000	inert	/ɪˈnɜːrt/\tlacking the ability or strength to move; inactive\t비활성의, 기력이 없는
00187	1970-01-01 00:00:00	0000	0000	inherent	/ɪnˈhɪrənt/\texisting in something as a permanent, essential, or characteristic attribute\t내재하는, 고유의
00188	1970-01-01 00:00:00	0000	0000	inscrutable	/ɪnˈskruːtəbl/\timpossible to understand or interpret\t해득할 수 없는, 오묘한
00189	1970-01-01 00:00:00	0000	0000	intransigent	/ɪnˈtrænsɪdʒənt/\tuncompromising; refusing to agree or change one's views\t비협조적인, 완고한
00190	1970-01-01 00:00:00	0000	0000	inundate	/ˈɪnʌndeɪt/\tto overwhelm someone with things or people to be dealt with; flood\t감당 못할 만큼 주다, 침수시키다
00191	1970-01-01 00:00:00	0000	0000	irascible	/ɪˈræsəbl/\thaving or showing a tendency to be easily angered\t화에 민감한, 성미가 급한
00192	1970-01-01 00:00:00	0000	0000	loquacious	/loʊˈkweɪʃəs/\ttending to talk a great deal; talkative\t수다스러운, 말 많은
00193	1970-01-01 00:00:00	0000	0000	luminous	/ˈluːmɪnəs/\tfull of or shedding light; bright or shining\t빛나는, 선명한
00194	1970-01-01 00:00:00	0000	0000	magnanimous	/mæɡˈnænɪməs/\tgenerous or forgiving, especially toward a rival or less powerful person\t도량이 넓은, 관대한
00195	1970-01-01 00:00:00	0000	0000	malleable	/ˈmæliəbl/\table to be hammered or pressed permanently out of shape without breaking or cracking\t유연한, 영향을 받기 쉬운
00196	1970-01-01 00:00:00	0000	0000	maverick	/ˈmævərɪk/\tan unorthodox or independent-minded person\t독불장군, 개성이 강한 사람
00197	1970-01-01 00:00:00	0000	0000	mendacious	/menˈdeɪʃəs/\tnot telling the truth; lying\t거짓말하는, 허위의
00198	1970-01-01 00:00:00	0000	0000	mercurial	/mərˈkjʊriəl/\tsubject to sudden or unpredictable changes of mood or mind\t변덕스러운
00199	1970-01-01 00:00:00	0000	0000	meticulous	/məˈtɪkjələs/\tshowing great attention to detail; very careful and precise\t꼼꼼한, 세심한
00200	1970-01-01 00:00:00	0000	0000	mollify	/ˈmɑːlɪfaɪ/\tto appease the anger or anxiety of someone\t달래다, 진정시키다
00201	1970-01-01 00:00:00	0000	0000	monotonous	/məˈnɑːtənəs/\tdull, tedious, and repetitious; lacking in variety and interest\t단조로운, 지루한
00202	1970-01-01 00:00:00	0000	0000	mundane	/mʌnˈdeɪn/\tlacking interest or excitement; dull; earthly\t일상적인, 재미없는, 세속적인
00203	1970-01-01 00:00:00	0000	0000	nefarious	/nɪˈfeəriəs/\twicked or criminal\t사악한, 범죄적인
00204	1970-01-01 00:00:00	0000	0000	neophyte	/ˈniːəfaɪt/\ta person who is new to a subject, skill, or activity\t신송, 초보자
00205	1970-01-01 00:00:00	0000	0000	obdurate	/ˈɑːbdərət/\tstubbornly refusing to change one's opinion or course of action\t고집 세고 완고한
00206	1970-01-01 00:00:00	0000	0000	obfuscate	/ˈɑːbfəskeɪt/\tto render obscure, unclear, or unintelligible\t애매하게 만들다, 혼란스럽게 하다
00207	1970-01-01 00:00:00	0000	0000	obsequious	/əbˈsiːkwiəs/\tobedient or attentive to an excessive or servile degree\t아첨하는, 알랑거리는
00208	1970-01-01 00:00:00	0000	0000	obviate	/ˈɑːbvieɪt/\tto remove a need or difficulty; prevent\t미연에 방지하다, 제거하다
00209	1970-01-01 00:00:00	0000	0000	officious	/əˈfɪʃəs/\tassertive of authority in an annoyingly domineering way\t참견하기 좋아하는, 주제넘게 구는
00210	1970-01-01 00:00:00	0000	0000	onerous	/ˈɑːnərəs/\tinvolving an amount of effort and difficulty that is oppressively burdensome\t아주 힘든, 부담스러운
00211	1970-01-01 00:00:00	0000	0000	opaque	/oʊˈpeɪk/\tnot able to be seen through; not transparent\t불투명한, 이해하기 힘든
00212	1970-01-01 00:00:00	0000	0000	ostentatious	/ˌɑːstenˈteɪʃəs/\tcharacterized by vulgar or pretentious display; designed to impress or attract notice\t과시하는, 허세 부리는
00213	1970-01-01 00:00:00	0000	0000	parsimonious	/ˌpɑːrsɪˈmoʊniəs/\tunwilling to spend money or use resources; stingy or frugal\t인색한, 구두쇠의
00214	1970-01-01 00:00:00	0000	0000	paucity	/ˈpɔːsəti/\tthe presence of something only in small or insufficient quantities or amounts\t소량, 결핍
00215	1970-01-01 00:00:00	0000	0000	pedantic	/pəˈdæntɪk/\texcessively concerned with minor details or rules\t현학적인, 아는 체하는
00216	1970-01-01 00:00:00	0000	0000	penury	/ˈpenjəri/\textreme poverty; destitution\t극빈, 가난
00217	1970-01-01 00:00:00	0000	0000	perfunctory	/pərˈfʌŋktəri/\tcarried out with a minimum of effort or reflection\t형식적인, 건성으로 하는
00218	1970-01-01 00:00:00	0000	0000	perfidious	/pərˈfɪdiəs/\tdeceitful and untrustworthy\t배신하는, 신의 없는
00219	1970-01-01 00:00:00	0000	0000	permeate	/ˈpɜːrmieɪt/\tto spread throughout something; pervade\t스며들다, 삼투하다
00220	1970-01-01 00:00:00	0000	0000	perspicacious	/ˌpɜːrspɪˈkeɪʃəs/\thaving a ready insight into and understanding of things\t명찰력 있는, 총명한
00221	1970-01-01 00:00:00	0000	0000	pervasive	/pərˈveɪsɪv/\tspreading widely throughout an area or a group of people\t널리 퍼지는, 만연한
00222	1970-01-01 00:00:00	0000	0000	phlegmatic	/fleɡˈmætɪk/\thaving an unemotional and stolidly calm disposition\t침착한, 냉정한
00223	1970-01-01 00:00:00	0000	0000	placate	/ˈpleɪkeɪt/\tto make someone less angry or hostile\t달래다, 달래어 진정시키다
00224	1970-01-01 00:00:00	0000	0000	plasticity	/plæˈstɪsəti/\tthe adaptability of an organism to changes in its environment or the ability to be molded\t가소성, 변형 가능성
00225	1970-01-01 00:00:00	0000	0000	platitude	/ˈplætɪtuːd/\ta remark or statement that has been used too often to be interesting or thoughtful\t상투적인 말, 진부한 한마디
00226	1970-01-01 00:00:00	0000	0000	plethora	/ˈpleθərə/\ta large or excessive amount of something\t과다, 과잉
00227	1970-01-01 00:00:00	0000	0000	precipitate	/prɪˈsɪpɪteɪt/\tto cause an event or situation, typically one that is bad or undesirable, to happen suddenly or unexpectedly\t느닷없이 일으키다, 촉발하다
00228	1970-01-01 00:00:00	0000	0000	precocious	/prɪˈkoʊʃəs/\thaving developed certain abilities or proclivities at an earlier age than usual\t조숙한, 아이 같지 않은
00229	1970-01-01 00:00:00	0000	0000	precursor	/priːˈkɜːrsər/\ta person or thing that comes before another of the same kind; a forerunner\t선구자, 전조
00230	1970-01-01 00:00:00	0000	0000	predilection	/ˌpredlˈekʃn/\ta preference or special liking for something; a bias in favor of something\t편애, 선호
00231	1970-01-01 00:00:00	0000	0000	prescience	/ˈpreʃəns/\tthe fact of knowing something before it takes place; foreknowledge\t예지, 선견지명
00232	1970-01-01 00:00:00	0000	0000	presumptuous	/prɪˈzʌmptʃuəs/\tfailing to observe the limits of what is appropriate or permitted\t주제넘은, 건방진
00233	1970-01-01 00:00:00	0000	0000	prevaricate	/prɪˈværɪkeɪt/\tto speak or act in an evasive way\t얼버무리다, 둘러대다
00234	1970-01-01 00:00:00	0000	0000	prodigal	/ˈprɑːdɪɡl/\tspending money or resources freely and recklessly; wastefully extravagant\t낭비하는, 방탕한
00235	1970-01-01 00:00:00	0000	0000	profound	/prəˈfaʊnd/\tvery great or intense; having or showing great knowledge or insight\t심오한, 깊은
00236	1970-01-01 00:00:00	0000	0000	profligate	/ˈprɑːflɪɡət/\trecklessly extravagant or wasteful in the use of resources\t낭비하는, 탕진하는
00237	1970-01-01 00:00:00	0000	0000	proliferate	/prəˈlɪfəreɪt/\tto increase rapidly in numbers; multiply\t급증하다, 확산되다
00238	1970-01-01 00:00:00	0000	0000	propensity	/prəˈpensəti/\tan inclination or natural tendency to behave in a particular way\t경향, 성향
00239	1970-01-01 00:00:00	0000	0000	propitiate	/prəˈpɪʃieɪt/\tto win or regain the favor of a god, spirit, or person by doing something that pleases them\t달래다, 화해시키다
00240	1970-01-01 00:00:00	0000	0000	prosaic	/prəˈzeɪɪk/\thaving the style or diction prose; lacking poetic beauty; commonplace or uninspired\t평범한, 따분한
00241	1970-01-01 00:00:00	0000	0000	quiescent	/kwiˈesnt/\tin a state or period of inactivity or dormancy\t조용한, 정지한
00242	1970-01-01 00:00:00	0000	0000	rarefied	/ˈreriːfaɪd/\tdistant from the lives and concerns of ordinary people; esoteric\t매우 높고 고귀한, 희박한
00243	1970-01-01 00:00:00	0000	0000	recalcitrant	/rɪˈkælsɪtrənt/\thaving an obstinately uncooperative attitude toward authority or discipline\t저항하는, 반항하는
00244	1970-01-01 00:00:00	0000	0000	recant	/rɪˈkænt/\tto say that one no longer holds an opinion or belief\t철회하다, 취소하다
00245	1970-01-01 00:00:00	0000	0000	recondite	/ˈrekəndaɪt/\tlittle known; abstruse or obscure\t난해한, 숨겨진
00246	1970-01-01 00:00:00	0000	0000	refractory	/rɪˈfræktəri/\tstubborn or unmanageable; resistant to a process or treatment\t다루기 힘든, 완강한
00247	1970-01-01 00:00:00	0000	0000	refute	/rɪˈfjuːt/\tto prove a statement or theory to be wrong or false\t반박하다, 부인하다
00248	1970-01-01 00:00:00	0000	0000	relegate	/ˈrelɪɡeɪt/\tto dismiss to an inferior rank or position\t격하하다, 강등시키다
00249	1970-01-01 00:00:00	0000	0000	reproach	/rɪˈproʊtʃ/\tto express disapproval or disappointment\t비난하다, 책망하다
00250	1970-01-01 00:00:00	0000	0000	reprobate	/ˈreprəbeɪt/\tan unprincipled person\t타락한 사람, 무뢰한
00251	1970-01-01 00:00:00	0000	0000	repudiate	/rɪˈpjuːdieɪt/\tto refuse to accept or be associated with; deny the truth or validity of\t거부하다, 부인하다
00252	1970-01-01 00:00:00	0000	0000	rescind	/rɪˈsɪnd/\tto revoke, cancel, or repeal a law, order, or agreement\t철회하다, 취소하다
00253	1970-01-01 00:00:00	0000	0000	reticent	/ˈretɪsnt/\tnot revealing one's thoughts or feelings readily\t과묵한, 말을 아끼는
00254	1970-01-01 00:00:00	0000	0000	revere	/rɪˈvɪr/\tto feel deep respect or admiration for\t숭배하다, 존경하다
00255	1970-01-01 00:00:00	0000	0000	salubrious	/səˈluːbriəs/\thealth-giving; healthy\t건강에 좋은, 유익한
00256	1970-01-01 00:00:00	0000	0000	sanction	/ˈsæŋkʃn/\ta threatened penalty for disobeying a law or rule; official permission\t제재, 승인하다
00257	1970-01-01 00:00:00	0000	0000	satiate	/ˈseɪʃieɪt/\tto satisfy a desire or appetite to the full\t충족시키다, 물리게 하다
00258	1970-01-01 00:00:00	0000	0000	soporific	/ˌsɑːpəˈrɪfɪk/\ttending to induce drowsiness or sleep\t조리게 하는, 최면의
00259	1970-01-01 00:00:00	0000	0000	specious	/ˈspiːʃəs/\tsuperficially plausible, but actually wrong\t겉만 그럴듯한, 허울 좋은
00260	1970-01-01 00:00:00	0000	0000	spectrum	/ˈspektrəm/\ta band of colors, or a used to classify something in terms of its position on a scale\t범위, 영역, 스펙트럼
00261	1970-01-01 00:00:00	0000	0000	sporadic	/spəˈrædɪk/\toccurring at irregular intervals or only in a few places; scattered or isolated\t산발적인, 때때로 일어나는
00262	1970-01-01 00:00:00	0000	0000	spurious	/ˈspjʊriəs/\tnot being what it purports to be; false or fake\t가짜의, 위조된
00263	1970-01-01 00:00:00	0000	0000	stolid	/ˈstɑːlɪd/\tcalm, dependable, and showing little emotion or animation\t둔감한, 무신경한
00264	1970-01-01 00:00:00	0000	0000	subpoena	/səˈpiːnə/\ta writ ordering a person to attend a court\t소환장, 법정 소환
00265	1970-01-01 00:00:00	0000	0000	subside	/səbˈsaɪd/\tto become less intense, violent, or severe\t가라앉다, 진정되다
00266	1970-01-01 00:00:00	0000	0000	subsume	/səbˈsuːm/\tto include or absorb something in something else\t포함하다, 포섭하다
00267	1970-01-01 00:00:00	0000	0000	substantiate	/səbˈstænʃieɪt/\tto provide evidence to support or prove the truth of\t입증하다, 실증하다
00268	1970-01-01 00:00:00	0000	0000	supersede	/ˌsuːpərˈsiːd/\tto take the place of a person or thing previously in authority or use\t대체하다, 대신하다
00269	1970-01-01 00:00:00	0000	0000	supplant	/səˈplænt/\tto supersede and replace\t대신하다, 찬탈하다
00270	1970-01-01 00:00:00	0000	0000	surfeit	/ˈsɜːrfɪt/\tan excessive amount of something\t과다, 과식
00271	1970-01-01 00:00:00	0000	0000	taciturn	/ˈtæsɪtɜːrn/\treserved or uncommunicative in speech; saying little\t말수가 적은, 과묵한
00272	1970-01-01 00:00:00	0000	0000	tangential	/tænˈdʒenʃl/\tdiverging from a previous course or line; erratic\t옆길로 새는, 관계가 적은
00273	1970-01-01 00:00:00	0000	0000	tenuous	/ˈtenjuəs/\tvery weak or slight; insubstantial\t미약한, 보잘것없는
00274	1970-01-01 00:00:00	0000	0000	tirade	/ˈtaɪreɪd/\ta long, angry speech of criticism or accusation\t장광설, 신랄한 공격 연설
00275	1970-01-01 00:00:00	0000	0000	torpor	/ˈtɔːrpər/\ta state of physical or mental inactivity; lethargy\t무기력, 무감각
00276	1970-01-01 00:00:00	0000	0000	tortuous	/ˈtɔːrtʃuəs/\tfull of twists and turns; excessively lengthy and complex\t길이 구불구불한, 복잡한
00277	1970-01-01 00:00:00	0000	0000	tractable	/ˈtræktəbl/\teasy to control or influence\t다루기 쉬운, 유순한
00278	1970-01-01 00:00:00	0000	0000	transgress	/trænzˈɡres/\tto infringe or go beyond the bounds of a moral principle or other established standard of behavior\t위반하다, 짓밟다
00279	1970-01-01 00:00:00	0000	0000	transitory	/ˈtrænsətɔːri/\tnot permanent; temporary\t일시적인, 순간적인
00280	1970-01-01 00:00:00	0000	0000	trepidation	/ˌtrepɪˈdeɪʃn/\ta feeling of fear or agitation about something that may happen\t공포, 두려움
00281	1970-01-01 00:00:00	0000	0000	truculent	/ˈtrʌkjələnt/\teager or quick to argue or fight; aggressively defiant\t반항적인, 공격적인
00282	1970-01-01 00:00:00	0000	0000	ubiquitous	/juːˈbɪkwɪtəs/\tpresent, appearing, or found everywhere\t어디에나 있는, 흔한
00283	1970-01-01 00:00:00	0000	0000	unfeigned	/ʌnˈfeɪnd/\tgenuine; sincere\t진실한, 위선 없는
00284	1970-01-01 00:00:00	0000	0000	untenable	/ʌnˈtenəbl/\tnot able to be maintained or defended against attack or objection\t방어할 수 없는, 지지할 수 없는
00285	1970-01-01 00:00:00	0000	0000	vacillate	/ˈvæsəleɪt/\tto alternate or waver between different opinions or actions; be indecisive\t흔들리다, 주저하다
00286	1970-01-01 00:00:00	0000	0000	venerate	/ˈvenəreɪt/\tto regard with great respect; revere\t존경하다, 숭배하다
00287	1970-01-01 00:00:00	0000	0000	veracious	/vəˈreɪʃəs/\tspeaking or representing the truth; truthful\t진실한, 정직한
00288	1970-01-01 00:00:00	0000	0000	verbose	/vɜːrˈboʊs/\tusing or expressed in more words than are needed\t수다스러운, 장황한
00289	1970-01-01 00:00:00	0000	0000	vex	/veks/\tto make someone feel annoyed, frustrated, or worried\t짜증나게 하다, 괴롭히다
00290	1970-01-01 00:00:00	0000	0000	viable	/ˈvaɪəbl/\tcapable of working successfully; feasible\t실행 가능한, 실용적인
00291	1970-01-01 00:00:00	0000	0000	vilify	/ˈvɪlɪfaɪ/\tto speak or write about in an abusively disparaging manner\t비난하다, 비방하다
00292	1970-01-01 00:00:00	0000	0000	vindicate	/ˈvɪndɪkeɪt/\tto clear someone of blame or suspicion\t무죄를 입증하다, 정당성을 밝히다
00293	1970-01-01 00:00:00	0000	0000	viscous	/ˈvɪskəs/\thaving a thick, sticky consistency between solid and liquid\t끈적거리는, 점성의
00294	1970-01-01 00:00:00	0000	0000	vituperate	/vɪˈtuːpəreɪt/\tto blame or insult someone in strong or violent language\t호통치다, 욕설하다
00295	1970-01-01 00:00:00	0000	0000	volatile	/ˈvɑːlətl/\tliable to change rapidly and unpredictably, especially for the worse\t변덕스러운, 불안정한
00296	1970-01-01 00:00:00	0000	0000	voluble	/ˈvɑːljəbl/\tspeaking or spoken incessantly and fluently\t유창한, 말재주가 좋은
00297	1970-01-01 00:00:00	0000	0000	waver	/ˈweɪvər/\tto shake memory or become unsteady or unreliable; falter\t흔들리다, 주저하다
00298	1970-01-01 00:00:00	0000	0000	whimsical	/ˈwɪmzɪkl/\tplayfully quaint or fanciful, especially in an appealing and amusing way\t변덕스러운, 기발한
00299	1970-01-01 00:00:00	0000	0000	zealot	/ˈzelət/\ta person who is fanatical and uncompromising in pursuit of their religious, political, or other ideals\t열광자, 광신도
00300	1970-01-01 00:00:00	0000	0000	zenith	/ˈziːnɪθ/\tthe time at which something is most powerful or successful\t절정, 정점
00301	1970-01-01 00:00:00	0000	0000	absolution	/ˌæbsəˈluːʃn/\tformal release from guilt, obligation, or punishment\t면죄, 용서
00302	1970-01-01 00:00:00	0000	0000	abstruse	/æbˈstruːs/\tdifficult to understand; obscure\t난해한, 심오한
00303	1970-01-01 00:00:00	0000	0000	accolade	/ˈækəleɪd/\tan award or privilege granted as a special honor or as an acknowledgment of merit\t포상, 찬사
00304	1970-01-01 00:00:00	0000	0000	acquisitive	/əˈkwɪzətɪv/\texcessively interested in acquiring money or material things\t탐욕스러운, 소유욕이 강한
00305	1970-01-01 00:00:00	0000	0000	acrimonious	/ˌækrɪˈmoʊniəs/\ttypically of speech or a debate, angry and bitter\t신랄한, 폭언이 오가는
00306	1970-01-01 00:00:00	0000	0000	adulation	/ˌædʒəˈleɪʃn/\texcessive admiration or praise\t과도한 찬사, 아첨
00307	1970-01-01 00:00:00	0000	0000	affable	/ˈæfəbl/\tfriendly, good-natured, or easy to talk to\t붙임성 있는, 상냥한
00308	1970-01-01 00:00:00	0000	0000	affront	/əˈfrʌnt/\tan action or remark that causes outrage or offense\t모욕, 상처
00309	1970-01-01 00:00:00	0000	0000	agility	/əˈdʒɪləti/\tability to move quickly and easily or think rapidly\t민첩함, 명석함
00310	1970-01-01 00:00:00	0000	0000	allude	/əˈluːd/\tsuggest or call attention to indirectly; hint at\t암시하다, 언급하다
00311	1970-01-01 00:00:00	0000	0000	altruistic	/ˌæltruˈɪstɪk/\tshowing a disinterested and selfless concern for the well-being of others\t이타적인
00312	1970-01-01 00:00:00	0000	0000	altitude	/ˈæltɪtuːd/\tthe height of an object or point in relation to sea level or ground level\t고도, 높이
00313	1970-01-01 00:00:00	0000	0000	amalgam	/əˈmælɡəm/\ta mixture or blend of different elements\t혼합물, 결합
00314	1970-01-01 00:00:00	0000	0000	ambiguity	/ˌæmbɪˈɡjuːəti/\tthe quality of being open to more than one interpretation; inexactness\t모호함, 다의성
00315	1970-01-01 00:00:00	0000	0000	amelioration	/əˌmiːliəˈreɪʃn/\tthe act of making something better; improvement\t개선, 향상
00316	1970-01-01 00:00:00	0000	0000	amenable	/əˈmiːnəbl/\topen and responsive to suggestion; easily persuaded or controlled\t순종하는, 잘 따르는
00317	1970-01-01 00:00:00	0000	0000	animosity	/ˌænɪˈmɑːsəti/\tstrong hostility or active enmity\t반목, 적대감
00318	1970-01-01 00:00:00	0000	0000	annihilate	/əˈnaɪəleɪt/\tto destroy utterly; obliterate\t전멸시키다, 전소시키다
00319	1970-01-01 00:00:00	0000	0000	annul	/əˈnʌl/\tto declare invalid an official agreement, decision, or result\t무효로 하다, 취소하다
00320	1970-01-01 00:00:00	0000	0000	antecedent	/ˌæntɪˈsiːdnt/\ta thing or event that existed before or logically precedes another\t선행 사건, 조상
00321	1970-01-01 00:00:00	0000	0000	antediluvian	/ˌæntidɪˈluːviən/\tof or belonging to the time before the biblical Flood; ridiculously old-fashioned\t아주 오랜, 태고의
00322	1970-01-01 00:00:00	0000	0000	antiquated	/ˈæntɪkweɪtɪd/\told-fashioned or outdated\t구식의, 오래된
00323	1970-01-01 00:00:00	0000	0000	aphorism	/ˈæfərɪzm/\ta pithy observation that contains a general truth\t격언, 금언
00324	1970-01-01 00:00:00	0000	0000	apocalyptic	/əˌpɑːkəˈlɪptɪk/\tdescribing or prophesying the complete destruction of the world\t종말론적인, 대참사의
00325	1970-01-01 00:00:00	0000	0000	apocryphal	/əˈpɑːkrɪfl/\tof doubtful authenticity, although widely circulated as being true\t출처가 불분명한, 가짜의
00326	1970-01-01 00:00:00	0000	0000	apogee	/ˈæpədʒiː/\tthe highest point in the development of something; climax\t절정, 최고점
00327	1970-01-01 00:00:00	0000	0000	apostatize	/əˈpɑːstətaɪz/\tto renounce a religious or political belief or principle\t변절하다, 신앙을 버리다
00328	1970-01-01 00:00:00	0000	0000	appease	/əˈpiːz/\tto pacify or placate someone by acceding to their demands\t달래다, 유화하다
00329	1970-01-01 00:00:00	0000	0000	apprehension	/ˌæprɪˈhenʃn/\tanxiety or fear that something bad or unpleasant will happen\t우려, 불안
00330	1970-01-01 00:00:00	0000	0000	apropos	/ˌæprəˈpoʊ/\twith reference to; concerning; appropriate\t적절한, ~에 관하여
00331	1970-01-01 00:00:00	0000	0000	aptitude	/ˈæptɪtuːd/\ta natural ability to do something\t소질, 적성
00332	1970-01-01 00:00:00	0000	0000	archetype	/ˈɑːrkɪtaɪp/\ta very typical example of a certain person or thing; an original model\t전형, 원형
00333	1970-01-01 00:00:00	0000	0000	ardent	/ˈɑːrdnt/\tenthusiastic or passionate\t열렬한, 열정적인
00334	1970-01-01 00:00:00	0000	0000	arrogance	/ˈærəɡəns/\tan attitude of superiority manifested in an overbearing manner\t오만, 자만
00335	1970-01-01 00:00:00	0000	0000	artful	/ˈɑːrtfl/\tclever or skillful, typically in a crafty or deceitful way\t교묘한, 기교 있는
00336	1970-01-01 00:00:00	0000	0000	ascendance	/əˈsendəns/\toccupation of a position of dominant power or influence\t우세, 지배권
00337	1970-01-01 00:00:00	0000	0000	asperity	/æˈsperəti/\tharshness of tone or manner\t거칠음, 가혹함
00338	1970-01-01 00:00:00	0000	0000	aspersion	/əˈspɜːrʒn/\tan attack on the reputation or integrity of someone or something\t비난, 비방
00339	1970-01-01 00:00:00	0000	0000	assail	/əˈseɪl/\tto make a concerted or violent attack on\t공격하다, 퍼붓다
00340	1970-01-01 00:00:00	0000	0000	assent	/əˈsent/\tthe expression of approval or agreement\t동의, 승인
00341	1970-01-01 00:00:00	0000	0000	assertive	/əˈsɜːrtɪv/\thaving or showing a confident and forceful personality\t단정적인, 자기주장이 강한
00342	1970-01-01 00:00:00	0000	0000	astute	/əˈstuːt/\thaving or showing an ability to accurately assess situations\t영악한, 눈치가 빠른
00343	1970-01-01 00:00:00	0000	0000	atrophy	/ˈætrəfi/\tgradually decline in effectiveness or vigor due to underuse or neglect\t퇴화하다, 약화되다
00344	1970-01-01 00:00:00	0000	0000	attenuation	/əˌtenjuˈeɪʃn/\tthe reduction of the force, effect, or value of something\t약화, 경감
00345	1970-01-01 00:00:00	0000	0000	attrition	/əˈtrɪʃn/\tthe process of gradually reducing the strength or effectiveness of someone or something\t마모, 소모
00346	1970-01-01 00:00:00	0000	0000	atypical	/ˌeɪˈtɪpɪkl/\tnot representative of a type, group, or type; abnormal\t이례적인, 비전형적인
00347	1970-01-01 00:00:00	0000	0000	augment	/ɔːɡˈment/\tto make something greater by adding to it; increase\t증대시키다, 늘리다
00348	1970-01-01 00:00:00	0000	0000	auspicious	/ɔːˈspɪʃəs/\tconducive to success; favorable\t길조의, 상서로운
00349	1970-01-01 00:00:00	0000	0000	authentic	/ɔːˈθentɪk/\tof undisputed origin; genuine\t진정한, 진짜의
00350	1970-01-01 00:00:00	0000	0000	autocratic	/ˌɔːtəˈkrætɪk/\ttaking no account of other people's wishes or opinions; domineering\t독재적인, 전횡하는
00351	1970-01-01 00:00:00	0000	0000	autonomy	/ɔːˈtɑːnəmi/\tthe right or condition of self-government\t자율성, 자치
00352	1970-01-01 00:00:00	0000	0000	avow	/əˈvaʊ/\tto assert or confess openly\t공언하다, 자백하다
00353	1970-01-01 00:00:00	0000	0000	awry	/əˈraɪ/\taway from the appropriate, planned, or expected course; amiss\t빗나간, 잘못되어
00354	1970-01-01 00:00:00	0000	0000	axiom	/ˈæksiəm/\ta statement or proposition which is regarded as being established, accepted, or self-evidently true\t자명한 이치, 공리
00355	1970-01-01 00:00:00	0000	0000	baffle	/ˈbæfl/\tto totally bewilder or perplex\t당황하게 하다, 좌절시키다
00356	1970-01-01 00:00:00	0000	0000	balk	/bɔːk/\tto hesitate or be unwilling to accept an idea or undertaking\t망설이다, 난색을 표하다
00357	1970-01-01 00:00:00	0000	0000	banish	/ˈbænɪʃ/\tto send someone away from a country or place as an official punishment\t추방하다, 내쫓다
00358	1970-01-01 00:00:00	0000	0000	barren	/ˈbærən/\ttoo poor to produce much or any vegetation; infertile\t메마른, 결실이 없는
00359	1970-01-01 00:00:00	0000	0000	bastion	/ˈbæstiən/\tan institution, place, or person strongly defending or upholding particular principles\t보루, 수호자
00360	1970-01-01 00:00:00	0000	0000	belabor	/bɪˈleɪbər/\tto argue or elaborate on a subject in excessive detail\t장황하게 논하다, 정성 들여 만들다
00361	1970-01-01 00:00:00	0000	0000	bellicose	/ˈbelɪkoʊs/\tdemonstrating a inclination to fight; aggressive\t호전적인, 싸우기 좋아하는
00362	1970-01-01 00:00:00	0000	0000	bemoan	/bɪˈmoʊn/\tto express discontent or sorrow over something\t한탄하다, 유감으로 생각하다
00363	1970-01-01 00:00:00	0000	0000	beneficent	/bəˈnefɪsnt/\tgenerous or doing good\t자비로운, 선을 행하는
00364	1970-01-01 00:00:00	0000	0000	bereft	/bɪˈreft/\tdeprived of or lacking something\t~을 빼앗긴, 상실한
00365	1970-01-01 00:00:00	0000	0000	beseech	/bɪˈsiːtʃ/\tto ask someone urgently and fervently to do something; implore\t간청하다, 탄원하다
00366	1970-01-01 00:00:00	0000	0000	betray	/bɪˈtreɪ/\tto expose one's country, a group, or a person to danger by treacherously giving information to an enemy\t배신하다, 은연중에 드러내다
00367	1970-01-01 00:00:00	0000	0000	bewilder	/bɪˈwɪldər/\tto cause someone to become perplexed and confused\t어리둥절하게 하다
00368	1970-01-01 00:00:00	0000	0000	bias	/ˈbaɪəs/\tprejudice in favor of or against one thing, person, or group compared with another\t편견, 편향
00369	1970-01-01 00:00:00	0000	0000	bifurcate	/ˈbaɪfərkeɪt/\tto divide into two branches or forks\t두 갈래로 나누어지다
00370	1970-01-01 00:00:00	0000	0000	bland	/blænd/\tlacking strong features or characteristics and therefore uninteresting\t부드러운, 특징 없는, 단조로운
00371	1970-01-01 00:00:00	0000	0000	blatant	/ˈbleɪtnt/\tdone openly and unashamedly\t노골적인, 뻔뻔한
00372	1970-01-01 00:00:00	0000	0000	blight	/blaɪt/\ta thing that spoils or damages something\t황폐, 해를 입히다
00373	1970-01-01 00:00:00	0000	0000	blithe	/blaɪθ/\tshowing a casual and cheerful indifference considered to be callous or improper\t태평한, 유쾌한
00374	1970-01-01 00:00:00	0000	0000	boorish	/ˈbʊrɪʃ/\trough and bad-mannered; coarse\t천박한, 조상한
00375	1970-01-01 00:00:00	0000	0000	brandish	/ˈbrændɪʃ/\tto wave or flourish something as a threat or in anger\t휘두르다, 과시하다
00376	1970-01-01 00:00:00	0000	0000	bravado	/brəˈvɑːdoʊ/\ta bold manner or a show of boldness intended to impress or frighten\t허세, 만용
00377	1970-01-01 00:00:00	0000	0000	bridle	/ˈbraɪdl/\tto show one's resentment or anger, especially by throwing up the head\t성내다, 억제하다
00378	1970-01-01 00:00:00	0000	0000	brittle	/ˈbrɪtl/\thard but liable to break or shatter easily\t부러지기 쉬운, 취약한
00379	1970-01-01 00:00:00	0000	0000	brusque	/brʌsk/\tabrupt or offhand in speech or manner\t무뚝뚝한, 퉁명스러운
00380	1970-01-01 00:00:00	0000	0000	bucolic	/bjuːˈkɑːlɪk/\trelating to the pleasant aspects of the countryside and country life\t전원적인, 시골의
00381	1970-01-01 00:00:00	0000	0000	buoyant	/ˈbɔɪənt/\table or apt to stay afloat or rise to the top; cheerful\t부유하는, 명랑한
00382	1970-01-01 00:00:00	0000	0000	buttress	/ˈbʌtrəs/\tto provide support or encouragement for\t지지하다, 부벽을 대다
00383	1970-01-01 00:00:00	0000	0000	cacophony	/kəˈkɑːfəni/\ta harsh, discordant mixture of sounds\t불협화음, 소음
00384	1970-01-01 00:00:00	0000	0000	cajole	/kəˈdʒoʊl/\tto persuade someone to do something by sustained coaxing or flattery\t감언으로 설득하다, 감언이설로 꾀다
00385	1970-01-01 00:00:00	0000	0000	calamitous	/kəˈlæmɪtəs/\tinvolving or causing great damage or distress; disastrous\t재앙의, 비참한
00386	1970-01-01 00:00:00	0000	0000	calumny	/ˈkæləmni/\tthe making of false and defamatory statements about someone\t비방, 중상
00387	1970-01-01 00:00:00	0000	0000	candor	/ˈkændər/\tthe quality of being open and honest in expression; frankness\t솔직함, 정직
00388	1970-01-01 00:00:00	0000	0000	canonical	/kəˈnɑːnɪkl/\taccording to or ordered by canon law; accepted as being authentic\t정통의, 권위 있는
00389	1970-01-01 00:00:00	0000	0000	capitulate	/kəˈpɪtʃuleɪt/\tto cease to resist an opponent or an unwelcome demand; surrender\t굴복하다, 항복하다
00390	1970-01-01 00:00:00	0000	0000	captious	/ˈkæpʃəs/\ttending to find fault or raise petty objections\t트집 잡기 좋아하는, 흠을 잘 잡는
00391	1970-01-01 00:00:00	0000	0000	castigate	/ˈkæstɪɡeɪt/\tto reprimand someone severely\t혹평하다, 책망하다
00392	1970-01-01 00:00:00	0000	0000	cataclysm	/ˈkætəklɪzəm/\ta large-scale and violent event in the natural world or in social order\t대변혁, 재앙
00393	1970-01-01 00:00:00	0000	0000	categorical	/ˌkætəˈɡɔːrɪkl/\tunambiguously explicit and direct\t단정적인, 무조건적인
00394	1970-01-01 00:00:00	0000	0000	censure	/ˈsenʃər/\tto express severe disapproval of someone or something\t비난하다, 견책하다
00395	1970-01-01 00:00:00	0000	0000	chagrin	/ʃəˈɡrɪn/\tdistress or embarrassment at having failed or been humiliated\t분통, 유감
00396	1970-01-01 00:00:00	0000	0000	champion	/ˈtʃæmpiən/\tto vigorously support or defend a cause, item, or person\t옹호하다, 지지하다
00397	1970-01-01 00:00:00	0000	0000	charlatan	/ˈʃɑːrlətən/\ta person falsely claiming to have a special knowledge or skill\t돌팔이, 사기꾼
00398	1970-01-01 00:00:00	0000	0000	chastise	/tʃæˈstaɪz/\tto rebuke or reprimand severely\t태형을 가하다, 엄벌하다
00399	1970-01-01 00:00:00	0000	0000	churlish	/ˈtʃɜːrlɪʃ/\trude in a mean-spirited and surly way\t막돼먹은, 무례한
00400	1970-01-01 00:00:00	0000	0000	circuitous	/sərˈkjuːətəs/\tlonger than the most direct way; indirect\t우회하는, 에두르는
00401	1970-01-01 00:00:00	0000	0000	circumscribe	/ˈsɜːrkəmskraɪb/\tto restrict something within limits\t제한하다, 억제하다
00402	1970-01-01 00:00:00	0000	0000	circumspect	/ˈsɜːrkəmspekt/\twary and unwilling to take risks\t신중한, 용의주도한
00403	1970-01-01 00:00:00	0000	0000	circumvent	/ˌsɜːrkəmˈvent/\tto find a way around an obstacle; bypass\t회피하다, 우회하다
00404	1970-01-01 00:00:00	0000	0000	clairvoyant	/kleərˈvɔɪənt/\thaving or showing an ability to perceive events in the future\t천리안의, 통찰력 있는
00405	1970-01-01 00:00:00	0000	0000	clandestine	/klænˈdestɪn/\tkept secret or done secretively\t비밀리의, 은밀한
00406	1970-01-01 00:00:00	0000	0000	clemency	/ˈklemənsi/\tmercy; lenience\t자비, 온유
00407	1970-01-01 00:00:00	0000	0000	cognitive	/ˈkɑːɡnətɪv/\trelating to cognition; concerned with act or process of knowing\t인식의, 인지의
00408	1970-01-01 00:00:00	0000	0000	cohere	/koʊˈhɪr/\tto be logically consistent and integrated\t일관성을 갖다, 응집하다
00409	1970-01-01 00:00:00	0000	0000	collusion	/kəˈluːʒn/\tsecret or illegal cooperation or conspiracy\t공모, 결탁
00410	1970-01-01 00:00:00	0000	0000	compendious	/kəmˈpendiəs/\tcontaining or presenting the essential facts of a subject in a concise way\t요약된, 간결한
00411	1970-01-01 00:00:00	0000	0000	compliant	/kəmˈplaɪənt/\tinclined to agree with others or obey rules\t순종하는, 유순한
00412	1970-01-01 00:00:00	0000	0000	complicity	/kəmˈplɪsəti/\tthe state of being involved with others in an illegal activity or wrongdoing\t공모, 연좌
00413	1970-01-01 00:00:00	0000	0000	concede	/kənˈsiːd/\tto admit that something is true or valid after first denying or resisting it\t인정하다, 양보하다
00414	1970-01-01 00:00:00	0000	0000	conciliatory	/kənˈsɪliətɔːri/\tintended or likely to placate or pacify\t달래는, 회유적인
00415	1970-01-01 00:00:00	0000	0000	concurrence	/kənˈkɜːrəns/\tthe fact of two or more events or circumstances happening at the same time\t동의, 동시 발생
00416	1970-01-01 00:00:00	0000	0000	condescend	/ˌkɑːndɪˈsend/\tto show feelings of superiority; be patronizing\t자신을 낮추다, 거들먹거리다
00417	1970-01-01 00:00:00	0000	0000	conducive	/kənˈduːsɪv/\tmaking a certain situation or outcome likely or possible\t도움이 되는, 기여하는
00418	1970-01-01 00:00:00	0000	0000	confluence	/ˈkɑːnfluəns/\tan act or process of merging; junction\t합류, 융합
00419	1970-01-01 00:00:00	0000	0000	congenial	/kənˈdʒiːniəl/\tpleasantly suited to one's nature, tastes, or inclination\t마음이 맞는, 적합한
00420	1970-01-01 00:00:00	0000	0000	conjecture	/kənˈdʒektʃər/\tan opinion or conclusion formed on the basis of incomplete information\t추측, 게스
00421	1970-01-01 00:00:00	0000	0000	consecrate	/ˈkɑːnsɪkreɪt/\tto make or declare something sacred; dedicate\t신성하게 하다, 봉헌하다
00422	1970-01-01 00:00:00	0000	0000	consequential	/ˌkɑːnsɪˈkwenʃl/\tfollowing as a result or effect; important\t결과적인, 중요한
00423	1970-01-01 00:00:00	0000	0000	consign	/kənˈsaɪn/\tto deliver something to a person's custody; commit\t맡기다, 위탁하다
00424	1970-01-01 00:00:00	0000	0000	console	/kənˈsoʊl/\tto comfort someone at a time of grief or disappointment\t위로하다
00425	1970-01-01 00:00:00	0000	0000	consternation	/ˌkɑːnstərˈneɪʃn/\tfeelings of anxiety or dismay, typically at something unexpected\t대단한 놀람, 경악
00426	1970-01-01 00:00:00	0000	0000	construe	/kənˈstruː/\tto interpret a word or action in a particular way\t해석하다, 번역하다
00427	1970-01-01 00:00:00	0000	0000	consummate	/ˈkɑːnsəmət/\tshowing a high degree of skill and flair; complete\t완성된, 능숙한
00428	1970-01-01 00:00:00	0000	0000	contemptuous	/kənˈtemptʃuəs/\tshowing contempt; scornful\t경멸하는, 업신여기는
00429	1970-01-01 00:00:00	0000	0000	contentious	/kənˈtenʃəs/\tcausing or likely to cause an argument; controversial\t논쟁적인, 다투기 좋아하는
00430	1970-01-01 00:00:00	0000	0000	contingent	/kənˈtɪndʒənt/\tsubject to chance; dependent on uncertain circumstances\t여건에 따라 달라지는, 조건부의
00431	1970-01-01 00:00:00	0000	0000	contrite	/kənˈtraɪt/\tfeeling or expressing remorse or penitence\t뉘우치는, 회개하는
00432	1970-01-01 00:00:00	0000	0000	contrive	/kənˈtraɪv/\tto create or bring about an object or a situation by deliberate use of skill and artifice\t고안하다, 획책하다
00433	1970-01-01 00:00:00	0000	0000	convergent	/kənˈvɜːrdʒənt/\tcoming closer together; meeting at a point\t수렴하는, 모여드는
00434	1970-01-01 00:00:00	0000	0000	conversant	/kənˈvɜːrsnt/\tfamiliar with or knowledgeable about something\t정통한, 정통하여
00435	1970-01-01 00:00:00	0000	0000	convivial	/kənˈvɪviəl/\tfriendly, lively, and enjoyable\t유쾌한, 연회를 좋아하는
00436	1970-01-01 00:00:00	0000	0000	convoluted	/ˈkɑːnvəluːtɪd/\textremely complex and difficult to follow\t복잡한, 뒤얽힌
00437	1970-01-01 00:00:00	0000	0000	copious	/ˈkoʊpiəs/\tabundant in supply or quantity\t풍부한, 다량의
00438	1970-01-01 00:00:00	0000	0000	cordial	/ˈkɔːrdʒəl/\twarm and friendly\t진심 어린, 다정한
00439	1970-01-01 00:00:00	0000	0000	countenance	/ˈkaʊntənəns/\ta person's face or facial expression; support\t용모, 표정, 지지하다
00440	1970-01-01 00:00:00	0000	0000	craven	/ˈkreɪvn/\tcontemptibly lacking in courage; cowardly\t비겁한, 겁쟁이의
00441	1970-01-01 00:00:00	0000	0000	credulous	/ˈkredʒələs/\thaving or showing too great a readiness to believe things\t잘 믿는, 속기 쉬운
00442	1970-01-01 00:00:00	0000	0000	culpable	/ˈkʌlpəbl/\tdeserving blame; blameworthy\t과실이 있는, 비난받을 만한
00443	1970-01-01 00:00:00	0000	0000	cumbersome	/ˈkʌmbərsəm/\tlarge or heavy and therefore difficult to carry or use; unwieldy\t성가신, 다루기 힘든
00444	1970-01-01 00:00:00	0000	0000	cursory	/ˈkɜːrsəri/\thasty and therefore not thorough or detailed\t대충 하는, 피상적인
00445	1970-01-01 00:00:00	0000	0000	cynical	/ˈsɪnɪkl/\tbelieving that people are motivated by self-interest; distrustful\t냉소적인, 부정적인
00446	1970-01-01 00:00:00	0000	0000	debacle	/dɪˈbɑːkl/\ta sudden and ignominious failure; a fiasco\t대패, 완전한 실패
00447	1970-01-01 00:00:00	0000	0000	debunk	/ˌdiːˈbʌŋk/\tto expose the falseness or hollowness of a myth or idea\t정체를 밝히다, 틀렸음을 입증하다
00448	1970-01-01 00:00:00	0000	0000	decorous	/ˈdekərəs/\tin keeping with good taste and propriety; polite\t단정한, 예의 바른
00449	1970-01-01 00:00:00	0000	0000	decorum	/dɪˈkɔːrəm/\tbehavior in keeping with good taste and propriety\t점잖음, 예의
00450	1970-01-01 00:00:00	0000	0000	defiance	/dɪˈfaɪəns/\topen resistance; bold disobedience\t반항, 도전
00451	1970-01-01 00:00:00	0000	0000	deflect	/dɪˈflekt/\tto cause something to change direction by interposing something; turn aside\t방향을 돌리다, 모면하다
00452	1970-01-01 00:00:00	0000	0000	deliberate	/dɪˈlɪbərət/\tdone consciously and intentionally; unhurried\t의도적인, 신중한
00453	1970-01-01 00:00:00	0000	0000	delude	/dɪˈluːd/\tto impose a misleading belief upon someone; deceive\t속이다, 현혹하다
00454	1970-01-01 00:00:00	0000	0000	demean	/dɪˈmiːn/\tto cause a severe loss in the dignity of and respect for someone\t품위를 손상시키다, 모욕하다
00455	1970-01-01 00:00:00	0000	0000	demise	/dɪˈmaɪz/\ta person's death; the end or failure of an enterprise\t소멸, 사망
00456	1970-01-01 00:00:00	0000	0000	denounce	/dɪˈnaʊns/\tto publicly declare to be wrong or evil\t맹렬히 비난하다, 고발하다
00457	1970-01-01 00:00:00	0000	0000	depict	/dɪˈpɪkt/\tto show or represent by a drawing, painting, or other art form\t그리다, 묘사하다
00458	1970-01-01 00:00:00	0000	0000	deplete	/dɪˈpliːt/\tto use up the supply or resources of\t고갈시키다, 대폭 감소시키다
00459	1970-01-01 00:00:00	0000	0000	deplore	/dɪˈplɔːr/\tto feel or express strong disapproval of\t한탄하다, 비탄하다
00460	1970-01-01 00:00:00	0000	0000	deprecate	/ˈdeprəkeɪt/\tto express disapproval of\t반대하다, 비난하다
00461	1970-01-01 00:00:00	0000	0000	derivative	/dɪˈrɪvətɪv/\timitative of the work of another person; unoriginal\t파생적인, 모방한
00462	1970-01-01 00:00:00	0000	0000	derogatory	/dɪˈrɑːɡətɔːri/\tshowing a critical or disrespectful attitude\t경멸하는, 손상시키는
00463	1970-01-01 00:00:00	0000	0000	despondent	/dɪˈspɑːndənt/\tin low spirits from loss of hope or courage\t낙담한, 실의에 빠진
00464	1970-01-01 00:00:00	0000	0000	detached	/dɪˈtætʃt/\tseparate or disconnected; aloof and objective\t무관심한, 객관적인
00465	1970-01-01 00:00:00	0000	0000	deterrent	/dɪˈtɜːrənt/\ta thing that discourages or is intended to discourage someone from doing something\t제지하는 것, 억제책
00466	1970-01-01 00:00:00	0000	0000	detract	/dɪˈtrækt/\tto diminish the worth or value of a quality or achievement\t떨어뜨리다, 손상시키다
00467	1970-01-01 00:00:00	0000	0000	devious	/ˈdiːviəs/\tshowing a skillful use of underhanded tactics to achieve goals\t기만적인, 우회하는
00468	1970-01-01 00:00:00	0000	0000	dexterous	/ˈdekstrəs/\tshowing or having skill, especially with the hands\t손재주가 있는, 솜씨 좋은
00469	1970-01-01 00:00:00	0000	0000	dichotomy	/daɪˈkɑːtəmi/\ta division or contrast between two things that are represented as being opposed\t이분법, 양분
00470	1970-01-01 00:00:00	0000	0000	diffident	/ˈdɪfɪdənt/\tmodest or shy because of a lack of self-confidence\t소심한, 자신감 없는
00471	1970-01-01 00:00:00	0000	0000	digress	/daɪˈɡres/\tto leave the main subject temporarily in speech or writing\t본론에서 벗어나다
00472	1970-01-01 00:00:00	0000	0000	dilapidated	/dɪˈlæpɪdeɪtɪd/\tin a state of disrepair or ruin as a result of age or neglect\t황폐한, 허물어져 가는
00473	1970-01-01 00:00:00	0000	0000	diligent	/ˈdɪlɪdʒənt/\thaving or showing care and conscientiousness in one's work or duties\t근면한, 성실한
00474	1970-01-01 00:00:00	0000	0000	diminutive	/dɪˈmɪnjətɪv/\textremely or unusually small\t아주 작은, 소형의
00475	1970-01-01 00:00:00	0000	0000	discern	/dɪˈsɜːrn/\tto perceive or recognize something\t분별하다, 알아차리다
00476	1970-01-01 00:00:00	0000	0000	disclaim	/dɪsˈkleɪm/\tto refuse to acknowledge; deny responsibility for\t부인하다, 권리를 포기하다
00477	1970-01-01 00:00:00	0000	0000	disconcert	/ˌdɪskənˈsɜːrt/\tto disturb the composure of; unsettle\t불안하게 만들다, 당황케 하다
00478	1970-01-01 00:00:00	0000	0000	discordant	/dɪsˈkɔːrdənt/\tdisagreeing or incongruous; harsh and jarring in sound\t조화되지 않는, 불협화음의
00479	1970-01-01 00:00:00	0000	0000	discreditable	/dɪsˈkredɪtəbl/\ttending to impair or damage reputation\t명예를 손상시키는
00480	1970-01-01 00:00:00	0000	0000	discrepancy	/dɪsˈkrepənsi/\ta lack of compatibility or similarity between two or more facts\t불일치, 차이
00481	1970-01-01 00:00:00	0000	0000	discreet	/dɪsˈkriːt/\tcareful and circumspect in one's speech or actions\t신중한, 조심스러운
00482	1970-01-01 00:00:00	0000	0000	discretion	/dɪsˈkreʃn/\tthe quality of behaving or speaking in such a way as to avoid causing offense\t재량, 신중함
00483	1970-01-01 00:00:00	0000	0000	discriminating	/dɪˈskrɪmɪneɪtɪŋ/\thaving or showing refined taste or good judgment\t안목이 있는, 식별력 있는
00484	1970-01-01 00:00:00	0000	0000	discursive	/dɪsˈkɜːrsɪv/\tdigressing from subject to subject; fluent and expansive\t산만한, 두서없는
00485	1970-01-01 00:00:00	0000	0000	disdain	/dɪsˈdeɪn/\tthe feeling that someone or something is unworthy of one's consideration or respect\t경멸, 업신여기다
00486	1970-01-01 00:00:00	0000	0000	disenchant	/ˌdɪsɪnˈtʃænt/\tfree someone from illusion or false belief\t환상에서 깨어나게 하다
00487	1970-01-01 00:00:00	0000	0000	disingenuous	/ˌdɪsɪnˈdʒenjuəs/\tnot candid or sincere, typically by feigning one's knowledge\t솔직하지 못한, 음흉한
00488	1970-01-01 00:00:00	0000	0000	disinterested	/dɪsˈɪntrestɪd/\tnot candid, unbiased, or neutral\t무사공평한, 사심 없는
00489	1970-01-01 00:00:00	0000	0000	disparage	/dɪˈspærɪdʒ/\tto regard or represent as being of little worth\t깎아내리다, 폄하하다
00490	1970-01-01 00:00:00	0000	0000	dispassionate	/dɪsˈpæʃənət/\tnot influenced by strong emotion, and so able to be rational and impartial\t냉정한, 감정에 좌우되지 않는
00491	1970-01-01 00:00:00	0000	0000	dispel	/dɪˈspel/\tto make a doubt, feeling, or belief disappear\t떨쳐버리다, 없애다
00492	1970-01-01 00:00:00	0000	0000	disperse	/dɪˈspɜːrs/\tto distribute or spread over a wide area\t흩어지게 하다, 해산시키다
00493	1970-01-01 00:00:00	0000	0000	dissent	/dɪˈsent/\tthe expression or holding of opinions at variance with those previously, commonly, or officially held\t반대하다, 이의를 제기하다
00494	1970-01-01 00:00:00	0000	0000	dissipation	/ˌdɪsɪˈpeɪʃn/\tsquandering of money, energy, or resources; dispersal\t방탕, 소모, 분산
00495	1970-01-01 00:00:00	0000	0000	dissuade	/dɪˈsweɪd/\tto persuade someone not to take a particular course of action\t단념시키다, 말리다
00496	1970-01-01 00:00:00	0000	0000	distant	/ˈdɪstənt/\tfar away in space or time; cool and reserved\t거리가 먼, 쌀쌀맞은
00497	1970-01-01 00:00:00	0000	0000	distend	/dɪˈstend/\tto swell or cause to swell by pressure from inside\t부풀다, 팽창시키다
00498	1970-01-01 00:00:00	0000	0000	distill	/dɪˈstɪl/\tto extract the essential meaning or most important aspects of\t증류하다, 정수만을 뽑아내다
00499	1970-01-01 00:00:00	0000	0000	distort	/dɪˈstɔːrt/\tto pull or twist out of shape; give a misleading account of\t왜곡하다, 비틀다
00500	1970-01-01 00:00:00	0000	0000	divergent	/daɪˈvɜːrdʒənt/\ttending to be different or develop in different directions\t갈라지는, 일탈하는
00501	1970-01-01 00:00:00	0000	0000	divert	/daɪˈvɜːrt/\tto cause someone or something to change direction\t방향을 돌리다, 우회시키다
00502	1970-01-01 00:00:00	0000	0000	divulge	/daɪˈvʌldʒ/\tto make known private or sensitive information\t누설하다, 폭로하다
00503	1970-01-01 00:00:00	0000	0000	docile	/ˈdɑːsl/\tready to accept control or instruction; submissive\t유순한, 고분고분한
00504	1970-01-01 00:00:00	0000	0000	doctrinaire	/ˌdɑːktrɪˈner/\tseeking to impose a doctrine without regard to practical considerations\t교조적인, 독단적인
00505	1970-01-01 00:00:00	0000	0000	dormant	/ˈdɔːrmənt/\thaving normal physical functions suspended or slowed down for a period of time\t휴면기의, 활동을 중단한
00506	1970-01-01 00:00:00	0000	0000	dubious	/ˈduːbiəs/\thesitating or doubting; not to be relied upon\t수상쩍은, 의심스러운
00507	1970-01-01 00:00:00	0000	0000	duplicity	/duːˈplɪsəti/\tdeceitfulness; double-dealing\t이중성, 표리부동
00508	1970-01-01 00:00:00	0000	0000	eccentric	/ɪkˈsentrɪk/\tunconventional and slightly strange\t별난, 기이한
00509	1970-01-01 00:00:00	0000	0000	eclipse	/ɪˈklɪps/\tto obscure the light from; surpass in importance\t가리다, 빛을 잃게 만들다
00510	1970-01-01 00:00:00	0000	0000	effusive	/ɪˈfjuːsɪv/\texpressing feelings of gratitude, pleasure, or approval in an unrestrained manner\t감정을 솔직히 나타내는, 넘쳐 흐르는
00511	1970-01-01 00:00:00	0000	0000	egalitarian	/iˌɡælɪˈteriən/\tbelieving in the principle that all people are equal\t평등주의의
00512	1970-01-01 00:00:00	0000	0000	elated	/ɪˈleɪtɪd/\tecstatically happy\t마음이 우쭐거리는, 의기양양한
00513	1970-01-01 00:00:00	0000	0000	elicit	/ɪˈlɪsɪt/\tto evoke or draw out a response, answer, or fact\t이끌어내다, 유도하다
00514	1970-01-01 00:00:00	0000	0000	elusive	/ɪˈluːsɪv/\tdifficult to find, catch, or achieve\t찾기 힘든, 규명하기 어려운
00515	1970-01-01 00:00:00	0000	0000	emancipate	/ɪˈmænsɪpeɪt/\tto set free, especially from legal, social, or political restrictions\t해방시키다
00516	1970-01-01 00:00:00	0000	0000	embezzle	/ɪmˈbezl/\tto steal or misappropriate money placed in one's trust\t횡령하다
00517	1970-01-01 00:00:00	0000	0000	empathy	/ˈempəθi/\tthe ability to understand and share the feelings of another\t공감, 감정이입
00518	1970-01-01 00:00:00	0000	0000	encomium	/enˈkoʊmiəm/\ta speech or piece of writing that praises someone or something highly\t찬사, 칭송
00519	1970-01-01 00:00:00	0000	0000	enigma	/ɪˈnɪɡmə/\ta person or thing that is mysterious, puzzling, or difficult to understand\t수수께끼, 이해할 수 없는 사람
00520	1970-01-01 00:00:00	0000	0000	enmity	/ˈenməti/\tthe state or feeling of being actively opposed or hostile to someone or something\t적의, 원한
00521	1970-01-01 00:00:00	0000	0000	ennui	/ɑːnˈwiː/\ta feeling of listlessness and dissatisfaction arising from a lack of occupation or excitement\t따분함, 권태
00522	1970-01-01 00:00:00	0000	0000	entail	/ɪnˈteɪl/\tto involve something as a necessary or inevitable part or consequence\t수반하다, 필요로 하다
00523	1970-01-01 00:00:00	0000	0000	epitome	/ɪˈpɪtəmi/\ta person or thing that is a perfect example of a particular quality or type\t전형, 표상
00524	1970-01-01 00:00:00	0000	0000	equanimity	/ˌekwəˈnɪməti/\tmental calmness, composure, and evenness of temper, especially in a difficult situation\t평정, 침착
00525	1970-01-01 00:00:00	0000	0000	espouse	/ɪˈspaʊz/\tto adopt or support a cause, belief, or way of life\t옹호하다, 지지하다
00526	1970-01-01 00:00:00	0000	0000	estrange	/ɪˈstreɪndʒ/\tto cause someone to be no longer close or affectionate to someone\t소원하게 만들다
00527	1970-01-01 00:00:00	0000	0000	ethereal	/ɪˈθɪriəl/\textremely delicate and light in a way that seems too perfect for this world\t천상의, 영적인
00528	1970-01-01 00:00:00	0000	0000	euphemism	/ˈjuːfəmɪzm/\ta mild or indirect word or expression substituted for one considered to be too harsh\t완곡어법
00529	1970-01-01 00:00:00	0000	0000	evanescent	/ˌevəˈnesnt/\tsoon passing out of sight, memory, or existence; quickly fading\t쉬이 사라지는, 덧없는
00530	1970-01-01 00:00:00	0000	0000	evince	/ɪˈvɪns/\tto reveal the presence of a quality or feeling; indicate\t분명히 밝히다, 피력하다
00531	1970-01-01 00:00:00	0000	0000	exacting	/ɪɡˈzæktɪŋ/\tmaking great demands on one's skill, attention, or other resources\t가혹한, 까다로운
00532	1970-01-01 00:00:00	0000	0000	exasperate	/ɪɡˈzæspəreɪt/\tto irritate intensely; infuriate\t분개하게 하다, 짜증나게 하다
00533	1970-01-01 00:00:00	0000	0000	excoriate	/ɪkˈskɔːrieɪt/\tto censure or criticize severely\t맹비난하다, 혹평하다
00534	1970-01-01 00:00:00	0000	0000	exhaustive	/ɪɡˈzɔːstɪv/\tincluding or considering all elements or aspects; fully comprehensive\t철저한, 완전한
00535	1970-01-01 00:00:00	0000	0000	exhilarate	/ɪɡˈzɪləreɪt/\tto make someone feel very happy, animated, or elated\t기분 좋게 하다, 들뜨게 하다
00536	1970-01-01 00:00:00	0000	0000	exonerate	/ɪɡˈzɑːnəreɪt/\tto absolve someone from blame for a fault or wrongdoing\t무죄임을 입증하다, 면제하다
00537	1970-01-01 00:00:00	0000	0000	exorbitant	/ɪɡˈzɔːrbɪtənt/\tunreasonably high in price or amount\t터무니없는, 과도한
00538	1970-01-01 00:00:00	0000	0000	exotic	/ɪɡˈzɑːtɪk/\toriginating in or characteristic of a distant foreign country\t이국적인, 외래의
00539	1970-01-01 00:00:00	0000	0000	expedient	/ɪkˈspiːdiənt/\tconvenient and practical, despite possibly being improper or immoral\t편리한, 편의주의적인
00540	1970-01-01 00:00:00	0000	0000	expedite	/ˈekspədaɪt/\tto make an action or process happen more quickly\t촉진하다, 신속히 처리하다
00541	1970-01-01 00:00:00	0000	0000	explicate	/ˈeksplɪkeɪt/\tto analyze and develop an idea or principle in detail\t해설하다, 상세히 설명하다
00542	1970-01-01 00:00:00	0000	0000	explicit	/ɪkˈsplɪsɪt/\tstated clearly and in detail, leaving no room for confusion or doubt\t명백한, 노골적인
00543	1970-01-01 00:00:00	0000	0000	exploit	/ˈeksplɔɪt/\tto make full use of and derive benefit from a resource\t이용하다, 착취하다
00544	1970-01-01 00:00:00	0000	0000	expunge	/ɪkˈspʌndʒ/\tto erase or remove completely something unwanted or unpleasant\t지우다, 삭제하다
00545	1970-01-01 00:00:00	0000	0000	extenuate	/ɪkˈstenjueɪt/\tto cause an offense to seem less serious or more forgivable\t경감하다, 참작하다
00546	1970-01-01 00:00:00	0000	0000	extol	/ɪkˈstoʊl/\tto praise enthusiastically\t칭찬하다, 격찬하다
00547	1970-01-01 00:00:00	0000	0000	extraneous	/ɪkˈstreɪniəs/\tirrelevant or unrelated to the subject being dealt with\t이질적인, 관련 없는
00548	1970-01-01 00:00:00	0000	0000	extrapolate	/ɪkˈstræpəleɪt/\tto estimate or conclude something by assuming that existing trends will continue\t추론하다, 추정하다
00549	1970-01-01 00:00:00	0000	0000	extravagant	/ɪkˈstrævəɡənt/\tlacking restraint in spending money or using resources\t낭비하는, 사치스러운
00550	1970-01-01 00:00:00	0000	0000	extricate	/ˈekstrɪkeɪt/\tto free someone or something from a constraint or difficulty\t구출하다, 해방시키다
00551	1970-01-01 00:00:00	0000	0000	exuberant	/ɪɡˈzuːbərənt/\tfilled with or characterized by a lively energy and excitement\t활기 넘치는, 생동감 있는
00552	1970-01-01 00:00:00	0000	0000	facile	/ˈfæsl/\tappearing neat and comprehensive only by ignoring the true complexities of an issue\t피상적인, 손쉬운
00553	1970-01-01 00:00:00	0000	0000	fathom	/ˈfæðəm/\tto understand a difficult problem after much thought\t헤아리다, 깊이를 재다
00554	1970-01-01 00:00:00	0000	0000	feasible	/ˈfiːzəbl/\tpossible to do easily or conveniently\t실행 가능한
00555	1970-01-01 00:00:00	0000	0000	fecund	/ˈfiːkənd/\tproducing or capable of producing an abundance of offspring or new growth\t다산의, 비옥한, 아이디어가 풍부한
00556	1970-01-01 00:00:00	0000	0000	fervent	/ˈfɜːrvnt/\thaving or displaying a passionate intensity\t열렬한, 뜨거운
00557	1970-01-01 00:00:00	0000	0000	fickle	/ˈfɪkl/\tchanging frequently, especially as regards one's loyalties, interests, or affection\t변덕스러운
00558	1970-01-01 00:00:00	0000	0000	fidelity	/fɪˈdeləti/\tfaithfulness to a person, cause, or belief, demonstrated by continuing loyalty\t충실, 성실
00559	1970-01-01 00:00:00	0000	0000	finesse	/fɪˈnes/\tintricate and refined skill\t수완, 기교
00560	1970-01-01 00:00:00	0000	0000	flagrant	/ˈfleɪɡrənt/\tconspicuously or obviously offensive\t명백한, 악명 높은
00561	1970-01-01 00:00:00	0000	0000	flippant	/ˈflɪpnt/\tnot showing a serious or respectful attitude\t경솔한, 건방진
00562	1970-01-01 00:00:00	0000	0000	florid	/ˈflɔːrɪd/\thaving a red or flushed complexion; excessively intricate or elaborate\t화려한, 현란한
00563	1970-01-01 00:00:00	0000	0000	flout	/flaʊt/\tto openly disregard a rule, law or convention\t어기다, 무시하다
00564	1970-01-01 00:00:00	0000	0000	fluctuate	/ˈflʌktʃueɪt/\tto rise and fall irregularly in number or amount\t변동하다, 흔들리다
00565	1970-01-01 00:00:00	0000	0000	foible	/ˈfɔɪbl/\ta minor weakness or eccentricity in someone's character\t단점, 약점
00566	1970-01-01 00:00:00	0000	0000	foment	/foʊˈment/\tto instigate or stir up an undesirable or violent sentiment or course of action\t조장하다, 선동하다
00567	1970-01-01 00:00:00	0000	0000	forbear	/fɔːrˈber/\tto politely or patiently restrain oneself from doing something\t삼가다, 참다
00568	1970-01-01 00:00:00	0000	0000	foreboding	/fɔːrˈboʊdɪŋ/\ta feeling that something bad will happen\t예감, 불길한 징조
00569	1970-01-01 00:00:00	0000	0000	foreshadow	/fɔːrˈʃædoʊ/\tto be a warning or indication of a future event\t징조를 보이다, 암시하다
00570	1970-01-01 00:00:00	0000	0000	forestall	/fɔːrˈstɔːl/\tto prevent or obstruct an event or action by taking action ahead of time\t미연에 방지하다, 기선을 제압하다
00571	1970-01-01 00:00:00	0000	0000	forfeit	/ˈfɔːrfɪt/\tto lose or be deprived of property or a right or privilege as a penalty\t몰수당하다, 박탈당하다
00572	1970-01-01 00:00:00	0000	0000	fortuitous	/fɔːrˈtuːɪtəs/\thappening by accident or chance rather than design\t우연한, 행운의
00573	1970-01-01 00:00:00	0000	0000	fractious	/ˈfrækʃəs/\tirritable and quarrelsome\t성미가 까다로운, 다투기 좋아하는
00574	1970-01-01 00:00:00	0000	0000	fraught	/frɔːt/\tfilled with or likely to result in something undesirable\t~로 가득 찬, 걱정스러운
00575	1970-01-01 00:00:00	0000	0000	furtive	/ˈfɜːrtɪv/\tattempting to avoid notice or attention, typically because of guilt\t은밀한, 수상쩍은
00576	1970-01-01 00:00:00	0000	0000	futile	/ˈfjuːtl/\tincapable of producing any useful result; pointless\t쓸모없는, 무익한
00577	1970-01-01 00:00:00	0000	0000	gainsay	/ˌɡeɪnˈseɪ/\tto deny or contradict a fact or statement\t부인하다, 반박하다
00578	1970-01-01 00:00:00	0000	0000	galvanize	/ˈɡælvənaɪz/\tto shock or excite someone into taking action\t자극하다, 활기를 띠게 하다
00579	1970-01-01 00:00:00	0000	0000	generosity	/ˌdʒenəˈrɑːsəti/\tthe quality of being kind and generous\t관대함, 아량
00580	1970-01-01 00:00:00	0000	0000	germane	/dʒɜːrˈmeɪn/\trelevant to a subject under consideration\t밀접한 관계가 있는, 적절한
00581	1970-01-01 00:00:00	0000	0000	gibe	/dʒaɪb/\tan insulting or mocking remark; a taunt\t조롱하다, 우롱하다
00582	1970-01-01 00:00:00	0000	0000	glib	/ɡlɪb/\tfluent and voluble but insincere and shallow\t말만 잘하는, 입발림의
00583	1970-01-01 00:00:00	0000	0000	grandiloquent	/ɡrænˈdɪləkwənt/\tpompous or extravagant in language, style, or manner\t장황한, 과장된
00584	1970-01-01 00:00:00	0000	0000	grandiose	/ˈɡrændioʊs/\timpressive or magnificent in appearance or style, especially pretentiously so\t거창한, 웅장한
00585	1970-01-01 00:00:00	0000	0000	gratuitous	/ɡrəˈtuːɪtəs/\tuncalled for; lacking good reason; unwarranted\t무료의, 불필요한
00586	1970-01-01 00:00:00	0000	0000	grievous	/ˈɡriːvəs/\tvery severe or serious\t통탄할, 심각한
00587	1970-01-01 00:00:00	0000	0000	guile	/ɡaɪl/\tsly or cunning intelligence\t간교한 꾀, 교활함
00588	1970-01-01 00:00:00	0000	0000	gullible	/ˈɡʌləbl/\teasily persuaded to believe something; credulous\t남을 잘 믿는, 잘 속는
00589	1970-01-01 00:00:00	0000	0000	halcyon	/ˈhælsiən/\tdenoting a period of time in the past that was idyllically happy and peaceful\t평온한, 평화로운
00590	1970-01-01 00:00:00	0000	0000	hamper	/ˈhæmpər/\tto hinder or impede the movement or progress of\t방해하다, 저해하다
00591	1970-01-01 00:00:00	0000	0000	haphazard	/hæpˈhæzərd/\tlacking any obvious principle of organization\t우연의, 무계획적인
00592	1970-01-01 00:00:00	0000	0000	harbinger	/ˈhɑːrbɪndʒər/\ta person or thing that announces or signals the approach of another\t전조, 조짐
00593	1970-01-01 00:00:00	0000	0000	hardy	/ˈhɑːrdi/\trobust; capable of enduring difficult conditions\t강건한, 내구성이 있는
00594	1970-01-01 00:00:00	0000	0000	haughty	/ˈhɔːti/\tarrogantly superior and disdainful\t거만한, 오만한
00595	1970-01-01 00:00:00	0000	0000	hedonism	/ˈhiːdənɪzm/\tthe pursuit of pleasure; sensual self-indulgence\t쾌락주의
00596	1970-01-01 00:00:00	0000	0000	hegemony	/hɪˈdʒeməni/\tleadership or dominance, especially by one country or social group\t주도권, 패권
00597	1970-01-01 00:00:00	0000	0000	heinous	/ˈheɪnəs/\tutterly odious or wicked\t극악무도한, 악랄한
00598	1970-01-01 00:00:00	0000	0000	heresy	/ˈherəsi/\tbelief or opinion contrary to orthodox religious doctrine\t이단, 이설
00599	1970-01-01 00:00:00	0000	0000	hermetic	/hɜːrˈmetɪk/\tcomplete and airtight\t밀봉된, 난해한
00600	1970-01-01 00:00:00	0000	0000	heterogeneous	/ˌhetərəˈdʒiːniəs/\tdiverse in character or content\t이종의, 잡다한
00601	1970-01-01 00:00:00	0000	0000	hew	/hjuː/\tto conform or adhere to\t따르다, 준수하다
00602	1970-01-01 00:00:00	0000	0000	hierarchy	/ˈhaɪərɑːrki/\ta system or organization in which people or groups are ranked\t계급, 계층 구조
00603	1970-01-01 00:00:00	0000	0000	histrionic	/ˌhɪstriˈɑːnɪk/\toverly theatrical or melodramatic in character or style\t연극조의, 과장된
00604	1970-01-01 00:00:00	0000	0000	homage	/ˈhɑːmɪdʒ/\tspecial honor or respect shown publicly\t경의, 존경
00605	1970-01-01 00:00:00	0000	0000	homogeneous	/ˌhoʊməˈdʒiːniəs/\tconsisting of parts all of the same kind\t동종의, 균일한
00606	1970-01-01 00:00:00	0000	0000	hubris	/ˈhjuːbrɪs/\texcessive pride or self-confidence\t자만심, 오만
00607	1970-01-01 00:00:00	0000	0000	hypocritical	/ˌhɪpəˈkrɪtɪkl/\tbehaving in a way that suggests one has higher standards than is the case\t위선적인
00608	1970-01-01 00:00:00	0000	0000	idiosyncratic	/ˌɪdiəsɪŋˈkrætɪk/\trelating to idiosyncrasy; peculiar or individual\t특이한, 독특한
00609	1970-01-01 00:00:00	0000	0000	ignominious	/ˌɪɡnəˈmɪniəs/\tdeserving or causing public disgrace or shame\t수치스러운, 수치스러운
00610	1970-01-01 00:00:00	0000	0000	illuminate	/ɪˈluːmɪneɪt/\tto make something clear or easier to understand\t밝히다, 설명하다
00611	1970-01-01 00:00:00	0000	0000	illusory	/ɪˈluːsəri/\tbased on or producing illusion; deceptive\t환상에 불과한, 불확실한
00612	1970-01-01 00:00:00	0000	0000	imbibe	/ɪmˈbaɪb/\tto drink alcohol; to absorb ideas or knowledge\t마시다, 흡수하다
00613	1970-01-01 00:00:00	0000	0000	immutability	/ɪˌmjuːtəˈbɪləti/\tthe state of being unchangeable over time\t불변성
00614	1970-01-01 00:00:00	0000	0000	impassioned	/ɪmˈpæʃnd/\tfilled with or showing great emotion\t열정적인, 열렬한
00615	1970-01-01 00:00:00	0000	0000	impassive	/ɪmˈpæsɪv/\tnot feeling or showing emotion\t무감각한, 냉정한
00616	1970-01-01 00:00:00	0000	0000	impeccable	/ɪmˈpekəbl/\tin accordance with the highest standards; faultless\t흠잡을 데 없는, 완벽한
00617	1970-01-01 00:00:00	0000	0000	impediment	/ɪmˈpedɪmənt/\ta hindrance or obstruction in doing something\t방해, 장애물
00618	1970-01-01 00:00:00	0000	0000	impending	/ɪmˈpendɪŋ/\tabout to happen; imminent\t임박한, 눈앞에 다가온
00619	1970-01-01 00:00:00	0000	0000	imperative	/ɪmˈperətɪv/\tof vital importance; crucial\t반드시 해야 하는, 긴급한
00620	1970-01-01 00:00:00	0000	0000	imperceptible	/ˌɪmpərˈseptəbl/\timpossible to perceive\t감지할 수 없는, 미세한
00621	1970-01-01 00:00:00	0000	0000	imperious	/ɪmˈpɪriəs/\tassuming power without justification; domineering\t고압적인, 오만한
00622	1970-01-01 00:00:00	0000	0000	impermeable	/ɪmˈpɜːrmiəbl/\tnot allowing fluid to pass through\t통과시키지 않는, 불침투성의
00623	1970-01-01 00:00:00	0000	0000	impetus	/ˈɪmpɪtəs/\tthe force that makes something happen or happen more quickly\t추진력, 자극
00624	1970-01-01 00:00:00	0000	0000	impinge	/ɪmˈpɪndʒ/\tto have an effect or impact, especially a negative one\t침해하다, 영향을 미치다
00625	1970-01-01 00:00:00	0000	0000	imply	/ɪmˈplaɪ/\tto strongly suggest the truth or existence of something not expressly stated\t암시하다, 은연중에 덧붙이다
00626	1970-01-01 00:00:00	0000	0000	impoverish	/ɪmˈpɑːvərɪʃ/\tto make a person or area poor\t빈곤하게 만들다, 질을 떨어뜨리다
00627	1970-01-01 00:00:00	0000	0000	impromptu	/ɪmˈprɑːmptuː/\tdone without being planned or rehearsed\t즉흥적인, 준비 없이 하는
00628	1970-01-01 00:00:00	0000	0000	impudence	/ˈɪmpjədəns/\tthe quality of being insolent or disrespectful\t뻔뻔스러움, 건방짐
00629	1970-01-01 00:00:00	0000	0000	impugn	/ɪmˈpjuːn/\tto dispute the truth, validity, or honesty of\t의문을 제기하다, 반박하다
00630	1970-01-01 00:00:00	0000	0000	impunity	/ɪmˈpjuːnəti/\texemption from punishment or freedom from the injurious consequences of an action\t처벌을 받지 않음, 무사
00631	1970-01-01 00:00:00	0000	0000	inalienable	/ɪnˈeɪliənəbl/\tunable to be taken away from or given away by the possessor\t양도할 수 없는
00632	1970-01-01 00:00:00	0000	0000	inane	/ɪˈneɪn/\tsilly; stupid\t터무니없는, 어리석은
00633	1970-01-01 00:00:00	0000	0000	incandescent	/ˌɪnkænˈdesnt/\temitting light as a result of being heated; extremely angry or passionate\t열렬한, 눈부시게 밝은
00634	1970-01-01 00:00:00	0000	0000	incantation	/ˌɪnkænˈteɪʃn/\ta series of words said as a magic spell or charm\t주문, 마법의 말
00635	1970-01-01 00:00:00	0000	0000	incendiary	/ɪnˈsendieri/\tdesigned to cause fires; tending to stir up conflict\t선동적인, 방화의
00636	1970-01-01 00:00:00	0000	0000	incisive	/ɪnˈsaɪsɪv/\tintelligently analytical and clear-thinking\t날카로운, 명쾌한
00637	1970-01-01 00:00:00	0000	0000	incite	/ɪnˈsaɪt/\tto encourage or stir up violent or unlawful behavior\t선동하다, 자극하다
00638	1970-01-01 00:00:00	0000	0000	inclement	/ɪnˈklemənt/\tunpleasantly cold or wet weather\t혹독한, 궂은
00639	1970-01-01 00:00:00	0000	0000	incongruous	/ɪnˈkɑːŋɡruəs/\tnot in harmony or keeping with the surroundings or other aspects of something\t어울리지 않는, 부조화의
00640	1970-01-01 00:00:00	0000	0000	inconsequential	/ɪnˌkɑːnsɪˈkwenʃl/\tnot important or significant\t중요하지 않은, 사소한
00641	1970-01-01 00:00:00	0000	0000	incontrovertible	/ˌɪnkɑːntrəˈvɜːrtəbl/\tnot able to be denied or disputed\t반박할 수 없는, 명백한
00642	1970-01-01 00:00:00	0000	0000	incorrigible	/ɪnˈkɔːrɪdʒəbl/\tnot able to be corrected, improved, or reformed\t구제 불능의, 제멋대로의
00643	1970-01-01 00:00:00	0000	0000	incredulous	/ɪnˈkredʒələs/\tunwilling or unable to believe something\t쉽게 믿지 않는, 의심하는
00644	1970-01-01 00:00:00	0000	0000	increment	/ˈɪŋkrəmənt/\tan increase or addition, especially one of a series on a fixed scale\t증가량, 임금 인상
00645	1970-01-01 00:00:00	0000	0000	incriminate	/ɪnˈkrɪmɪneɪt/\tto make someone appear guilty of a crime or wrongdoing\t죄를 덮어씌우다, 고발하다
00646	1970-01-01 00:00:00	0000	0000	incursion	/ɪnˈkɜːrʒn/\tan invasion or inroad, especially an incursion or a brief one\t급습, 침입
00647	1970-01-01 00:00:00	0000	0000	indefatigable	/ˌɪndɪˈfætɪɡəbl/\tpersisting tirelessly\t지칠 줄 모르는, 피곤을 모르는
00648	1970-01-01 00:00:00	0000	0000	indelible	/ɪnˈdeləbl/\tmaking marks that cannot be removed\t지울 수 없는, 잊혀지지 않는
00649	1970-01-01 00:00:00	0000	0000	indict	/ɪnˈdaɪt/\tto formally accuse of or charge with a serious crime\t기소하다, 고발하다
00650	1970-01-01 00:00:00	0000	0000	indigenous	/ɪnˈdɪdʒənəs/\toriginating or occurring naturally in a particular place; native\t토착의, 원산의
00651	1970-01-01 00:00:00	0000	0000	indigent	/ˈɪndɪdʒənt/\tpoor; needy\t궁핍한, 빈곤한
00652	1970-01-01 00:00:00	0000	0000	indignant	/ɪnˈdɪɡnənt/\tfeeling or showing anger at what is perceived as unfair treatment\t분개한, 억울한
00653	1970-01-01 00:00:00	0000	0000	indomitable	/ɪnˈdɑːmɪtəbl/\timpossible to subdue or defeat\t굴복하지 않는, 불굴의
00654	1970-01-01 00:00:00	0000	0000	indubitable	/ɪnˈduːbɪtəbl/\timpossible to doubt; unquestionable\t의심할 여지없는, 확실한
00655	1970-01-01 00:00:00	0000	0000	induce	/ɪnˈduːs/\tto succeed in persuading or influencing someone to do something\t유도하다, 설득하다
00656	1970-01-01 00:00:00	0000	0000	indulgent	/ɪnˈdʌldʒənt/\thaving or indicating a tendency to be overly generous or lenient\t관대한, 눈감아주는
00657	1970-01-01 00:00:00	0000	0000	inexorable	/ɪnˈeksərəbl/\timpossible to stop or prevent\t멈출 수 없는, 냉혹한
00658	1970-01-01 00:00:00	0000	0000	infallible	/ɪnˈfæləbl/\tincapable of making mistakes or being wrong\t틀림없는, 완벽한
00659	1970-01-01 00:00:00	0000	0000	infamous	/ˈɪnfəməs/\twell known for some bad quality or deed\t악명 높은
00660	1970-01-01 00:00:00	0000	0000	infinitesimal	/ˌɪnfɪnɪˈtesɪml/\textremely small\t극소의, 매우 작은
00661	1970-01-01 00:00:00	0000	0000	infirmity	/ɪnˈfɜːrməti/\tphysical or mental weakness\t허약, 질병
00662	1970-01-01 00:00:00	0000	0000	inhibit	/ɪnˈhɪbɪt/\tto hinder, restrain, or prevent an action or process\t억제하다, 방해하다
00663	1970-01-01 00:00:00	0000	0000	inimical	/ɪˈnɪmɪkl/\ttending to obstruct or harm; hostile\t해로운, 적대적인
00664	1970-01-01 00:00:00	0000	0000	iniquity	/ɪˈnɪkwəti/\timmoral or grossly unfair behavior\t부당함, 사악함
00665	1970-01-01 00:00:00	0000	0000	injunction	/ɪnˈdʒʌŋkʃn/\tan authoritative warning or order\t명령, 금지 명령
00666	1970-01-01 00:00:00	0000	0000	innuendo	/ˌɪnjuˈendoʊ/\tan allusive or oblique remark or hint, typically a disparaging one\t풍자, 암시
00667	1970-01-01 00:00:00	0000	0000	insidious	/ɪnˈsɪdiəs/\tproceeding in a gradual, subtle way, but with harmful effects\t음흉한, 음험한
00668	1970-01-01 00:00:00	0000	0000	insinuate	/ɪnˈsɪnjueɪt/\tto suggest or hint something bad in an indirect and unpleasant way\t넌지시 말하다, 빗대어 말하다
00669	1970-01-01 00:00:00	0000	0000	insolent	/ˈɪnsələnt/\tshowing a rude and arrogant lack of respect\t무례한, 건방진
00670	1970-01-01 00:00:00	0000	0000	instigate	/ˈɪnstɪɡeɪt/\tto bring about or initiate an action or event\t부추기다, 선동하다
00671	1970-01-01 00:00:00	0000	0000	insular	/ˈɪnsələr/\tignorant of or uninterested in cultures, ideas, or peoples outside one's own experience\t배타적인, 편협한
00672	1970-01-01 00:00:00	0000	0000	insuperable	/ɪnˈsuːpərəbl/\timpossible to overcome\t극복할 수 없는
00673	1970-01-01 00:00:00	0000	0000	insurgent	/ɪnˈsɜːrdʒənt/\trising in active revolt\t반란을 일으키는, 폭도
00674	1970-01-01 00:00:00	0000	0000	intangible	/ɪnˈtændʒəbl/\tunable to be touched or grasped; not having physical presence\t만질 수 없는, 무형의
00675	1970-01-01 00:00:00	0000	0000	integral	/ˈɪntɪɡrəl/\tnecessary to make a whole complete; essential\t필수적인, 완전한
00676	1970-01-01 00:00:00	0000	0000	interdict	/ˌɪntərˈdɪkt/\tan authoritative prohibition\t금지하다, 금지령
00677	1970-01-01 00:00:00	0000	0000	interminable	/ɪnˈtɜːrmɪnəbl/\tendless, often used hyperbolically\t끝없이 계속되는
00678	1970-01-01 00:00:00	0000	0000	intractable	/ɪnˈtræktəbl/\thard to control or deal with\t다루기 힘든, 고집스러운
00679	1970-01-01 00:00:00	0000	0000	intrepid	/ɪnˈtrepɪd/\tfearless; adventurous\t용맹한, 대담한
00680	1970-01-01 00:00:00	0000	0000	invective	/ɪnˈvektɪv/\tinsulting, abusive, or highly critical language\t욕설, 비난
00681	1970-01-01 00:00:00	0000	0000	inveigle	/ɪnˈveɪɡl/\tto persuade someone to do something by means of deception or flattery\t감언이설로 유혹하다
00682	1970-01-01 00:00:00	0000	0000	invidious	/ɪnˈvɪdiəs/\tlikely to arouse or incur resentment or anger in others\t부당한, 남의 시기심을 사는
00683	1970-01-01 00:00:00	0000	0000	invulnerable	/ɪnˈvʌlnərəbl/\timpossible to harm or damage\t해칠 수 없는, 안전한
00684	1970-01-01 00:00:00	0000	0000	irksome	/ˈɜːrksəm/\tirritating; annoying\t짜증나는, 귀찮은
00685	1970-01-01 00:00:00	0000	0000	ironic	/aɪˈrɑːnɪk/\tusing or characterized by irony; happening in the opposite way to what is expected\t반어적인, 아이러니한
00686	1970-01-01 00:00:00	0000	0000	irrefutable	/ˌɪrɪˈfjuːtəbl/\timpossible to deny or disprove\t반박할 수 없는, 확실한
00687	1970-01-01 00:00:00	0000	0000	irresolute	/ɪˈrezəluːt/\tshowing or feeling hesitancy; uncertain\t결단력이 없는, 우유부단한
00688	1970-01-01 00:00:00	0000	0000	irreverent	/ɪˈrevərənt/\tshowing a lack of respect for people or things that are generally taken seriously\t불손한, 불경스러운
00689	1970-01-01 00:00:00	0000	0000	itinerant	/aɪˈtɪnərənt/\ttraveling from place to place\t떠돌아다니는, 순회하는
00690	1970-01-01 00:00:00	0000	0000	jaded	/ˈdʒeɪdɪd/\ttired, bored, or lacking enthusiasm, typically after having had too much of something\t지친, 싫증 난
00691	1970-01-01 00:00:00	0000	0000	jargon	/ˈdʒɑːrɡən/\tspecial words or expressions used by a profession or group that are difficult for others to understand\t특수 용어, 은어
00692	1970-01-01 00:00:00	0000	0000	jettison	/ˈdʒetɪsn/\tto throw or drop something from an aircraft or ship; to abandon or discard\t버리다, 폐기하다
00693	1970-01-01 00:00:00	0000	0000	jocular	/ˈdʒɑːkjələr/\tfond of or characterized by joking; humorous or playful\t익살스러운, 장난치는
00694	1970-01-01 00:00:00	0000	0000	judicious	/dʒuˈdɪʃəs/\thaving, showing, or done with good judgment or sense\t현명한, 신중한
00695	1970-01-01 00:00:00	0000	0000	juxtapose	/ˌdʒʌkstəˈpoʊz/\tto place or deal with close together for contrasting effect\t병치하다, 나란히 놓다
00696	1970-01-01 00:00:00	0000	0000	keen	/kiːn/\thaving or showing eagerness or enthusiasm; sharp\t열성적인, 예리한
00697	1970-01-01 00:00:00	0000	0000	kindle	/ˈkɪndl/\tto set fire to or ignite; to arouse or inspire\t불을 붙이다, 부추기다
00698	1970-01-01 00:00:00	0000	0000	kinetic	/kɪˈnetɪk/\trelating to or resulting from motion\t운동의, 활동적인
00699	1970-01-01 00:00:00	0000	0000	knotty	/ˈnɑːti/\textremely difficult or intricate\t복잡한, 얽히고설킨
00700	1970-01-01 00:00:00	0000	0000	laconism	/ˈlækənɪzm/\tthe use of very few words to express something\t간결함, 단언
00701	1970-01-01 00:00:00	0000	0000	lament	/ləˈment/\ta passionate expression of grief or sorrow\t애통해하다, 한탄하다
00702	1970-01-01 00:00:00	0000	0000	lampoon	/læmˈpuːn/\tto publicly criticize someone or something by using ridicule, irony, or sarcasm\t풍자하다, 조롱하다
00703	1970-01-01 00:00:00	0000	0000	languid	/ˈlæŋɡwɪd/\tdisplaying or having a disinclination for physical exertion or effort; slow and relaxed\t나른한, 활기 없는
00704	1970-01-01 00:00:00	0000	0000	languish	/ˈlæŋɡwɪʃ/\tto lose or lack vitality; grow weak or feeble\t쇠약해지다, 쇠퇴하다
00705	1970-01-01 00:00:00	0000	0000	largesse	/lɑːrˈdʒes/\tgenerosity in bestowing money or gifts upon others\t아낌없이 줌, 후함
00706	1970-01-01 00:00:00	0000	0000	latent	/ˈleɪtnt/\texisting but not yet developed or manifest; hidden or concealed\t잠재하는, 숨어 있는
00707	1970-01-01 00:00:00	0000	0000	laud	/lɔːd/\tto praise a person or their achievements highly\t칭찬하다, 찬양하다
00708	1970-01-01 00:00:00	0000	0000	laudable	/ˈlɔːdəbl/\tdeserving praise and commendation\t칭찬할 만한, 훌륭한
00709	1970-01-01 00:00:00	0000	0000	lavish	/ˈlævɪʃ/\tsumptuously rich, elaborate, or luxurious\t풍부한, 사치스러운
00710	1970-01-01 00:00:00	0000	0000	lax	/læks/\tnot sufficiently strict, severe, or careful\t느슨한, 해이한
00711	1970-01-01 00:00:00	0000	0000	leery	/ˈlɪri/\tcautious or wary due to realistic suspicions\t의심 많은, 조심스러워하는
00712	1970-01-01 00:00:00	0000	0000	lethargic	/ləˈθɑːrdʒɪk/\taffected by lethargy; sluggish and apathetic\t무기력한, 둔감한
00713	1970-01-01 00:00:00	0000	0000	levity	/ˈlevəti/\thumor or frivolity, especially the treatment of a serious matter with humor\t경솔, 경박
00714	1970-01-01 00:00:00	0000	0000	liberal	/ˈlɪbərəl/\tgiven, used, or occurring in generous amounts; open to new behavior\t아끼지 않는, 자유주의의
00715	1970-01-01 00:00:00	0000	0000	libertine	/ˈlɪbərtiːn/\ta person who behaves without moral principles or a sense of responsibility\t방탕아, 난봉꾼
00716	1970-01-01 00:00:00	0000	0000	licentious	/laɪˈsenʃəs/\tpromiscuous and unprincipled in sexual matters\t음란한, 방탕한
00717	1970-01-01 00:00:00	0000	0000	pidgin	/ˈpɪdʒɪn/\ta grammatically simplified form of a language used for communication between people not sharing a common language\t혼성어, 피진
00718	1970-01-01 00:00:00	0000	0000	limpid	/ˈlɪmpɪd/\tcompletely clear and transparent\t맑은, 투명한
00719	1970-01-01 00:00:00	0000	0000	lionize	/ˈlaɪənaɪz/\tto treat a person as a celebrity\t치하하다, 영웅시하다
00720	1970-01-01 00:00:00	0000	0000	lithe	/laɪð/\tthin, supple, and graceful\t유연한, 나긋나긋한
00721	1970-01-01 00:00:00	0000	0000	lucrative	/ˈluːkrətɪv/\tproducing a great deal of profit\t수익성이 좋은, 돈벌이가 되는
00722	1970-01-01 00:00:00	0000	0000	lugubrious	/ləˈɡuːbriəs/\tlooking or feeling sad and dismal\t침울한, 침통한
00723	1970-01-01 00:00:00	0000	0000	magnate	/ˈmæɡneɪt/\ta wealthy and influential business person\t거두, 거물
00724	1970-01-01 00:00:00	0000	0000	maladroit	/ˌmæləˈdrɔɪt/\tineffective or clumsy\t서투른, 솜씨 없는
00725	1970-01-01 00:00:00	0000	0000	malaise	/məˈleɪz/\ta general feeling of discomfort, illness, or uneasiness\t불쾌감, 초조함
00726	1970-01-01 00:00:00	0000	0000	malfeasance	/mælˈfiːzns/\twrongdoing, especially by a public official\t위법 행위, 부정행위
00727	1970-01-01 00:00:00	0000	0000	malicious	/məˈlɪʃəs/\tcharacterized by malice; intending or intended to do harm\t악의적인, 적의가 있는
00728	1970-01-01 00:00:00	0000	0000	malign	/məˈlaɪn/\tevil in nature or effect; malevolent\t비방하다, 악의적인
00729	1970-01-01 00:00:00	0000	0000	mandate	/ˈmændeɪt/\tan official order or commission to do something\t권한, 명령
00730	1970-01-01 00:00:00	0000	0000	manifest	/ˈmænɪfest/\tclear or obvious to the eye or mind\t명백한, 분명해지다
00731	1970-01-01 00:00:00	0000	0000	marginal	/ˈmɑːrdʒɪnl/\trelating to or at the edge or margin of something; minor\t미미한, 한계의
00732	1970-01-01 00:00:00	0000	0000	meander	/miˈændər/\tto follow a winding course; to wander at random\t구불구불하다, 거닐다
00733	1970-01-01 00:00:00	0000	0000	melancholy	/ˈmelənkɑːli/\ta feeling of pensive sadness, typically with no obvious cause\t우울, 애수
00734	1970-01-01 00:00:00	0000	0000	mellifluous	/məˈlɪfluəs/\tsweet or musical; pleasant to hear\t달콤한, 감도 높은
00735	1970-01-01 00:00:00	0000	0000	mercenary	/ˈmɜːrsəneri/\tprimarily concerned with making money at the expense of ethics\t돈을 목적으로 하는, 용병
00736	1970-01-01 00:00:00	0000	0000	morose	/məˈroʊs/\tsullen and ill-tempered\t뚱한, 시무룩한
00737	1970-01-01 00:00:00	0000	0000	munificent	/mjuːˈnɪfɪsnt/\tmore generous than is necessary or usual\t대단히 후한, 손이 큰
00738	1970-01-01 00:00:00	0000	0000	myopic	/maɪˈɑːpɪk/\tnearsighted; lacking imagination, foresight, or intellectual insight\t근시안적인, 편협한
00739	1970-01-01 00:00:00	0000	0000	nebulous	/ˈnebjələs/\tin the form of a cloud or haze; hazy, vague, or ill-defined\t모호한, 희미한
00740	1970-01-01 00:00:00	0000	0000	neologism	/niˈɑːlədʒɪzəm/\ta newly coined word or expression\t신조어
00741	1970-01-01 00:00:00	0000	0000	nonchalant	/ˌnɑːnʃəˈlɑːnt/\tfeeling or appearing casually calm and relaxed\t태연한, 무관심한
00742	1970-01-01 00:00:00	0000	0000	notorious	/noʊˈtɔːriəs/\tfamous or well known, typically for some bad quality or deed\t악명 높은
00743	1970-01-01 00:00:00	0000	0000	novel	/ˈnɑːvl/\tnew or unusual in an interesting way\t새로운, 참신한
00744	1970-01-01 00:00:00	0000	0000	noxious	/ˈnɑːkʃəs/\tharmful, poisonous, or very unpleasant\t유해한, 유독한
00745	1970-01-01 00:00:00	0000	0000	nuance	/ˈnuːɑːns/\ta subtle difference in or shade of meaning, expression, or sound\t미묘한 차이, 뉘앙스
00746	1970-01-01 00:00:00	0000	0000	oblivious	/əˈblɪviəs/\tnot aware of or not noticing what is happening around one\t알아채지 못하는, 염두에 두지 않는
00747	1970-01-01 00:00:00	0000	0000	obsolete	/ˌɑːbsəˈliːt/\tno longer produced or used; out of date\t구식의, 쓸모없어진
00748	1970-01-01 00:00:00	0000	0000	obtrusive	/əbˈtruːsɪv/\tnoticeable or prominent in an unwelcome or intrusive way\t눈에 띄는, 끼어드는
00749	1970-01-01 00:00:00	0000	0000	obtuse	/əbˈtuːs/\tannoyingly insensitive or slow to understand\t둔한, 둔감한
00750	1970-01-01 00:00:00	0000	0000	occlude	/əˈkluːd/\tto stop, close, or obstruct an opening, orifice, or passage\t막다, 차단하다
00751	1970-01-01 00:00:00	0000	0000	opulent	/ˈɑːpjələnt/\tostentatiously rich and luxurious or lavish\t호화로운, 풍부한
00752	1970-01-01 00:00:00	0000	0000	outmoded	/ˌaʊtˈmoʊdɪd/\tno longer acceptable or fashionable; obsolete\t구식의, 시대에 뒤떨어진
00753	1970-01-01 00:00:00	0000	0000	overt	/oʊˈvɜːrt/\tdone or shown openly; plainly or readily apparent\t명백한, 공공연한
00754	1970-01-01 00:00:00	0000	0000	painstaking	/ˈpeɪnzteɪkɪŋ/\tdone with or employing great care and thoroughness\t공들인, 세심한
00755	1970-01-01 00:00:00	0000	0000	palliative	/ˈpæliətɪv/\trelieving pain without dealing with the cause of the condition\t임시방편의, 완화하는
00756	1970-01-01 00:00:00	0000	0000	palpable	/ˈpæl pəbl/\table to be touched or felt; plain and obvious\t손으로 만질 수 있는, 명백한
00757	1970-01-01 00:00:00	0000	0000	pedestrian	/pəˈdestriən/\tlacking inspiration or excitement; dull\t평범한, 지루한
00758	1970-01-01 00:00:00	0000	0000	pejorative	/pɪˈdʒɔːrətɪv/\texpressing contempt or disapproval\t비하적인, 경멸적인
00759	1970-01-01 00:00:00	0000	0000	penchant	/ˈpentʃənt/\ta strong or habitual liking for something or tendency to do something\t애호, 강한 취향
00760	1970-01-01 00:00:00	0000	0000	penurious	/pəˈnʊriəs/\textremely poor; poverty-stricken; stingy\t극빈한, 인색한
00761	1970-01-01 00:00:00	0000	0000	perilous	/ˈperələs/\tfull of danger or risk\t위험한
00762	1970-01-01 00:00:00	0000	0000	permeable	/ˈpɜːrmiəbl/\tallowing liquids or gases to pass through it\t침투할 수 있는, 투과성의
00763	1970-01-01 00:00:00	0000	0000	pernicious	/pərˈnɪʃəs/\thaving a harmful effect, especially in a gradual or subtle way\t치명적인, 유해한
00764	1970-01-01 00:00:00	0000	0000	perpetual	/pərˈpetʃuəl/\tnever ending or changing; occurring repeatedly\t영구적인, 끊임없는
00765	1970-01-01 00:00:00	0000	0000	pertinacious	/ˌpɜːrtnˈeɪʃəs/\tholding firmly to an opinion or a course of action\t끈질긴, 완강한
00766	1970-01-01 00:00:00	0000	0000	pertinent	/ˈpɜːrtnənt/\trelevant or applicable to a particular matter; apposite\t적절한, 관련 있는
00767	1970-01-01 00:00:00	0000	0000	petulant	/ˈpetʃələnt/\tchildishly sulky or bad-tempered\t심술난, 화를 잘 내는
00768	1970-01-01 00:00:00	0000	0000	piety	/ˈpaɪəti/\tthe quality of being religious or reverent\t경건함, 독실함
00769	1970-01-01 00:00:00	0000	0000	placid	/ˈplæsɪd/\tnot easily upset or excited; calm and peaceful\t평온한, 조용한
00770	1970-01-01 00:00:00	0000	0000	plausible	/ˈplɔːzəbl/\tseeming reasonable or probable\t그럴듯한, 타당해 보이는
00771	1970-01-01 00:00:00	0000	0000	pliant	/ˈplaɪənt/\tpliable; easily bent or influenced\t유연한, 순종적인
00772	1970-01-01 00:00:00	0000	0000	poignant	/ˈpɔɪnjənt/\tevoking a keen sense of sadness or regret\t가슴에 메이는, 절절한
00773	1970-01-01 00:00:00	0000	0000	polemic	/pəˈlemɪk/\ta strong verbal or written attack on someone or something\t논쟁, 비판
00774	1970-01-01 00:00:00	0000	0000	precarious	/prɪˈkeriəs/\tnot securely held or in position; dangerously likely to fall or collapse\t위태로운, 불안정한
00775	1970-01-01 00:00:00	0000	0000	preclude	/prɪˈkluːd/\tto prevent from happening; make impossible\t못하게 하다, 불가능하게 하다
00776	1970-01-01 00:00:00	0000	0000	preeminent	/priˈemɪnənt/\tsurpassing all others; very distinguished in some way\t우월한, 탁월한
00777	1970-01-01 00:00:00	0000	0000	prescient	/ˈpresiənt/\thaving or showing knowledge of events before they take place\t선견지명이 있는
00778	1970-01-01 00:00:00	0000	0000	pretentious	/prɪˈtenʃəs/\tattempting to impress by affecting greater importance or talent than is possessed\t허세 부리는, 과장된
00779	1970-01-01 00:00:00	0000	0000	pristine	/ˈprɪstiːn/\tin its original condition; unspoiled\t원래 그대로의, 오염되지 않은
00780	1970-01-01 00:00:00	0000	0000	probity	/ˈproʊbəti/\tthe quality of having strong moral principles; honesty and decency\t정직, 청렴
00781	1970-01-01 00:00:00	0000	0000	prodigious	/prəˈdɪdʒəs/\tremarkably or impressively great in extent, size, or degree\t엄청난, 경이로운
00782	1970-01-01 00:00:00	0000	0000	profuse	/prəˈfjuːs/\texpressed or given in large amounts\t아낌없는, 풍부한
00783	1970-01-01 00:00:00	0000	0000	prolific	/prəˈlɪfɪk/\tproducing much fruit or foliage or many works\t다작의, 다산의
00784	1970-01-01 00:00:00	0000	0000	promulgate	/ˈprɑːmlɡeɪt/\tto promote or make widely known\t공포하다, 널리 알리다
00785	1970-01-01 00:00:00	0000	0000	proscribe	/proʊˈskraɪb/\tto forbid, especially by law\t금지하다, 배척하다
00786	1970-01-01 00:00:00	0000	0000	prosperous	/ˈprɑːspərəs/\tsuccessful in material terms; flourishing financially\t번창하는, 번영하는
00787	1970-01-01 00:00:00	0000	0000	protagonist	/prəˈtæɡənɪst/\tthe leading character or one of the major characters in a text\t주인공, 주도자
00788	1970-01-01 00:00:00	0000	0000	providential	/ˌprɑːvɪˈdenʃl/\toccurring at a favorable time; opportune\t기적적인, 섭리의
00789	1970-01-01 00:00:00	0000	0000	provincial	/prəˈvɪnʃl/\tcharacteristic of a province; limited in outlook; narrow-minded\t편협한, 지방의
00790	1970-01-01 00:00:00	0000	0000	prudent	/ˈpruːdnt/\tacting with or showing care and thought for the future\t신중한, 알뜰한
00791	1970-01-01 00:00:00	0000	0000	puerile	/ˈpjʊrəl/\tchildishly silly and trivial\t유치한, 바보 같은
00792	1970-01-01 00:00:00	0000	0000	pugnacious	/pʌɡˈneɪʃəs/\teager or quick to argue, quarrel, or fight\t호전적인, 싸우기 좋아하는
00793	1970-01-01 00:00:00	0000	0000	punctilious	/pʌŋkˈtɪliəs/\tshowing great attention to detail or correct behavior\t꼼꼼한, 딱딱한
00794	1970-01-01 00:00:00	0000	0000	pungent	/ˈpʌndʒənt/\thaving a sharply strong taste or smell\t날카로운, 신랄한
00795	1970-01-01 00:00:00	0000	0000	pusillanimous	/ˌpjuːsɪˈlænɪməs/\tshowing a lack of courage or determination; timid\t겁많은, 소심한
00796	1970-01-01 00:00:00	0000	0000	quaint	/kweɪnt/\tattractively unusual or old-fashioned\t진기한, 예스러운
00797	1970-01-01 00:00:00	0000	0000	quell	/kwel/\tto put an end to a rebellion or other disorder, typically by the use of force\t진압하다, 가라앉히다
00798	1970-01-01 00:00:00	0000	0000	querulous	/ˈkwerələs/\tcomplaining in a petulant or whining manner\t불평이 많은, 짜증내는
00799	1970-01-01 00:00:00	0000	0000	quixotic	/kwɪkˈsɑːtɪk/\texceedingly idealistic; unrealistic and impractical\t공상적인, 돈키호테 같은
00800	1970-01-01 00:00:00	0000	0000	rancor	/ˈræŋkər/\tbitterness or resentfulness, especially when long-standing\t원한, 악의
00801	1970-01-01 00:00:00	0000	0000	rapacious	/rəˈpeɪʃəs/\taggressively greedy or grasping\t탐욕스러운, 강탈하는
00802	1970-01-01 00:00:00	0000	0000	redoubtable	/rɪˈdaʊtəbl/\tformidable, especially as an opponent\t경외할 만한, 가공할
00803	1970-01-01 00:00:00	0000	0000	remedial	/rɪˈmiːdiəl/\tprovided or intended as a remedy or cure\t교정하는, 치료하는
00804	1970-01-01 00:00:00	0000	0000	remorse	/rɪˈmɔːrs/\tdeep regret or guilt for a wrong committed\t후회, 자책
00805	1970-01-01 00:00:00	0000	0000	renounce	/rɪˈnaʊns/\tto formally declare one's abandonment of a claim, right, or possession\t포기하다, 단념하다
00806	1970-01-01 00:00:00	0000	0000	reprehensible	/ˌreprɪˈhensəbl/\tdeserving censure or condemnation\t비난받아 마땅한
00807	1970-01-01 00:00:00	0000	0000	repress	/rɪˈpres/\tto subdue someone or something by force\t억압하다, 참다
00808	1970-01-01 00:00:00	0000	0000	reprove	/rɪˈpruːv/\tto reprimand or censure someone\t꾸짖다, 책망하다
00809	1970-01-01 00:00:00	0000	0000	reserve	/rɪˈzɜːrv/\trefraining from showing one's feelings or thoughts; self-restraint\t자제, 침묵
00810	1970-01-01 00:00:00	0000	0000	resilient	/rɪˈzɪliənt/\table to withstand or recover quickly from difficult conditions\t회복력 있는, 탄력 있는
00811	1970-01-01 00:00:00	0000	0000	resolute	/ˈrezəluːt/\tadmirably purposeful, determined, and unwavering\t단호한, 확고한
00812	1970-01-01 00:00:00	0000	0000	reverent	/ˈrevərənt/\tfeeling or showing deep and solemn respect\t숭배하는, 경건한
00813	1970-01-01 00:00:00	0000	0000	rhetoric	/ˈretərɪk/\tthe art of effective or persuasive speaking or writing\t수사학, 미사여구
00814	1970-01-01 00:00:00	0000	0000	rigorous	/ˈrɪɡərəs/\textremely thorough, exhaustive, or accurate\t엄격한, 철저한
00815	1970-01-01 00:00:00	0000	0000	robust	/roʊˈbʌst/\tstrong and healthy; vigorous\t탄탄한, 원기 왕성한
00816	1970-01-01 00:00:00	0000	0000	sacrosanct	/ˈsækroʊsæŋkt/\tregarded as too important or valuable to be interfered with\t신성불가침의
00817	1970-01-01 00:00:00	0000	0000	sagacious	/səˈɡeɪʃəs/\thaving or showing keen mental discernment and good judgment\t현명한, 명찰력이 있는
00818	1970-01-01 00:00:00	0000	0000	salient	/ˈseɪliənt/\tmost noticeable or important\t가장 중요한, 두드러진
00819	1970-01-01 00:00:00	0000	0000	salutary	/ˈsæljəteri/\tproducing good effects; beneficial\t유익한, 건전한
00820	1970-01-01 00:00:00	0000	0000	sanguine	/ˈsæŋɡwɪn/\toptimistic or positive, especially in an apparently bad situation\t낙관적인, 자신감 넘치는
00821	1970-01-01 00:00:00	0000	0000	sardonically	/sɑːrˈdɑːnɪkli/\tgrimly mocking or cynical\t냉소적으로, 빈정대듯
00822	1970-01-01 00:00:00	0000	0000	scanty	/ˈskænti/\tsmall or insufficient in quantity or amount\t부족한, 얼마 안 되는
00823	1970-01-01 00:00:00	0000	0000	scrutinize	/ˈskruːtənaɪz/\tto examine or inspect closely and thoroughly\t면밀히 조사하다
00824	1970-01-01 00:00:00	0000	0000	sedentary	/ˈsednteəri/\ttending to spend much time seated; somewhat inactive\t앉아서 하는, 정적인
00825	1970-01-01 00:00:00	0000	0000	sedulous	/ˈsedʒələs/\tshowing dedication and diligence\t공들이는, 근면한
00826	1970-01-01 00:00:00	0000	0000	sere	/sɪr/\tdry or withered\t시든, 말라붙은
00827	1970-01-01 00:00:00	0000	0000	serendipity	/ˌserənˈdɪpəti/\tthe occurrence of events by chance in a happy or beneficial way\t뜻밖의 행운, 세렌디피티
00828	1970-01-01 00:00:00	0000	0000	serene	/səˈriːn/\tcalm, peaceful, and untroubled; tranquil\t고요한, 평화로운
00829	1970-01-01 00:00:00	0000	0000	servile	/ˈsɜːrvl/\thaving or showing an excessive willingness to serve or please others\t굽신거리는, 비굴한
00830	1970-01-01 00:00:00	0000	0000	shrewd	/ʃruːd/\thaving or showing sharp powers of judgment; astute\t영리한, 상황 판단이 빠른
00831	1970-01-01 00:00:00	0000	0000	solicitude	/səˈlɪsɪtuːd/\tcare or concern for someone or something\t배려, 염려
00832	1970-01-01 00:00:00	0000	0000	somatic	/soʊˈmætɪk/\trelating to the body, especially as distinct from the mind\t신체의, 육체의
00833	1970-01-01 00:00:00	0000	0000	somnolent	/ˈsɑːmnələnt/\tsleepy; drowsy\t지루한, 졸리게 하는
00834	1970-01-01 00:00:00	0000	0000	sophistry	/ˈsɑːfɪstri/\tthe use of fallacious arguments, especially with the intention of deceiving\t궤변
00835	1970-01-01 00:00:00	0000	0000	stagnant	/ˈstæɡnənt/\thaving no current or flow and often having an unpleasant smell as a consequence\t고여 있는, 침체된
00836	1970-01-01 00:00:00	0000	0000	staid	/steɪd/\tsedate, respectable, and unadventuresome\t차분한, 재미없는
00837	1970-01-01 00:00:00	0000	0000	stark	/stɑːrk/\tsevere or bare in appearance or outline\t삭막한, 명백한
00838	1970-01-01 00:00:00	0000	0000	stagnate	/ˈstæɡneɪt/\tcease to flow or move; become stagnant\t침체되다, 고이다
00839	1970-01-01 00:00:00	0000	0000	striated	/ˈstraɪeɪtɪd/\tmarked with striae, stripes, or streaks\t줄무늬가 있는
00840	1970-01-01 00:00:00	0000	0000	strident	/ˈstraɪdnt/\tloud and harsh; grating\t귀에 거슬리는, 단호한
00841	1970-01-01 00:00:00	0000	0000	stymie	/ˈstaɪmi/\tprevent or hinder the progress of\t방해하다, 좌절시키다
00842	1970-01-01 00:00:00	0000	0000	sublime	/səˈblaɪm/\tof such excellence, grandeur, or beauty as to inspire great admiration or awe\t숭고한, 탁월한
00843	1970-01-01 00:00:00	0000	0000	submissive	/səˈmɪsɪv/\tready to conform to the authority or will of others; obedient\t순종적인, 복종하는
00844	1970-01-01 00:00:00	0000	0000	subpœna	/səˈpiːnə/\ta writ ordering a person to attend a court\t선서 요구서, 소환장
00845	1970-01-01 00:00:00	0000	0000	subsequent	/ˈsʌbsɪkwənt/\tcoming after something in time; following\t그 다음의, 차후의
00846	1970-01-01 00:00:00	0000	0000	subversive	/səbˈvɜːrsɪv/\tseeking or intended to subvert an established system or institution\t체제颠覆적인, 반항적인
00847	1970-01-01 00:00:00	0000	0000	succinct	/səkˈsɪŋkt/\tbriefly and clearly expressed\t간결한, 간단명료한
00848	1970-01-01 00:00:00	0000	0000	sullen	/ˈsʌlən/\tbad-tempered and sulky; gloomy\t뚱한, 시무룩한
00849	1970-01-01 00:00:00	0000	0000	sundry	/ˈsʌndri/\tof various kinds; several\t여러 가지의, 잡다한
00850	1970-01-01 00:00:00	0000	0000	supercilious	/ˌsuːpərˈsɪliəs/\tbehaving or looking as though one thinks one is superior to others\t거만한, 남을 업신여기는
00851	1970-01-01 00:00:00	0000	0000	superfluous	/suːˈpɜːrfluəs/\tunnecessary, especially through being more than enough\t불필요한, 남아도는
00852	1970-01-01 00:00:00	0000	0000	suppress	/səˈpres/\tforcibly put an end to\t억압하다, 진압하다
00853	1970-01-01 00:00:00	0000	0000	surreptitious	/ˌsɜːrəpˈtɪʃəs/\tkept secret, especially because it would not be approved of\t은밀한, 비밀의
00854	1970-01-01 00:00:00	0000	0000	sycophant	/ˈsɪkəfænt/\ta person who acts obsequiously toward someone important to gain advantage\t아첨꾼
00855	1970-01-01 00:00:00	0000	0000	tantamount	/ˈtæntəmaʊnt/\tequivalent in seriousness to; virtually the same as\t~와 마찬가지인, 대등한
00856	1970-01-01 00:00:00	0000	0000	tawdry	/ˈtɔːdri/\tshowy but cheap and of poor quality\t야한, 저속한
00857	1970-01-01 00:00:00	0000	0000	temerity	/təˈmerəti/\texcessive confidence or boldness; audacity\t무모함, 만용
00858	1970-01-01 00:00:00	0000	0000	temperate	/ˈtempərət/\tshowing moderation or self-restraint\t절제하는, 온화한
00859	1970-01-01 00:00:00	0000	0000	tendentious	/tenˈdenʃəs/\texpressing or intending to promote a particular cause or point of view\t편향적인, 선동적인
00860	1970-01-01 00:00:00	0000	0000	tepid	/ˈtepɪd/\tonly slightly warm; lukewarm\t미지근한, 열의 없는
00861	1970-01-01 00:00:00	0000	0000	terse	/tɜːrs/\tsparing in the use of words; abrupt\t간결한, 퉁명스러운
00862	1970-01-01 00:00:00	0000	0000	timorous	/ˈtɪmərəs/\tshowing or suffering from nervousness, fear, or a lack of confidence\t겁 많은, 소심한
00863	1970-01-01 00:00:00	0000	0000	torpid	/ˈtɔːrpɪd/\tmentally or physically inactive; lethargic\t무기력한, 활기 없는
00864	1970-01-01 00:00:00	0000	0000	tranquil	/ˈtræŋkwɪl/\tfree from disturbance; calm\t조용한, 평온한
00865	1970-01-01 00:00:00	0000	0000	transient	/ˈtrænʒnt/\tlasting only for a short time; impermanent\t일시적인, 순간적인
00866	1970-01-01 00:00:00	0000	0000	trite	/traɪt/\tlacking originality or freshness\t진부한, 독창성이 없는
00867	1970-01-01 00:00:00	0000	0000	turbid	/ˈtɜːrbɪd/\tcloudy, opaque, or thick with suspended matter\t탁한, 흐린
00868	1970-01-01 00:00:00	0000	0000	turgid	/ˈtɜːrdʒɪd/\tswollen and distended or congested\t복잡하고 지루한, 부풀어 오른
00869	1970-01-01 00:00:00	0000	0000	turpitude	/ˈtɜːrpɪtuːd/\twickedness; depravity\t비열, 사악함
00870	1970-01-01 00:00:00	0000	0000	umbrage	/ˈʌmbrɪdʒ/\toffense or annoyance\t불쾌감, 불쾌하게 여기다
00871	1970-01-01 00:00:00	0000	0000	unctuous	/ˈʌŋktʃuəs/\texcessively or ingratiatingly flattering; oily\t번지르르한, 아첨하는
00872	1970-01-01 00:00:00	0000	0000	undermine	/ˌʌndərˈmaɪn/\tto lessen the effectiveness, power, or ability of, especially gradually\t약화시키다, 해치다
00873	1970-01-01 00:00:00	0000	0000	unequivocal	/ˌʌnɪˈkwɪvəkl/\tleaving no doubt; unambiguous\t명백한, 분명한
00874	1970-01-01 00:00:00	0000	0000	unfathomable	/ʌnˈfæðəməbl/\tincapable of being fully explored or understood\t헤아릴 수 없는, 깊이를 알 수 없는
00875	1970-01-01 00:00:00	0000	0000	ungainly	/ʌnˈɡeɪnli/\tawkward; clumsy\t서투른, 어색한
00876	1970-01-01 00:00:00	0000	0000	unscrupulous	/ʌnˈskruːpjələs/\thaving or showing no moral principles; not honest or fair\t비양심적인, 부도덕한
00877	1970-01-01 00:00:00	0000	0000	unyielding	/ʌnˈjiːldɪŋ/\tnot giving way to pressure; hard or inflexible\t고집스러운, 단단한
00878	1970-01-01 00:00:00	0000	0000	upbraid	/ʌpˈbreɪd/\tfind fault with someone; scold\t비난하다, 질책하다
00879	1970-01-01 00:00:00	0000	0000	urbane	/ɜːrˈbeɪn/\tsuave, courteous, and refined in manner\t세련된, 점잖은
00880	1970-01-01 00:00:00	0000	0000	usurp	/juːˈsɜːrp/\ttake a position of power or importance illegally or by force\t강탈하다, 침범하다
00881	1970-01-01 00:00:00	0000	0000	vapid	/ˈvæpɪd/\toffering nothing that is stimulating or challenging\t흥미 없는, 지루한
00882	1970-01-01 00:00:00	0000	0000	vehement	/ˈviːəmənt/\tshowing strong feeling; forceful, passionate, or intense\t격렬한, 열렬한
00883	1970-01-01 00:00:00	0000	0000	veracity	/vəˈræsəti/\tconformity to facts; accuracy; truthfulness\t진실성, 정직
00884	1970-01-01 00:00:00	0000	0000	verisimilitude	/ˌverɪsɪˈmɪlɪtuːd/\tthe appearance of being true or real\t신빙성, 사실성
00885	1970-01-01 00:00:00	0000	0000	veritable	/ˈverɪtəbl/\tused as an intensifier, often to qualify a metaphor\t진짜의, 진정한
00886	1970-01-01 00:00:00	0000	0000	vicarious	/vaɪˈkeriəs/\texperienced in the imagination through the feelings or actions of another person\t대리의, 간접적인
00887	1970-01-01 00:00:00	0000	0000	vicissitude	/vɪˈsɪsɪtuːd/\ta change of circumstances or fortune, typically one that is unwelcome\t변화, 우여곡절
00888	1970-01-01 00:00:00	0000	0000	vigilant	/ˈvɪdʒɪlənt/\tkeeping careful watch for possible danger or difficulties\t바짝 경계하는, 방심하지 않는
00889	1970-01-01 00:00:00	0000	0000	virulent	/ˈvɪrjələnt/\textremely severe or harmful in its effects\t매우 유독한, 악의에 찬
00890	1970-01-01 00:00:00	0000	0000	vitiate	/ˈvɪʃieɪt/\tspoil or impair the quality or efficiency of\t손상시키다, 무효로 하다
00891	1970-01-01 00:00:00	0000	0000	vitriolic	/ˌvɪtriˈɑːlɪk/\tfilled with bitter criticism or malice\t신랄한, 증오에 찬
00892	1970-01-01 00:00:00	0000	0000	vituperative	/vaɪˈtuːpərətɪv/\tbitter and abusive\t비난하는, 독설의
00893	1970-01-01 00:00:00	0000	0000	vociferous	/voʊˈsɪfərəs/\tvehement or clamorous\t소란스러운, 큰 소리로 외치는
00894	1970-01-01 00:00:00	0000	0000	voracious	/vəˈreɪʃəs/\twanting or devouring great quantities of food or information\t게걸스러운, 탐욕스러운
00895	1970-01-01 00:00:00	0000	0000	wane	/weɪn/\tto decrease in vigor, power, or size; become weaker\t시들어 가다, 약해지다
00896	1970-01-01 00:00:00	0000	0000	wanton	/ˈwɑːntən/\tdeliberate and unprovoked; sexually unrestrained\t악의적인, 마구잡이의
00897	1970-01-01 00:00:00	0000	0000	wary	/ˈweri/\tfeeling or showing caution about possible dangers or problems\t경계하는, 신중한
00898	1970-01-01 00:00:00	0000	0000	whet	/wet/\tto sharpen a blade; to excite or stimulate a desire or appetite\t자극하다, 돋우다
00899	1970-01-01 00:00:00	0000	0000	willful	/ˈwɪlfl/\tintentional, deliberate; stubborn and determined to have one's way\t고의적인, 고집스러운
00900	1970-01-01 00:00:00	0000	0000	wily	/ˈwaɪli/\tskilled at gaining an advantage, especially deceitfully\t교활한, 꾀가 많은
00901	1970-01-01 00:00:00	0000	0000	wither	/ˈwɪðər/\tto become dry and shriveled; to cause to decline or decay\t시들다, 쇠퇴하다
00902	1970-01-01 00:00:00	0000	0000	witty	/ˈwɪti/\tshowing or characterized by quick and inventive verbal humor\t재치 있는, 기발한
00903	1970-01-01 00:00:00	0000	0000	wizened	/ˈwɪznd/\tshriveled or wrinkled with age\t시든, 주름진
00904	1970-01-01 00:00:00	0000	0000	zeal	/ˈziːl/\tgreat energy or enthusiasm in pursuit of a cause or an objective\t열의, 열정
00905	1970-01-01 00:00:00	0000	0000	affirmation	/ˌæfərˈmeɪʃn/\tthe action of affirming something or being affirmed; emotional support or encouragement\t확인, 지지
00906	1970-01-01 00:00:00	0000	0000	alienate	/ˈeɪliəneɪt/\tcause someone to feel isolated or estranged\t소외시키다, 멀어지게 하다
00907	1970-01-01 00:00:00	0000	0000	aloof	/əˈluːf/\tnot friendly or forthcoming; cool and distant\t냉담한, 쌀쌀맞은
00908	1970-01-01 00:00:00	0000	0000	ambivalence	/æmˈbɪvələns/\tthe state of having mixed feelings or contradictory ideas about something or someone\t반대 감정 교차, 양가감정
00909	1970-01-01 00:00:00	0000	0000	amorphous	/əˈmɔːrfəs/\twithout a clearly defined shape or form\t무형의, 형태가 없는
00910	1970-01-01 00:00:00	0000	0000	anarchy	/ˈænərki/\ta state of disorder due to absence or nonrecognition of authority\t무정부 상태, 혼란
00911	1970-01-01 00:00:00	0000	0000	avarice	/ˈævərɪs/\textreme greed for wealth or material gain\t탐욕, 집착
00912	1970-01-01 00:00:00	0000	0000	bogus	/ˈboʊɡəs/\tnot genuine or true; fake\t가짜의, 위조의
00913	1970-01-01 00:00:00	0000	0000	coercion	/koʊˈɜːrʒn/\tthe practice of persuading someone to do something by using force or threats\t강제, 강압
00914	1970-01-01 00:00:00	0000	0000	conflagration	/ˌkɑːnfləˈɡreɪʃn/\tan extensive fire which destroys a great deal of land or property\t대형 화재
00915	1970-01-01 00:00:00	0000	0000	confound	/kənˈfaʊnd/\tcause surprise or confusion in someone, especially by acting against their expectations\t어리둥절하게 하다, 당황하게 하다
00916	1970-01-01 00:00:00	0000	0000	demagogue	/ˈdeməɡɑːɡ/\ta political leader who seeks support by appealing to popular desires rather than by using rational argument\t선동가
