name	french-japanese                                                                 
n-session	000054
00001	2026-08-20 02:59:19	0006	0005	plaindre (se plaindre)	불평하다
00002	2026-08-17 05:32:02	0007	0005	les chefs-d'œuvre (m, pl)	걸작들
00003	2026-09-22 12:35:10	0007	0006	les guirlandes lumineuses (f)	전구 장식
00004	2026-09-02 12:35:23	0007	0005	古文書 (komonjo)	고문서
00005	2026-08-07 04:25:19	0012	0002	あんまり	별로, 그다지
00006	2026-09-28 12:35:29	0005	0006	本当 に (hontō ni, 부사)	'정말로', '진짜로'
00007	2026-08-17 05:32:11	0006	0005	je sais même pas	나는 심지어 모른다
00008	2026-08-08 03:00:06	0010	0004	おっと	어머, 앗 (놀람)
00009	2026-08-20 23:40:51	0011	0005	字幕版 (jimakuban)	자막판
00010	2026-08-13 05:32:17	0007	0005	ほらほら	자, 봐봐
00011	2026-09-21 12:35:46	0007	0006	グラフィック	그래픽
00012	2026-09-28 12:35:54	0005	0006	植物 (shokubutsu)	식물
00013	2026-09-27 12:36:10	0005	0006	画面を見る時間 (がめん み じかん)	화면 보는 시간
00014	2026-08-20 03:00:27	0007	0005	巣 (su)	둥지, 집
00015	2026-09-28 03:15:32	0008	0004	le quartier	동네, 지역
00016	2026-08-20 03:00:52	0006	0005	se faire mal	다치다
00017	2026-08-15 05:46:59	0009	0005	la couronne	리스, 화환
00018	2026-08-19 03:01:01	0006	0005	exprimer	표현하다
00019	2026-09-29 12:36:21	0005	0006	magazines people	연예인 잡지
00020	2026-08-19 03:01:31	0006	0005	生地 (kiji)	피자 도우, 반죽
00021	2026-08-13 05:32:24	0005	0005	bijouterie	보석상
00022	2026-09-23 13:48:55	0006	0006	細かい (koma)	세세한, 작은
00023	2026-08-08 03:43:21	0011	0002	gratter	引っかく（動詞）
00024	2026-09-21 12:36:26	0005	0006	天気予報 tenki yohō	일기 예보
00025	2026-08-16 03:01:49	0005	0005	passer à table	밥 먹으러 가다
00026	2026-09-23 12:36:35	0004	0006	débutant/débutante	초보자
00027	2026-08-20 12:36:42	0006	0003	変更 (へんこう)	변경
00028	2026-09-19 12:36:55	0005	0006	avoir envie de	~하고 싶다
00029	2026-09-26 12:37:03	0005	0006	fard à paupières (m)	아이섀도우
00030	2026-08-15 03:01:54	0005	0005	角(かど)	모퉁이, 구석
00031	2026-08-15 03:02:03	0007	0005	振り返る (ふ かえ)	되돌아보다
00032	2026-08-18 03:02:16	0007	0005	認める (みと)	인정하다
00033	2026-09-20 12:37:12	0004	0006	la photosynthèse	광합성
00034	2026-08-14 05:55:37	0010	0006	遅れちゃった (oku)	늦어버렸다
00035	2026-08-14 03:02:34	0004	0005	se fixer des buts	목표를 정하다
00036	2026-08-08 16:27:44	0021	0008	ほとんど	거의, 대부분
00037	2026-08-28 03:33:26	0014	0007	験を担ぐ(げん かつ)	징크스 믿다, 재수를 따지다
00038	2026-08-17 03:03:11	0004	0005	c'est pas mon truc	내 스타일이 아니다
00039	2026-08-15 03:03:19	0007	0005	ごとに (goto ni)	~마다
00040	2026-08-17 03:03:25	0005	0005	水やり (mizu)	물주기
00041	2026-08-09 03:33:37	0013	0005	ネット通販 (tsūhan)	인터넷 쇼핑
00042	2026-08-18 03:04:23	0004	0005	arrêter	그만두다, 멈추다
00043	2026-09-24 12:37:24	0006	0006	冬の風物詩 (fuyu fūbutsushi)	겨울의 풍물시
00044	2026-08-08 03:06:32	0007	0004	嫌がらせ (いや)	괴롭힘, 성가신 일
00045	2026-08-18 03:06:45	0003	0005	panneaux solaires (m.pl)	태양광 패널
00046	2026-08-23 08:23:01	0009	0007	entraînant	신나는, 매혹적인
00047	2026-08-17 03:07:06	0003	0005	店 (mise)	가게
00048	2026-08-19 03:08:07	0003	0005	ouvert un parapluie à l'intérieur	室内で傘を開いた (실내에서 우산폈다)
00049	2026-08-21 03:08:23	0003	0005	もうすぐ	곧
00050	2026-08-14 03:08:30	0003	0005	記録 (kiroku)	기록
00051	2026-11-04 04:15:19	0005	0006	リラックスできる	휴식을 취할 수 있다
00052	2026-08-08 03:33:43	0014	0003	un déguisement	변장, 의상, 코스튬
00053	2026-08-30 12:37:32	0005	0005	企画する (きかく)	기획하다
00054	2026-08-10 19:37:19	0017	0009	胃もたれ (i)	소화불량, 속이 더부룩함
00055	2026-09-27 12:37:47	0004	0006	trier le linge	빨래를 분류하다
00056	2026-08-21 03:10:08	0003	0005	le billet	티켓
00057	2026-08-16 03:10:18	0004	0005	だんだん	점점
00058	2026-08-08 03:23:28	0003	0004	plier le linge	빨래를 개다
00059	2026-08-20 03:38:01	0004	0005	consensus	합의
00060	2026-09-26 13:25:54	0005	0004	よく (yoku, 부사)	'잘도', '어떻게 그렇게' (놀라움이나 감탄을 나타냄)
00061	2026-08-12 05:34:45	0010	0008	mettre un bonnet	모자를 쓰다
00062	2026-08-15 12:50:30	0007	0006	用意する (yōi)	준비하다
00063	2026-09-27 12:38:29	0004	0006	交通事故 kōtsū jiko	교통사고
00064	2026-08-17 06:23:34	0003	0005	クリスマスツリー	크리스마스 트리
00065	2026-08-31 23:57:25	0009	0007	être congelé(e)	얼어붙다
00066	2026-08-27 23:57:39	0012	0009	être en sueur	땀을 흘리다
00067	2026-08-28 13:49:39	0007	0007	全然 (ぜんぜん)	전혀
00068	2026-08-07 23:41:02	0013	0008	年末調整 (ねんまつちょうせい)	연말 정산
00069	2026-08-19 02:26:58	0003	0005	ça sent bon	좋은 냄새가 나다
00070	2026-08-30 00:52:39	0005	0005	期限 (きげん)	기한
00071	2026-08-26 02:27:08	0004	0005	se lever	일어나다
00072	2026-08-09 03:29:28	0011	0008	bûche (f)	丸太(maruta) 통나무、薪
00073	2026-08-11 02:27:51	0004	0004	tout déchirer	완전히 찢다, 대성공하다
00074	2026-08-15 00:46:29	0007	0006	気に入る(き い)	마음에 들다
00075	2026-08-08 04:09:15	0005	0003	火の番 (ひ ばん)	火の管理、見守り
00076	2026-09-22 12:38:38	0004	0006	電気代(でんきだい)	전기요금
00077	2026-08-30 03:33:58	0010	0009	la sueur coule	땀이 흐른다
00078	2026-08-22 02:27:59	0003	0005	bouger	움직이다
00079	2026-09-19 13:47:05	0005	0006	当選 (tōsen)	당첨
00080	2026-10-02 03:34:09	0008	0005	仮装 (kasō)	변장, 분장, 코스튬
00081	2026-08-20 03:39:29	0004	0005	遅い (おそ)	늦다
00082	2026-08-21 13:13:08	0010	0007	噛む (ka)	물다
00083	2026-09-24 03:39:58	0010	0006	ぴったり	딱 맞는, 완벽한
00084	2026-08-14 19:55:32	0007	0006	幸い (saiwa)	다행히
00085	2026-09-25 03:40:28	0005	0006	m'aurait rendu triste	날 슬프게 했을 거야
00086	2026-08-08 03:44:32	0026	0003	どうやら	어떻게 보니, ~인 것 같다
00087	2026-08-26 02:28:51	0003	0005	mouillé(e) trempé(e)	젖은, 흠뻑 젖은
00088	2026-10-29 03:34:37	0004	0006	un remboursement	환불
00089	2026-09-17 00:55:07	0008	0008	不正アクセス (fusei)	부정 접속
00090	2026-08-17 02:29:56	0003	0005	un menteur	거짓말쟁이
00091	2026-08-23 02:30:02	0003	0005	j'ai failli	~할 뻔했다
00092	2026-08-27 23:58:37	0007	0007	Si ça me permet de	만약 그것이 나에게 ~할 수 있게 한다면
00093	2026-08-18 02:30:08	0003	0005	葉(は)	잎
00094	2026-08-08 00:57:09	0006	0004	おや	어라, 어우, 이런
00095	2026-08-27 00:46:56	0015	0009	食らう (く)	당하다, 받다
00096	2026-08-29 19:55:37	0006	0005	満腹 (manpuku)	만복, 배부름
00097	2026-09-06 10:23:35	0004	0005	ペット	반려동물
00098	2026-08-11 03:54:21	0006	0006	閉じる（と)	접다, 닫다
00099	2026-09-20 03:34:55	0008	0008	お正月飾り (しょうがつかざ)	설 장식
00100	2026-10-01 13:26:04	0005	0006	いつか	언젠가
00101	2026-09-20 13:47:17	0004	0006	ソムリエ (somurie)	소믈리에
00102	2026-09-25 13:47:41	0005	0006	échec (m)	실패
00103	2026-10-04 10:23:47	0006	0006	挫折 (ざせつ)	좌절
00104	2026-08-09 19:55:48	0012	0006	やり直す (なお)	다시 하다
00105	2026-08-23 02:31:23	0003	0005	する (suru)	하다
00106	2026-08-21 03:15:46	0011	0010	caresser	なでる
00107	2026-08-29 19:55:58	0004	0005	噛む (か)	씹다
00108	2026-08-07 10:24:04	0006	0006	se souvenir de	~한 것을 기억하다
00109	2026-08-15 05:09:54	0005	0003	reconnaître	인정하다
00110	2026-08-26 13:49:29	0006	0003	伝統行事 (dentō gyōji)	전통 행사
00111	2026-08-09 03:35:11	0019	0010	めくれ始めたら (はじ)	넘어가기 시작하면
00112	2026-08-13 03:55:41	0008	0006	la serre (f)	온실
00113	2026-09-15 12:51:33	0004	0006	郵便 (ゆうびん)	우편
00114	2026-08-09 03:35:22	0022	0007	être gêné	어색하다, 당황하다
00115	2026-08-13 03:56:44	0008	0006	ネタ	소재, 이야깃거리
00116	2026-09-09 00:00:24	0008	0007	隠し場所 (kaku basho)	숨겨진 장소
00117	2026-09-28 03:45:51	0005	0006	ruban (m)	리본
00118	2026-09-25 05:35:15	0004	0006	mes poumons	내 폐
00119	2026-09-22 00:00:47	0007	0004	大掃除 (おおそうじ)	대청소
00120	2026-08-08 23:41:27	0009	0006	まるで (maru de)	마치
00121	2026-08-12 00:47:07	0006	0006	le chauffage	난방
00122	2026-08-09 03:35:45	0008	0005	片付ける (katazu)	치우다, 정리하다
00123	2026-09-24 13:50:22	0005	0006	夜型人間 (yorugata ningen)	밤형 인간
00124	2026-10-03 10:25:55	0004	0006	le degré	도(온도 단위)
00125	2026-08-10 10:26:10	0006	0006	le grand écran	스크린, 영화
00126	2026-09-12 13:26:22	0004	0005	後悔 (코-카이)	후회
00127	2026-08-08 00:53:44	0007	0006	冷静さ (れいせい)	냉정함, 침착함
00128	2026-08-15 05:33:09	0004	0005	le bouchon (남성)	코르크 마개
00129	2026-08-11 02:34:03	0003	0004	公演 (こうえん)	공연
00130	2026-09-23 03:35:55	0007	0008	事態 (じたい)	사태
00131	2026-08-28 19:56:23	0005	0005	un échantillon gratuit	무료 샘플
00132	2026-09-02 03:15:55	0005	0002	de dingue	미친, 엄청난
00133	2026-08-11 03:46:46	0005	0004	仮装パーティー (kasō pātii)	코스튬 파티
00134	2026-08-07 12:51:53	0011	0009	ついに	드디어, 마침내
00135	2026-08-30 19:56:33	0004	0005	もう (mō)	이미, 벌써
00136	2026-09-19 13:50:28	0005	0006	選べる (えら)	고를 수 있다
00137	2026-08-25 00:53:54	0004	0005	出たら	出る (나가다)
00138	2026-08-08 00:11:25	0017	0009	開いた (hira)	(열다/펴다)
00139	2026-08-07 13:26:32	0010	0006	à croire que...	마치 ~인 것처럼
00140	2026-08-22 02:35:30	0004	0005	ballonné(e)	(adj) 배가 부른, 더부룩한
00141	2026-08-18 10:26:32	0007	0006	混乱 (こんらん)	혼란
00142	2026-08-25 02:36:14	0003	0005	早く (はやく)	quickly, early
00143	2026-08-09 19:56:39	0009	0007	donner une âme	영혼을 불어넣다
00144	2026-08-24 02:36:51	0003	0005	趣味 (shumi)	취미, 취향
00145	2026-08-20 02:37:12	0003	0005	cryptage (m)	암호화
00146	2026-08-19 02:37:26	0004	0005	時刻表 (じこくひょう)	시간표
00147	2026-08-20 02:37:55	0003	0005	ça donne envie de	그게 ~하고 싶게 만든다
00148	2026-08-22 02:38:12	0004	0005	マナーモード	매너 모드 (무음/진동)
00149	2026-10-06 13:26:41	0005	0006	煙 (けむり)	燃焼時に出る気体
00150	2026-08-30 00:01:22	0007	0007	peut-être que	어쩌면 ~일지도
00151	2026-10-01 13:27:21	0005	0006	la tige	줄기
00152	2026-08-11 23:41:45	0006	0006	goûter	맛보다, 시식하다
00153	2026-08-21 02:38:27	0003	0005	réussir à	~하는 데 성공하다
00154	2026-08-25 02:39:02	0004	0005	il fait lourd (관용 표현)	날씨가 꿉꿉하다, 후덥지근하다
00155	2026-08-26 19:38:54	0008	0008	ずっと (zutto)	계속
00156	2026-08-21 04:15:30	0007	0006	débarrasser	치우다, 정리하다
00157	2026-09-21 13:51:03	0004	0006	méditatif	명상적인
00158	2026-08-19 02:39:21	0003	0005	faire gaffe/attention	조심하다
00159	2026-08-21 02:39:36	0003	0005	遅れる (oku)	늦다
00160	2026-09-24 05:35:36	0004	0006	la validation	(교통카드) 찍기, 검증
00161	2026-10-19 00:01:34	0004	0007	クリスマスイブ	크리스마스 이브
00162	2026-08-15 00:01:55	0006	0006	フリマアプリ	플리마켓 앱
00163	2026-09-03 19:56:47	0004	0005	craquer	무너지다, 참지 못하다
00164	2026-08-07 04:26:25	0007	0004	助けてあげる [타스]	도와줄게
00165	2026-08-25 05:35:41	0005	0004	sur ce coup	이번에 (this time)
00166	2026-09-23 03:53:59	0003	0006	ハンカチ	손수건
00167	2026-09-27 10:27:13	0003	0006	il fait chaud	덥다 (날씨/온도 표현)
00168	2026-08-10 12:40:21	0004	0005	うんざり(だ)	질리다, 지긋지긋하다
00169	2026-09-28 10:27:22	0003	0006	電話番号 (でんわばんごう)	전화번호
00170	2026-08-17 02:40:10	0003	0005	à la lettre	문자 그대로, 정확히
00171	2026-08-12 03:36:24	0009	0004	s'engager à	~하기로 약속하다
00172	2026-10-08 03:17:35	0003	0006	習慣 (shūkan)	습관
00173	2026-08-22 00:02:20	0009	0007	対処する (たいしょ)	대처하다
00174	2026-08-12 03:30:15	0011	0010	ような気がする (yō na ki ga suru)	~같은 기분이 든다
00175	2026-08-10 13:51:18	0010	0009	盛り上がる (mo a)	분위기가 달아오르다
00176	2026-08-17 00:47:16	0011	0005	待ちぼうけ	바람맞아 헛되이 기다림
00177	2026-08-14 19:58:17	0010	0008	かっこいい	멋지다
00178	2026-08-07 05:11:16	0004	0006	une âme	영혼
00179	2026-08-11 00:47:24	0012	0008	損失を取り戻す	손실을 만회하다
00180	2026-08-10 03:36:34	0008	0006	誘惑 (yūwaku)	유혹
00181	2026-08-11 00:16:54	0005	0005	crème hydratante (f)	보습 크림
00182	2026-08-08 12:41:21	0003	0005	pas du tout prévu	전혀 예상되지 않은
00183	2026-08-26 05:35:54	0006	0007	les souvenirs (m)	추억
00184	2026-11-10 03:19:21	0004	0006	la pâte fine/épaisse	얇은/두꺼운 도우
00185	2026-08-13 03:20:09	0019	0009	戸惑ってる (とまど)	당황하다, 망설이다
00186	2026-08-31 16:29:38	0006	0008	fleurir	꽃피다
00187	2026-08-22 19:57:46	0002	0001	飲みたいんだけど (nomitai ndakedo)	飲む(마시다, 5단동사) + たい(하고 싶다, 희망 어미) \\rightarrow 飲みたい (마시고 싶다) んだ(것이다, 강조/설명) + けど(하지만, 접속조사)가 붙어 "마시고 싶은데~"라는 뉘앙스를 만듭니다.
00188	2026-09-26 05:11:44	0002	0004	いるみたい (iru mitai)	동사 いる(있다)에 추측/비유의 조동사 みたい(~같다)가 연결됨.
00189	2026-08-21 03:37:03	0009	0007	合意 (gōi)	합의
00190	2026-09-09 00:47:43	0007	0008	tu l'as mis en vente	팔러 내놓았다
00191	2026-08-26 05:11:53	0006	0006	タランチュラ	타란툴라 (거미)
00192	2026-10-10 00:54:46	0002	0004	確信 (kakushin)	확신
00193	2026-08-11 19:58:03	0005	0001	試しに行く	시험 삼아 가다, 한번 가보다
00194	2026-09-16 05:36:01	0006	0007	la star	스타 (f. la vedette)
00195	2026-09-27 14:47:08	0002	0004	事故 (じこ)	사고
00196	2026-09-09 03:30:30	0006	0006	être coincé(e)	갇히다, 곤경에 빠지다
00197	2026-09-06 04:09:55	0003	0005	感動する (kandō)	감동하다
00198	2026-10-10 03:30:43	0004	0005	脳(のう)	뇌
00199	2026-08-12 03:31:34	0015	0011	比べる (kura)	비교하다
00200	2026-12-17 00:04:33	0004	0006	le carrefour	교차로
00201	2026-09-04 03:31:27	0005	0004	gérer	관리하다, 처리하다
00202	2026-08-12 08:24:31	0010	0009	Non mais le délire	진짜 미쳤어
00203	2026-08-08 13:50:22	0003	0004	je me suis dit que	~라고 생각했다
00204	2026-08-11 00:55:04	0007	0005	還付金 (かんぷきん)	환급금
00205	2026-08-20 03:20:43	0011	0011	壁掛け (kabega)	벽걸이
00206	2026-08-08 13:50:30	0003	0004	la gastronomie	미식, 요리법
00207	2026-09-16 19:39:08	0006	0006	ガーランド	갈랜드, 장식용 화환
00208	2026-08-07 13:50:35	0003	0004	シリーズ	시리즈, 연속물
00209	2026-08-09 13:50:42	0003	0004	affaire (f)	거래, 딜
00210	2026-08-26 00:47:48	0010	0009	一局 (いっきょく)	한 판
00211	2026-08-10 00:04:40	0023	0011	le quiproquo	착각, 혼동
00212	2026-10-13 19:58:47	0002	0004	le festival de cinéma	영화제
00213	2026-09-04 04:13:02	0003	0005	割引 (waribiki)	할인
00214	2026-09-09 15:24:28	0002	0004	ラジエーター	라디에이터, 난방기
00215	2026-08-25 12:52:13	0007	0009	relancer	레이즈하다
00216	2026-08-18 00:04:47	0013	0011	de sitôt	곧, 금방
00217	2026-08-17 05:23:18	0003	0005	rabais (m)	할인 (rabato)
00218	2026-09-26 05:12:20	0002	0004	雑誌 (ざっし)	잡지
00219	2026-10-15 19:59:03	0002	0004	動物性 (どうぶつせい)	동물성
00220	2026-12-15 03:37:11	0004	0006	自由席 (jiyūseki)	자유석
00221	2026-10-10 19:59:09	0002	0004	failli	~할 뻔했다 (failir의 과거분사)
00222	2026-08-10 00:16:58	0005	0004	クリスマスソング	크리스마스 캐럴
00223	2026-10-07 00:48:36	0005	0006	引っ越す (ひ こ)	이사하다
00224	2026-08-08 13:51:20	0003	0004	excès (m)	과도함, 지나침
00225	2026-08-10 03:32:25	0010	0009	le cépage (남성)	(포도의) 품종
00226	2026-08-28 00:06:00	0006	0005	傾向 (けいこう)	경향
00227	2026-08-10 00:07:09	0011	0008	se ressentir sur	~에 영향을 미치다
00228	2026-09-16 04:16:51	0007	0008	t'allait	너에게 어울렸다 (aller의 반과거)
00229	2026-08-21 03:20:51	0011	0009	tout au long de	~내내, ~동안
00230	2026-09-07 19:59:21	0004	0006	conseillers (m.pl)	상담원들
00231	2026-09-17 03:32:37	0005	0006	クローゼット	옷장
00232	2026-08-24 12:43:32	0003	0005	débat	논쟁, 토론
00233	2026-09-13 19:59:27	0005	0006	le premier rang	맨 앞줄
00234	2026-10-02 03:32:50	0005	0006	une quinte flush royale	로열 플러시
00235	2026-08-09 00:18:07	0005	0004	la confusion	혼동, 혼란
00236	2026-12-11 00:08:34	0005	0007	何晩 (なんばん)	며칠 밤
00237	2026-08-14 04:10:02	0006	0007	レトロスペクティブ	회고전, 특별전
00238	2026-08-27 03:37:19	0011	0010	制約 (せいやく)	제약, 제한
00239	2026-08-29 19:59:35	0004	0003	gourmand(e)	단 것을 좋아하는, 미식가
00240	2026-09-01 00:56:31	0004	0006	試食 (ししょく)	시식
00241	2026-10-11 19:59:41	0002	0004	courses (f pl) / shopping (m)	쇼핑
00242	2026-08-23 12:43:53	0003	0005	l'étoile	별 (트리 꼭대기 장식)
00243	2026-08-27 00:48:45	0012	0012	畳む (tata)	(빨래를) 개다
00244	2026-10-19 12:52:19	0002	0004	気がする(き)	기분이 들다, 인 것 같다
00245	2026-08-15 04:10:13	0005	0006	デリバリー	배달 (외래어)
00246	2026-08-10 03:20:43	0009	0007	cesser de	~하는 것을 중지하다
00247	2026-08-09 20:00:15	0013	0009	ぼけっと	멍하니, 정신없이
00248	2026-09-23 00:57:52	0009	0009	バランスの取れた	균형 잡힌
00249	2026-10-11 20:00:13	0002	0004	お祭り (matsu)	축제
00250	2026-08-09 20:00:18	0009	0009	soit levé	떠올랐다 (être의 접속법)
00251	2026-09-05 19:39:14	0008	0008	le grignotage	간식 먹기, 군것질
00252	2026-10-13 20:00:26	0002	0004	すごい (sugoi)	대단한
00253	2026-10-07 20:00:31	0002	0004	洗濯 (sentaku)	빨래, 세탁
00254	2026-09-14 20:00:38	0005	0007	prépare-toi à	너 ~할 각오를 해
00255	2026-09-21 03:37:42	0009	0009	気をつける (き)	조심하다, 주의하다
00256	2026-09-04 00:57:31	0005	0007	prélever	공제하다, 차감하다
00257	2026-08-31 13:13:55	0007	0005	無賃乗車 (muchin jōsha)	무임승차
00258	2026-08-19 03:21:00	0010	0006	出前 (でまえ)	배달
00259	2026-08-08 00:37:39	0015	0010	責める(せ)	비난하다, 탓하다
00260	2026-08-13 00:11:17	0011	0007	寒がり (samu)	추위를 많이 타는 사람
00261	2026-10-10 12:52:34	0002	0004	la billetterie	매표소, 예매 사이트
00262	2026-08-13 00:12:20	0013	0009	先行販売 (senkō hanbai)	선예매
00263	2026-09-10 20:01:00	0005	0007	チャージする	충전하다
00264	2026-09-08 20:01:07	0005	0007	限界 (げんかい)	한계
00265	2026-08-18 00:58:20	0007	0007	鳴く (na)	(동물이) 울다
00266	2026-08-12 00:37:53	0005	0004	glacial	얼어붙는, 매우 추운
00267	2026-09-01 03:33:23	0007	0009	tenir à	~하기를 고집하다
00268	2026-09-15 20:01:56	0005	0007	suivre une recette	레시피를 따르다
00269	2026-08-11 03:48:15	0005	0004	encore plus	더욱 더
00270	2026-11-23 03:41:01	0003	0005	détox (f)	디톡스, 해독
00271	2026-09-18 20:02:37	0003	0004	湯たんぽ(ゆ)	핫팩, 온수주머니
00272	2026-10-07 20:02:47	0002	0004	la guirlande	갈랜드, 장식용 화환
00273	2026-09-27 14:47:32	0002	0004	言わずに	말하지 않고
00274	2026-08-10 00:15:50	0017	0006	切ってしまいたくなる	꺼버리고 싶어진다
00275	2026-08-20 03:34:09	0007	0007	心に響く (hibi)	마음에 울리다
00276	2026-09-17 20:03:16	0003	0004	l'actualité	시사, 뉴스, 최근 동향
00277	2026-09-17 14:47:49	0002	0004	un film d'horreur	공포영화
00278	2026-10-05 20:03:22	0002	0004	ゴミ (ごみ)	쓰레기
00279	2026-08-09 03:49:08	0011	0008	向上(こうじょう)	향상
00280	2026-09-18 03:21:58	0005	0006	après avoir pris	~을 찍은 후에
00281	2026-08-18 05:13:41	0003	0004	le mauvais œil	사악한 눈, (액운) 미신
00282	2026-08-08 01:00:02	0007	0002	しないようにする	~하지 않도록 하다
00283	2026-08-14 00:17:16	0010	0005	tu m'étonnes que	~인 게 놀랍지 않아, 당연하지
00284	2026-08-20 20:03:31	0004	0005	la terrine	테린 (파테 요리)
00285	2026-09-06 00:59:13	0003	0005	整理整頓 (せいりせいとん)	정리정돈
00286	2026-08-08 12:52:45	0010	0007	déraper	미끄러지다 (차량)
00287	2026-08-08 03:34:19	0008	0005	滑り方 (sube kata)	스케이트 타는 법
00288	2026-09-12 00:59:24	0003	0005	アーティスト	아티스트, 예술가
00289	2026-10-18 03:34:32	0002	0004	パスワード	비밀번호
00290	2026-08-24 20:03:45	0005	0006	la bande sonore	사운드트랙
00291	2026-08-31 05:14:13	0003	0005	la chaleur (여성명사)	더위, 열기
00292	2026-10-07 03:34:45	0002	0004	アカウント	계정
00293	2026-08-26 00:17:25	0013	0010	se faire gronder	꾸중을 듣다
00294	2026-08-11 01:01:03	0014	0007	怖がらせる (kowa)	겁주다, 무섭게 하다
00295	2026-08-17 01:00:27	0002	0001	ホリデーシーズン	연말연시, 휴일 시즌
00296	2026-09-02 03:34:51	0005	0004	pour le coup	이 경우에는, 이번엔
00297	2026-08-09 02:32:47	0003	0004	Ah mince	아 이런 (경미한 놀람/불만)
00298	2026-09-23 00:50:19	0006	0007	電飾 (denshoku)	전기 장식
00299	2026-08-08 00:17:32	0012	0006	je veux bien	난 ~가 괜찮아, 기꺼이 받아들여
00300	2026-09-30 20:03:55	0002	0004	なる (naru)	되다
00301	2026-09-10 01:00:35	0003	0005	人類 (じんるい)	인류
00302	2026-08-12 02:32:58	0003	0004	私生活 (shiseikatsu)	사생활
00303	2026-10-15 03:35:01	0002	0004	la chanson	노래
00304	2026-08-10 03:35:10	0009	0007	大切 (taisetsu)	소중한, 중요한
00305	2026-09-07 01:00:50	0003	0005	街 (まち)	town, city
00306	2026-08-08 03:35:25	0009	0007	歩数 (hosū)	걸음 수
00307	2026-10-11 03:35:38	0002	0004	割引 (わりびき)	할인
00308	2026-09-22 01:03:22	0008	0009	chute (f)	넘어짐, 낙하
00309	2026-10-05 20:04:00	0002	0004	知っている 知ってる	알고 있다
00310	2026-11-29 00:17:43	0004	0006	enquêter	조사하다
00311	2026-12-05 03:38:47	0004	0006	le marché de Noël	크리스마스 마켓
00312	2026-08-31 04:17:31	0012	0009	qu'est-ce que	なんと~だろう（強調）
00313	2026-09-10 12:52:52	0005	0007	なし (nashi)	없이
00314	2026-11-29 03:39:08	0004	0006	un gros pull	두꺼운 스웨터
00315	2026-09-23 03:39:17	0008	0009	le cuir	가죽
00316	2026-09-06 20:04:05	0005	0007	日付 (hizuke)	날짜
00317	2026-08-31 05:15:52	0003	0005	歩行者 (ほこうしゃ)	보행자
00318	2026-10-08 03:35:59	0002	0004	行く (いく)	to go
00319	2026-08-09 02:34:10	0004	0004	消化 (쇼-카)	소화
00320	2026-08-14 01:02:21	0005	0006	patin (m)	스케이트 (신발)
00321	2026-10-12 03:36:08	0002	0004	わからない (wakaranai)	5단 동사 分かる(알다)의 부정이자 미연형 어미 ら에 부정 조동사 ない가 결합.
00322	2026-08-11 03:49:34	0005	0004	素晴らしい (suba)	훌륭한, 멋진
00323	2026-08-19 01:03:32	0006	0006	accomplissement (m)	성취
00324	2026-08-21 20:04:16	0002	0001	重複 (chōfuku)	중복
00325	2026-08-15 20:04:27	0006	0004	罪 (つみ)	죄
00326	2026-08-12 00:51:39	0011	0006	C'est chaud	심각하다 (속어적 표현)
00327	2026-10-05 20:04:33	0002	0004	être en train de	~하는 중이다
00328	2026-08-29 05:16:01	0003	0005	être relax	편하게 쉬다
00329	2026-09-10 01:02:42	0003	0005	乳液 (にゅうえき)	유액, 로션
00330	2026-08-08 03:36:31	0009	0006	革 (かわ)	가죽
00331	2026-09-12 01:02:56	0003	0005	maquillage (m)	메이크업
00332	2026-10-08 03:36:42	0002	0004	les guirlandes (f)	화환, 전구줄
00333	2026-08-24 04:10:42	0003	0005	歩行者天国	hokōsha tengoku 보행자천국
00334	2026-08-22 01:03:04	0004	0006	右折 usetsu/左折 sasetsu	우회전/좌회전
00335	2026-10-16 05:37:13	0002	0004	les artistes (m./f.pl)	아티스트들
00336	2026-10-14 03:36:47	0002	0004	objectif (m)	목표
00337	2026-08-24 04:10:55	0003	0005	配達員 (はいたついん)	배달원
00338	2026-09-04 20:04:40	0004	0006	cocher	체크하다, 표시하다
00339	2026-08-29 05:16:15	0003	0005	monumentale	記念碑的な、巨大な
00340	2026-10-18 03:37:20	0002	0004	準備 (junbi)	준비
00341	2026-09-21 00:51:04	0007	0007	pas bête 나쁘지 않다 (직역	멍청하지 않다)
00342	2026-10-18 05:37:18	0002	0004	la limite	한계
00343	2026-08-18 03:37:26	0006	0005	tant que	~하는 한 (as long as)
00344	2026-10-02 03:39:42	0008	0009	la sédentarité	좌식 생활
00345	2026-09-13 01:03:25	0003	0005	arroser	물을 주다
00346	2026-09-28 20:04:46	0002	0004	大画面 (daigamen)	대화면
00347	2026-08-17 04:21:40	0017	0010	変えさせよう (か)	바꾸게 하려고
00348	2026-08-19 03:39:51	0012	0009	arnaque (f)	사기
00349	2026-08-24 00:51:12	0004	0004	しに (shi ni)	~하러 (목적)
00350	2026-08-08 02:35:33	0003	0004	les vitrines (f)	쇼윈도들
00351	2026-08-15 00:51:28	0012	0008	きっかり	정확히, 딱
00352	2026-09-26 20:05:59	0002	0004	絶対に (zettai ni)	절대로
00353	2026-08-11 03:23:09	0009	0006	おやおや	어머나, 이런
00354	2026-09-08 01:04:22	0003	0005	改札 (kaisatsu)	개찰구
00355	2026-08-21 03:38:46	0006	0004	横断歩道 ōdan hodō	횡단보도
00356	2026-10-18 03:39:19	0002	0004	rouge à lèvres (m)	립스틱
00357	2026-08-30 00:51:42	0010	0008	温めてあげたら	데워주면
00358	2026-09-15 01:05:21	0002	0004	vernis à ongles (m)	매니큐어
00359	2026-10-16 05:37:39	0002	0004	勝負 (しょうぶ)	승부
00360	2026-08-09 02:36:06	0003	0004	のかさえ (no ka sae)	~인지조차
00361	2026-11-30 04:22:15	0004	0006	やめる (yameru)	그만두다, 멈추다
00362	2026-09-30 20:06:27	0002	0004	プレゼント	선물
00363	2026-09-17 01:05:28	0002	0004	予想外 (yosōgai)	예상외
00364	2026-10-09 03:39:28	0002	0004	réussite (f)	성공
00365	2026-08-08 00:51:59	0018	0010	靴下の片割れ (katawa)	양말 짝
00366	2026-09-23 01:05:58	0002	0004	試す (ため)	시험하다, 써보다
00367	2026-08-28 05:17:25	0003	0005	アドバイザー	상담원, 어드바이저
00368	2026-08-22 03:40:11	0006	0005	寒気 (samuke)	오한
00369	2026-08-10 03:50:45	0005	0002	bon plan (m)	좋은 거래, 득템
00370	2026-10-18 05:37:48	0002	0004	個人的 (kojinteki)	개인적으로
00371	2026-08-21 20:06:54	0005	0006	マリアージュ (mariāju)	마리아주 (음식과 와인의 조화)
00372	2026-08-10 01:03:41	0012	0007	くつかの	몇개의
00373	2026-08-08 01:06:17	0006	0006	maigrir	살을 빼다, 마르다
00374	2026-11-26 00:18:02	0004	0006	入れる (い)	넣다
00375	2026-08-08 03:41:09	0006	0006	la fève	콩, (갈레트 도자기 인형)
00376	2026-09-14 01:06:22	0003	0005	pâtisserie (f)	제과점, 케이크 가게
00377	2026-09-16 03:41:22	0005	0007	la file d'attente	대기 줄
00378	2026-09-01 20:07:32	0002	0003	sembler	~처럼 보이다
00379	2026-09-27 20:07:58	0002	0004	体 (からだ)	몸
00380	2026-09-28 20:08:17	0002	0004	オーナメント	장식품
00381	2026-09-19 01:06:31	0002	0004	ケージ	케이지, 우리
00382	2026-09-09 01:06:39	0003	0005	recharger son pass	카드를 충전하다
00383	2026-09-29 20:08:21	0002	0004	aller bien avec ~	~와 잘 어울리다
00384	2026-10-03 20:08:38	0002	0004	le four (m.)	오븐
00385	2026-08-11 00:38:04	0005	0004	les racines (f.pl)	뿌리
00386	2026-09-12 01:06:49	0003	0005	être servi	(음식 등을) 대접받다, (비유적으로) 차고 넘치게 겪다
00387	2026-09-12 01:06:57	0003	0005	il nous faut	~이 우리에게 필요하다
00388	2026-10-18 03:41:48	0002	0004	les décorations (f)	장식들
00389	2026-09-25 20:08:48	0002	0004	楽しみ (たの)	즐거움, 낙
00390	2026-09-30 20:09:40	0002	0004	煙突 (えんとつ)	煙を外に出す筒
00391	2026-09-27 20:09:57	0002	0004	la consommation d'énergie (f.)	에너지 소비
00392	2026-08-12 20:10:07	0007	0007	もみの木 (ki)	전나무
00393	2026-10-14 03:41:57	0002	0004	le musical	뮤지컬
00394	2026-08-13 05:17:44	0003	0004	賛成 (sansei)	찬성
00395	2026-09-14 01:07:31	0003	0005	le réveillon	크리스마스 이브 만찬
00396	2026-09-13 03:42:08	0004	0003	maîtrise de toi	당신 자신에 대한 통제
00397	2026-10-13 03:42:15	0002	0004	している (shite iru)	する(하다)의 te형인 して + いる(있다)가 결합하여 현재 진행 상태("하고 있다")를 나타냅니다.
00398	2026-09-07 01:07:37	0003	0005	le bout du monde	세계의 끝
00399	2026-08-10 03:51:26	0005	0004	c'est invivable	견딜 수 없다
00400	2026-10-02 03:41:24	0006	0007	寿命 (jumyō)	수명
00401	2026-09-18 01:07:59	0002	0004	arrêter de	~하는 것을 멈추다
00402	2026-10-07 03:20:49	0004	0005	反省 (はんせい)	반성
00403	2026-08-29 05:17:51	0003	0005	火かき棒 (ひ ぼう)	火をかき混ぜる棒
00404	2026-09-06 05:37:57	0005	0004	絶好調 (zekkōchō)	절호조, 컨디션최고
00405	2026-11-20 00:52:11	0004	0006	une séance	상영, 회차
00406	2026-08-15 03:24:16	0009	0008	l'avoir mis(e) de côté	그걸 따로 남겨뒀다
00407	2026-10-03 20:10:13	0002	0004	Joyeux Noël !	메리 크리스마스!
00408	2026-08-16 03:24:31	0010	0007	le givre	서리
00409	2026-08-30 05:18:13	0003	0005	l'odeur (f)	냄새, 향기
00410	2026-08-21 04:12:14	0003	0005	買い手 (か て)	구매자
00411	2026-10-12 03:43:00	0002	0004	オリーブ	올리브
00412	2026-08-12 00:53:29	0011	0006	allaient exploser	터질 것 같았다
00413	2026-08-10 00:38:19	0005	0004	cuire / faire cuire	굽다
00414	2026-08-27 03:24:55	0005	0005	se laisser emporter par	~에 빠져들다 ~에 휩쓸리다 (entraînant)
00415	2026-10-11 03:43:46	0002	0004	ボクシング	복싱
00416	2026-09-08 01:09:19	0003	0005	ラッピング	포장
00417	2026-08-08 23:41:54	0020	0010	なんとか	어떻게든
00418	2026-08-14 03:25:07	0010	0007	壊す (こわ)	부수다, 깨뜨리다
00419	2026-08-08 01:09:39	0007	0007	試される (ため)	시험받다
00420	2026-10-12 03:44:19	0002	0004	火 (ひ)	불
00421	2026-08-10 05:38:09	0013	0010	生き延びよう (ikinobiyō)	하일단 동사 生き延びる(살아남다)의 의지/권유형 어미 よう가 결합하여 '살아남으려고'라는 의지를 표현.
00422	2026-08-25 05:18:49	0003	0005	落ちる (o)	떨어지다
00423	2026-08-22 03:41:33	0010	0007	おいおい	(이봐, 어이)
00424	2026-10-11 03:45:26	0002	0004	薬を飲む [kusuri no]	약을 먹다
00425	2026-08-18 03:20:59	0008	0008	悲しい (kana)	슬픈
00426	2026-10-11 03:46:14	0002	0004	une araignée	거미
00427	2026-08-26 05:18:55	0003	0005	l'attention (f)	주의력
00428	2026-09-30 20:11:42	0002	0004	行く (iku)	가다
00429	2026-08-20 01:10:01	0005	0006	garde-le	그것을 보관해둬
00430	2026-08-13 03:21:09	0010	0010	だらだら	게으르게, 빈둥빈둥
00431	2026-08-27 14:49:00	0003	0005	la loi de la jungle	정글의 법칙
00432	2026-08-17 00:52:28	0010	0010	慣れる (na)	익숙해지다
00433	2026-09-29 20:11:53	0002	0004	少し (sukoshi, 부사)	'조금', '약간'이라는 뜻입니다.
00434	2026-09-15 19:39:31	0004	0003	だけ (dake)	~만
00435	2026-08-09 00:38:29	0006	0005	je ferai	나는 만들 것이다 (단순미래)
00436	2026-09-06 01:10:12	0003	0005	autoriser à	~하도록 권한을 부여하다
00437	2026-08-12 00:55:18	0009	0006	うまく	잘, 능숙하게
00438	2026-08-20 05:19:07	0003	0005	サンタクロース	산타클로스
00439	2026-09-17 03:46:26	0005	0005	心配する (しんぱい)	걱정하다
00440	2026-09-28 12:53:15	0002	0004	イルミネーション	일루미네이션, 장식 조명
00441	2026-10-10 08:24:36	0002	0004	全然(ぜんぜん)	전혀
00442	2026-08-10 15:36:04	0004	0005	大変 (taihen)	힘든, 어려운
00443	2026-08-10 00:38:37	0005	0004	un coup de chance	행운(stroke of luck)
00444	2026-10-16 08:24:41	0002	0004	冷蔵庫 (れいぞうこ)	냉장고
00445	2026-10-14 08:24:45	0002	0004	Pff	ため息の音
00446	2026-08-10 15:36:26	0003	0004	gardien d'animaux (m.)	ペットシッター
00447	2026-10-01 03:42:38	0004	0003	réduction (f)	/ soldes (f pl) 할인, 세일
00448	2026-08-23 20:12:03	0005	0006	スイーツ	스위츠, 디저트
00449	2026-08-31 20:12:11	0004	0006	les chaînes (f)	(타이어) 체인들
00450	2026-09-17 03:25:45	0005	0005	猫砂 (neko-zuna / neko-suna)	cat litter
00451	2026-08-20 05:19:40	0003	0005	マラソン	마라톤 (연속 관람)
00452	2026-09-20 20:12:18	0002	0004	la pharmacie	약국
00453	2026-10-01 12:54:12	0002	0004	le substitut	대체품
00454	2026-08-16 23:42:01	0004	0004	宗教 (shūkyō)	종교
00455	2026-09-18 20:12:23	0003	0005	trempé	びしょ濡れ (흠뻑 젖은)
00456	2026-08-12 15:36:54	0003	0004	encourager à	~하도록 격려하다
00457	2026-11-26 00:19:41	0005	0007	un navet	졸작, 재미없는 영화 (순무)
00458	2026-10-03 12:54:20	0002	0004	全然違った (ぜんぜんち)	완전히 달랐다
00459	2026-08-10 03:53:27	0005	0002	衝動買い (shōdōga)	충동구매
00460	2026-08-09 03:43:30	0014	0007	恥ずかしい (ha)	창피하다, 부끄럽다
00461	2026-08-08 15:37:23	0004	0005	il traînait	놓여있었다, 방치되어 있었다
00462	2026-08-29 14:49:06	0003	0005	j'te jure	맹세하다의 구어체
00463	2026-10-22 23:42:09	0004	0005	抽選 (chūsen)	추첨
00464	2026-09-28 12:54:30	0002	0004	寝ていた 寝てた	잠들어 있었다
00465	2026-09-06 05:38:27	0006	0006	女優/俳優 (joyū/haiyū)	여배우/배우
00466	2026-08-20 00:39:23	0010	0008	そりゃそうだろう	그야당연하지,그럴만하지
00467	2026-08-08 00:50:37	0009	0005	たぶん	아마도
00468	2026-09-19 13:14:58	0005	0007	ventre (m)	배
00469	2026-08-26 00:52:54	0010	0009	louper (qc)	놓치다, 빠뜨리다
00470	2026-09-18 00:40:17	0008	0008	洗剤 (senzai)	세제
00471	2026-08-27 08:24:59	0007	0006	豆 (まめ)	콩, 작은 도자기 인형
00472	2026-08-19 04:22:31	0013	0010	狂う (くる)	어긋나다, 미치다
00473	2026-08-24 05:21:15	0003	0005	le/la fan	팬
00474	2026-08-31 14:50:12	0003	0005	végétal(e)	식물성의
00475	2026-09-29 20:13:05	0002	0004	買い物 (か もの)	쇼핑
00476	2026-09-03 01:10:56	0003	0005	croustillant(e)	바삭한
00477	2026-09-03 01:11:01	0003	0005	le sapin de Noël	크리스마스 트리
00478	2026-09-07 12:59:35	0004	0006	한 bureau (남성명사)	사무실, 책상
00479	2026-08-13 03:26:45	0014	0010	がっかりしてる	실망하고 있다
00480	2026-10-13 16:29:59	0002	0004	venimeux/venimeuse	독이 있는
00481	2026-09-28 20:13:10	0002	0004	croiser les doigts	행운을 빌다
00482	2026-08-15 03:43:43	0017	0012	待ちきれない	기다릴수없다 기다려지다
00483	2026-08-10 03:44:01	0010	0006	faire peur	겁을 주다, 무섭게 하다
00484	2026-10-13 03:47:55	0002	0004	シャワー	샤워
00485	2026-10-17 08:25:09	0002	0004	sieste express	잠깐 자는 낮잠, 초고속 낮잠
00486	2026-08-23 05:21:52	0003	0005	誤解 (ごかい)	오해
00487	2026-08-13 14:50:27	0003	0004	するしかない	〜할 수밖에 없다
00488	2026-08-19 03:21:29	0007	0006	la cognition	인지
00489	2026-08-12 03:27:06	0006	0005	la circulation	교통
00490	2026-08-18 03:44:13	0012	0009	prendre de résolutions	결심을 하다
00491	2026-10-17 08:25:13	0002	0004	発見する (hakken)	발견하다
00492	2026-08-10 05:39:01	0006	0004	滑る [스베]	스케이트 타다, 미끄러지다
00493	2026-08-12 03:27:19	0010	0007	digérer	소화하다
00494	2026-08-22 01:14:34	0004	0006	une salle (여성명사)	(영화관 등의) 상영관, 방
00495	2026-10-14 08:25:20	0002	0004	chanter	노래하다
00496	2026-10-02 12:54:35	0002	0004	出る (でる)	to leave, go out
00497	2026-10-13 08:25:41	0002	0004	magasins de cosmétiques	화장품가게
00498	2026-09-14 13:33:33	0003	0004	破産 (はさん)	파산
00499	2026-08-08 03:49:08	0006	0005	胃薬 (igusuri)	소화제
00500	2026-08-11 20:14:34	0006	0006	tenir bon	꾹 참다, 버티다
00501	2026-08-20 00:40:54	0005	0005	爆撃 (bakugeki)	폭격
00502	2026-10-01 12:54:42	0002	0004	être à court de	~이 부족하다
00503	2026-09-22 03:44:23	0007	0007	やばい	큰일이다, 곤란하다 (구어)
00504	2026-08-19 00:41:06	0008	0006	進化してて (しんか)	진화하고 있어서
00505	2026-10-02 12:54:52	0002	0004	carnivores	육식성의, 식충식물의
00506	2026-10-01 05:39:13	0003	0004	s’attendre à	~를 예상하다/기대하다
00507	2026-08-13 03:28:56	0005	0005	交通規則 kōtsū kisoku	교통 규칙
00508	2026-08-10 03:21:39	0011	0009	期待外れ (kitai hazu)	기대이하, 실망스런
00509	2026-08-19 03:29:23	0011	0010	我慢 (gaman)	인내, 참음, 자제 自制心
00510	2026-10-05 03:44:43	0006	0007	saturé	포화된
00511	2026-09-06 03:49:33	0004	0006	cuire à la vapeur	찜하다
00512	2026-10-16 19:39:37	0002	0004	ベッド	침대
00513	2026-08-11 01:04:19	0010	0008	pourtant	그런데, 하지만
00514	2026-09-09 00:41:21	0009	0009	やる気 (ki)	의욕, 동기
00515	2026-08-08 05:22:57	0003	0004	je te préviens	나 너에게 경고한다
00516	2026-09-12 03:50:03	0005	0007	近所 (きんじょ)	근처, 이웃
00517	2026-08-07 10:28:34	0009	0006	装飾 (sōshoku)	장식
00518	2026-09-24 20:15:08	0002	0004	enseigner à	~하는 것을 가르치다
00519	2026-10-06 03:50:35	0002	0004	graine (f)	씨앗
00520	2026-09-11 03:50:43	0004	0006	être à la bourre	시간에 쫓기다, 늦다
00521	2026-08-09 10:28:40	0006	0006	envie (f)	욕구, 바람
00522	2026-08-29 01:16:04	0003	0005	le rhume	감기
00523	2026-09-15 20:15:38	0003	0005	la célébrité	명성, 유명 인사
00524	2026-08-30 20:15:51	0004	0006	un bon d'achat	상품권 (carte cadeau)
00525	2026-08-09 20:16:01	0006	0006	ゴロゴロ（喉を）鳴らす (goro-goro (nodo o) narasu)	to purr
00526	2026-09-22 20:16:29	0002	0004	le scénario	시나리오, 각본
00527	2026-09-21 20:16:34	0002	0004	ponctuel(le)	시간을 잘 지키는
00528	2026-09-30 03:51:11	0002	0004	待ちきれない (ま)	더는 기다릴 수 없다
00529	2026-10-08 05:39:27	0002	0004	le réalisme	현실감
00530	2026-09-08 04:15:04	0005	0007	飼い主 (kainushi)	pet owner
00531	2026-09-05 03:44:52	0009	0008	～やらない？	~하지 않을래?
00532	2026-08-08 00:52:00	0009	0006	役立つ (やくだ)	도움이 되다
00533	2026-09-09 00:42:40	0008	0008	le robot de cuisine (m.)	푸드 프로세서
00534	2026-09-28 03:51:21	0002	0004	選んだ (選ぶ)	고르다, 선택하다
00535	2026-10-09 05:39:35	0002	0004	肉食 (にくしょく)	육식
00536	2026-08-10 06:03:01	0009	0007	当たる (あ)	당첨되다, 맞다
00537	2026-09-01 20:17:25	0004	0006	centaines (f)	수백
00538	2026-10-07 03:51:52	0002	0004	le cinéma (남성명사)	영화관, 영화
00539	2026-09-18 05:39:54	0005	0005	飾り付け (kaza tsu)	장식하기
00540	2026-08-08 20:17:31	0007	0006	半ば (나카)	중순, 중간
00541	2026-08-07 20:17:38	0008	0008	説き伏せる (to fu)	설득해굴복시키다
00542	2026-10-08 03:52:08	0002	0004	試着 (しちゃく)	입어보기
00543	2026-08-23 00:43:04	0004	0004	もう少し(すこ)	조금 더
00544	2026-08-10 03:52:46	0011	0008	grimé(e)	분장한
00545	2026-09-11 12:55:26	0003	0005	les boules (f)	장식용 공들
00546	2026-10-10 03:21:57	0002	0004	終わる (o)	끝나다
00547	2026-09-19 12:55:31	0002	0004	la réalité virtuelle	가상현실
00548	2026-09-02 20:18:22	0003	0005	トリック・オア・トリート	trick or treat
00549	2026-09-06 21:39:03	0003	0005	l'ombre (여성명사)	그늘, 그림자
00550	2026-08-10 05:24:16	0004	0005	超 (chō)	초-, 매우 (ultra-, super-)
00551	2026-10-07 05:39:59	0002	0004	クリスマスプレゼント	크리스마스 선물
00552	2026-09-19 10:28:47	0005	0007	tousser	기침하다
00553	2026-09-03 21:39:08	0003	0005	regretter de	~한 것을 후회하다
00554	2026-09-08 12:55:36	0003	0005	壁 (かべ)	벽
00555	2026-10-01 03:52:23	0002	0004	のが (no ga)	~것이 (명사화)
00556	2026-08-23 03:52:53	0006	0007	爬虫類 (hachūrui)	파충류
00557	2026-09-11 05:40:03	0005	0007	大文字 (おおもじ)	대문자
00558	2026-10-23 03:29:40	0002	0004	éviter de	~하는 것을 피하다
00559	2026-10-06 03:54:36	0002	0004	à l'autre bout de	〜の反対側に
00560	2026-08-12 05:24:27	0003	0004	クレンジング	클렌징
00561	2026-08-27 03:55:22	0006	0007	見知らぬ人	낯선 사람, 모르는 사람
00562	2026-09-06 04:18:47	0005	0007	売る (う)	팔다
00563	2026-10-25 03:29:48	0002	0004	リース	리스
00564	2026-09-22 12:55:40	0002	0004	beau/belle	아름다운
00565	2026-10-06 05:40:07	0002	0004	カロリー	칼로리
00566	2026-09-01 21:39:13	0003	0005	朝食 (chōshoku)	아침 식사
00567	2026-09-20 10:28:54	0005	0007	あちこち	여기저기
00568	2026-08-12 03:29:56	0007	0007	grelotter	떨다 (추위로)
00569	2026-08-17 21:39:19	0005	0006	汗だく (asedaku)	땀범벅
00570	2026-08-11 05:24:48	0004	0005	詐欺電話 (さぎでんわ)	사기 전화
00571	2026-08-08 21:39:24	0007	0007	あるんだ	있는 거야
00572	2026-08-12 03:22:06	0009	0008	物干し (monoho)	빨래 건조대
00573	2026-10-01 03:55:33	0002	0004	le canard	오리
00574	2026-08-20 21:39:38	0006	0007	ça passe	괜찮다, 견딜 만하다
00575	2026-10-07 03:55:45	0002	0004	passer son temps à	~하는데 시간보내다
00576	2026-09-13 12:55:47	0003	0005	les baskets (f)	운동화
00577	2026-08-12 03:56:34	0007	0005	affrontant	대결하며 (affronter)
00578	2026-10-08 03:22:11	0002	0004	セール	세일
00579	2026-08-09 03:32:49	0010	0006	la dégustation (여성)	시음, 시식
00580	2026-09-29 00:43:29	0006	0005	te rendrait zen	너를 편안하게 만들 거야
00581	2026-08-18 03:45:03	0016	0010	消えてしまう (ki)	사라져버리다
00582	2026-09-20 10:29:14	0005	0007	ほど	정도
00583	2026-09-05 21:39:53	0003	0005	refuser	거절하다
00584	2026-09-01 21:39:59	0003	0005	soirée	저녁 파티, 저녁 시간
00585	2026-08-25 00:43:39	0010	0009	y'a pas à	~할 필요가 없다 (il n'y a pas à)
00586	2026-08-16 00:43:48	0013	0011	ちゃんと	제대로, 착실히, 단정하게
00587	2026-09-01 12:55:54	0005	0007	さっき (sakki)	조금 전에, 아까
00588	2026-08-24 21:40:21	0004	0006	オッズ	배당률 (odds)
00589	2026-08-14 14:51:47	0003	0004	tenu jusqu’au bout	끝까지 버틴
00590	2026-08-20 03:57:14	0006	0006	希望 (kibō)	희망
00591	2026-08-07 10:29:27	0007	0007	le tire-bouchon (남성)	와인 오프너 (코르크 따개)
00592	2026-09-05 03:58:22	0005	0007	une citrouille	호박
00593	2026-10-08 03:58:56	0002	0004	échantillon (m)	샘플
00594	2026-08-18 21:40:29	0005	0006	faire cette tête	그런 표정을 짓다
00595	2026-08-30 04:01:20	0005	0006	目覚まし (meza)	알람 시계
00596	2026-10-19 03:22:32	0002	0004	double authentification (f)	이중 인증
00597	2026-08-24 00:53:56	0010	0008	好み(この)	취향
00598	2026-08-08 14:52:09	0003	0004	大声(おおごえ)	큰 소리
00599	2026-08-15 01:18:10	0003	0004	覚えてる (おぼ)	기억하고 있다
00600	2026-10-08 04:02:19	0002	0004	ancien	오래된, 고대의
00601	2026-08-28 03:30:28	0007	0007	肉食植物(にくしょく)	식충식물
00602	2026-08-22 04:02:30	0005	0006	自制心 (じせいしん)	자제심
00603	2026-08-30 03:45:12	0010	0010	すってんてん	무일푼
00604	2026-08-11 00:43:57	0016	0008	いたるところ	여기저기, 사방
00605	2026-08-11 21:40:58	0005	0006	覚悟 (かくご)	각오
00606	2026-09-07 21:41:03	0003	0005	頑張る (がんばる)	to do one's best
00607	2026-08-22 04:03:16	0007	0007	se geler les doigts	손가락이 얼다
00608	2026-08-15 00:55:33	0009	0007	見向きもしない (む)	거들떠보지도않다
00609	2026-10-20 04:26:17	0002	0004	計画 (けいかく)	계획
00610	2026-08-14 03:45:17	0014	0010	ぶり (buri)	~하는 모습, ~함
00611	2026-08-17 03:31:47	0007	0007	お会計 (okaikei)	계산, 계산서
00612	2026-08-13 01:21:01	0003	0004	一周 (isshū)	한 바퀴
00613	2026-08-26 04:03:37	0004	0005	濡れる（ぬ）	젖다
00614	2026-10-13 10:30:03	0002	0004	argumenter	논거를 제시하다
00615	2026-09-06 05:41:11	0004	0006	tubes (m.pl)	히트곡들
00616	2026-08-16 00:54:19	0007	0005	罠 (wana)	함정, 덫
00617	2026-09-24 04:30:25	0002	0004	道路 (dōro)	도로
00618	2026-10-07 05:41:15	0002	0004	どんどん	점점 (더욱)
00619	2026-08-21 00:54:26	0007	0007	fétiches	애용하는, 좋아하는
00620	2026-08-10 21:41:42	0005	0004	なくす	잃어버리다
00621	2026-08-11 10:30:27	0006	0006	portable (m)	휴대폰
00622	2026-08-20 00:44:10	0004	0004	お守り mamo	부적, 수호부
00623	2026-08-14 03:45:24	0015	0010	失う (うしな)	잃다
00624	2026-08-07 04:33:21	0005	0002	défi (m)	도전
00625	2026-08-15 04:05:57	0007	0005	un trop-perçu	과징수액
00626	2026-10-20 03:32:33	0002	0004	la livraison	배달
00627	2026-09-28 16:32:21	0002	0004	la climatisation	에어컨
00628	2026-10-18 03:34:16	0002	0004	バーチャルリアリティ	가상현실, VR
00629	2026-10-10 19:39:44	0002	0004	la galère	힘든 일, 고생
00630	2026-10-04 16:32:31	0002	0004	モバイルSuica	모바일 스이카
00631	2026-08-10 04:05:40	0006	0006	気に入る (き い)	마음에 들다
00632	2026-10-07 03:34:52	0002	0004	だと感じる (da to kanjiru)	~라고 느끼다
00633	2026-08-17 03:35:12	0004	0004	vrai coma	진짜 혼수 상태
00634	2026-10-17 23:42:36	0002	0004	le petit-déjeuner	아침 식사
00635	2026-08-14 05:41:37	0007	0007	お腹が爆発しそう (나카 바쿠하츠)	배가 터질 것 같다
00636	2026-08-16 03:45:30	0014	0010	落ち着く (お つ)	차분해지다, 진정되다
00637	2026-10-22 23:42:51	0002	0004	mémoriser	암기하다
00638	2026-08-20 03:45:39	0014	0010	しかも	게다가, 더욱이
00639	2026-10-10 03:35:22	0002	0004	niveau tune	돈 면에서
00640	2026-08-08 04:06:32	0006	0005	消える [키]	사라지다
00641	2026-08-16 21:43:25	0003	0004	厳しい (きび)	엄격하다, 까다롭다
00642	2026-08-15 00:44:44	0012	0010	感심した (kanshin shita)	感心する(감탄하다/감명받다)의 과거형. する가 과거형 어미 した로 바뀌었습니다.
00643	2026-10-18 03:35:50	0002	0004	grignoter	간식을 먹다, 군것질하다
00644	2026-08-16 03:36:00	0007	0006	se coucher	폴드하다, 포기하다
00645	2026-08-08 03:36:16	0009	0007	多め (ōme)	많은 편, 좀 많은
00646	2026-10-13 23:43:01	0002	0004	座席 (zaseki)	좌석
00647	2026-08-27 00:45:19	0007	0006	力を入れる (chikara i)	힘을 쏟다, 공들이다
00648	2026-08-08 03:36:26	0009	0007	溢れる(あふ)	넘치다
00649	2026-10-18 03:36:38	0002	0004	スケートレベル	스케이트 실력
00650	2026-08-12 06:05:02	0010	0008	取り付ける (と つ)	설치하다, 부착하다
00651	2026-08-11 03:36:48	0005	0004	女王 (じょおう)	여왕
00652	2026-09-17 03:36:58	0004	0006	échouer	실패하다
00653	2026-09-19 03:37:18	0003	0004	les jetons (m)	칩
00654	2026-08-08 12:56:16	0005	0004	toutes seules	저절로
00655	2026-08-21 00:45:34	0008	0008	味方 (みかた)	편, 아군
00656	2026-10-08 19:39:50	0002	0004	faire la sieste	낮잠을 자다
00657	2026-08-10 01:36:37	0003	0004	miser sur	~에 돈을 걸다 (to bet on)
00658	2026-08-08 01:30:37	0002	0003	始まり (はじ)	시작
00659	2026-08-25 00:54:34	0007	0007	gâter quelqu'un	누군가를 과하게 대접하다
00660	2026-09-18 00:45:45	0002	0003	effrayant	무서운
00661	2026-10-08 03:37:23	0002	0004	le cinéma	영화관
00662	2026-10-09 00:54:42	0002	0004	体温 (taion)	체온
00663	2026-10-11 00:54:56	0002	0004	la version originale (VO)	원어판
00664	2026-10-17 00:55:08	0002	0004	la déshydratation (여성명사)	탈수 증상
00665	2026-08-20 00:46:45	0006	0006	on l'a eu	우리가 그걸 잡았다/탔다
00666	2026-09-01 04:11:31	0003	0005	spam téléphonique (m)	스팸 전화
00667	2026-09-06 04:11:49	0003	0005	完売 (kanbai)	완판
00668	2026-10-11 03:37:58	0002	0004	le goût	맛
00669	2026-10-05 03:38:55	0002	0004	挫折 (zasetsu)	좌절
00670	2026-10-22 00:46:56	0002	0004	結果的に (けっかてきに)	as a result
00671	2026-09-15 23:43:08	0004	0006	tisane (f)	허브차, 약초차
00672	2026-08-27 03:39:04	0005	0005	感じ方 (kan kata)	느끼는 방식
00673	2026-08-08 03:39:22	0009	0007	鼻をかむ [hana]	코를 풀다
00674	2026-10-04 03:39:39	0002	0004	canon	멋진 (구어)
00675	2026-08-10 00:47:16	0015	0008	転ぶ (koro)	넘어지다
00676	2026-09-08 04:12:48	0003	0005	Mettre de l'argent de côté	돈을 저축하다
00677	2026-08-26 04:23:26	0006	0005	交換する (kōkan)	교환하다
00678	2026-08-08 00:57:56	0008	0007	また (mata, 부사)	'또', '다시'
00679	2026-08-18 03:40:42	0006	0006	迷惑電話 (めいわくでんわ)	성가신 전화
00680	2026-08-09 03:56:19	0012	0008	引っかき傷 (ひっかききず)	scratch (wound)
00681	2026-08-12 00:56:08	0009	0008	flemme	게으름, 귀찮음
00682	2026-09-13 05:42:50	0003	0005	la remarque (f)	언급, 지적
00683	2026-08-17 04:15:39	0006	0006	定期入れ (teiki-i)	정기권 지갑
00684	2026-08-18 00:47:41	0006	0006	flemme (f.)	怠惰、面倒くささ
00685	2026-09-07 03:41:50	0004	0006	雨具（あまぐ）	우산, 우비 등 도구
00686	2026-08-15 12:57:22	0003	0004	râler	투덜대다, 불평하다
00687	2026-08-29 03:23:46	0004	0006	prévoir	예상하다, 계획하다
00688	2026-08-15 04:15:31	0004	0005	maîtrise (f)	통제력, 숙달
00689	2026-10-03 03:42:04	0002	0004	le travail à distance	원격 근무
00690	2026-08-17 03:46:28	0014	0011	la corvée	힘든 일, 귀찮은 일
00691	2026-08-08 00:58:57	0003	0002	抱負 (ほうふ)	포부
00692	2026-08-09 03:47:01	0014	0010	見習うべき (minara)	본받아야 할
00693	2026-08-31 04:17:20	0003	0005	かと思った (ka to omotta)	~인가 생각했다
00694	2026-10-09 00:55:38	0002	0004	傘（かさ）	우산
00695	2026-08-20 00:49:39	0004	0004	démaquillant (m)	클렌징
00696	2026-10-10 03:43:55	0002	0004	砂糖(さとう)	설탕
00697	2026-10-14 00:55:44	0002	0004	静か (shizu)	조용한
00698	2026-09-08 03:44:16	0004	0006	biopics	전기영화 film biographique
00699	2026-09-07 03:44:24	0004	0006	もし (moshi)	만약
00700	2026-08-17 00:49:47	0009	0006	洗濯バサミ (sentaku)	빨래집게
00701	2026-10-26 00:50:28	0002	0004	お腹いっぱい (나카)	배부르다
00702	2026-08-10 00:55:51	0008	0006	まあ	뭐, 글쎄
00703	2026-10-22 00:51:26	0002	0004	une interface	인터페이스
00704	2026-09-10 23:44:27	0004	0006	ガレット・デ・ロワ	갈레트 데 루아 케이크
00705	2026-09-13 23:44:43	0004	0006	décoller	떼다, 분리하다
00706	2026-10-25 00:52:20	0002	0004	うんざりしてて うんざりする	지겹다
00707	2026-10-31 00:56:52	0002	0004	暖炉 (だんろ)	벽난로
00708	2026-10-28 00:57:15	0002	0004	le podomètre	만보계
00709	2026-09-19 03:23:54	0002	0004	liste de cadeaux (f)	선물 목록
00710	2026-10-09 03:44:32	0002	0004	mais justement	하지만 바로 그게
00711	2026-10-08 03:45:16	0002	0004	観察する (kansatsu)	관찰하다
00712	2026-09-08 03:45:26	0004	0006	abonné	정기권 소지자 abonnement정기권
00713	2026-10-08 03:45:41	0002	0004	選ぶ (えら)	고르다
00714	2026-09-26 03:24:08	0002	0004	感じる (kanjiru)	느끼다
00715	2026-08-09 00:56:02	0006	0005	tu tomberais sur	~를 만나다/걸리다 (조건)
00716	2026-08-26 00:57:32	0008	0007	言い争う (i araso)	말다툼하다
00717	2026-08-10 03:47:10	0009	0006	故障 (こしょう)	고장
00718	2026-09-06 04:20:43	0003	0005	300% (sanbyaku pāsento)	300퍼센트
00719	2026-10-07 03:47:04	0002	0004	猛暑 (mōsho)	폭염, 맹서
00720	2026-08-13 00:58:44	0013	0010	おかしい	이상하다
00721	2026-09-25 03:24:21	0002	0004	devrait te plaire	너의 마음에 들 것이다
00722	2026-10-10 00:56:17	0002	0004	l'activité physique	신체 활동
00723	2026-08-07 23:44:51	0010	0008	かぼちゃ	호박
00724	2026-08-22 00:59:07	0004	0004	garnitures	토핑, 고명
00725	2026-10-13 03:48:16	0002	0004	有効期限 (yūkō kigen)	유효 기간
00726	2026-10-11 03:48:33	0002	0004	注文する (chūmon)	주문하다
00727	2026-10-03 03:48:46	0002	0004	キャンディー	캔디, 사탕
00728	2026-10-12 00:56:28	0002	0004	論破する (ronpa)	논파하다
00729	2026-10-24 03:47:18	0002	0004	ville (f.)	街
00730	2026-08-11 03:57:36	0003	0002	s'évader	탈출하다
00731	2026-09-23 04:24:17	0004	0006	en quête de	~을 찾아서
00732	2026-10-27 00:59:25	0002	0004	faire le ménage	청소하다
00733	2026-08-08 04:35:09	0005	0004	à écrire	쓸 (부정사)
00734	2026-09-07 00:59:48	0002	0001	tu devrais	넌 ~해야 할 거야 (조건법 현재)
00735	2026-10-20 01:00:04	0002	0004	バランス	균형
00736	2026-08-14 01:00:15	0011	0009	la veine	행운 (구어)
00737	2026-09-08 00:57:17	0004	0006	imperdable	절대 질 수 없는
00738	2026-09-09 00:57:24	0004	0006	交通パス (こうつう)	교통카드
00739	2026-10-09 00:57:34	0002	0004	招待状 (しょうたいじょう)	초대장
00740	2026-08-10 01:05:01	0013	0008	植木鉢 (uekibachi)	화분
00741	2026-08-08 03:47:51	0020	0006	邪魔されず (じゃま)	방해받지 않고
00742	2026-08-15 03:50:10	0005	0005	包装紙 (hōsōshi)	포장지
00743	2026-08-08 04:14:34	0007	0005	ちょうど	마침, 딱
00744	2026-08-14 06:07:21	0006	0006	pattes (f. pl.)	足（動物の）
00745	2026-08-17 06:08:38	0006	0006	une déduction fiscale	세금 공제
00746	2026-08-21 03:48:08	0010	0008	impatient(e)	초조해하는, 기대되는
00747	2026-10-25 03:49:02	0002	0004	une horreur (여성명사)	공포, 끔찍한 것
00748	2026-08-17 00:58:08	0007	0005	うまくいく	잘 되다 히트하다
00749	2026-09-18 01:06:24	0004	0006	étendre le linge	빨래를 널다
00750	2026-09-05 00:58:13	0004	0006	メルカリ	메르카리 (일본 중고거래 앱)
00751	2026-10-03 00:58:19	0002	0004	選択 (せんたく)	선택
00752	2026-08-11 23:45:21	0009	0007	迷信深い(ぶか)	미신을 깊이 믿는
00753	2026-10-04 00:58:31	0002	0004	ダイエット	다이어트
00754	2026-08-16 01:06:40	0007	0006	切り分ける (ki wa)	나누어 자르다
00755	2026-08-13 01:07:31	0007	0003	吹き替え (fu ka)	더빙
00756	2026-10-09 00:58:49	0002	0004	bon courage	頑張れ
00757	2026-08-07 13:15:17	0001	0002	コーヒーショップ	커피숍
00758	2026-09-10 19:40:38	0003	0005	撮った後 [톳]	찍은 후에
00759	2026-10-18 01:07:44	0002	0004	招待 (shōtai)	초대
00760	2026-10-01 00:59:00	0002	0004	la fois	번, 차례
00761	2026-10-04 00:59:07	0002	0004	m'énerve	나를 짜증나게 하다 (énerver 현재)
00762	2026-08-12 03:51:55	0007	0007	l'averse (f)	소나기, 폭우
00763	2026-08-20 00:59:16	0006	0006	la galette	갈레트 (납작한 케이크)
00764	2026-10-23 01:09:06	0002	0004	汗だく (あせ)	땀범벅
00765	2026-08-09 01:09:46	0016	0010	誓う(ちか)	맹세하다
00766	2026-10-21 01:09:59	0002	0004	le Père Noël	산타클로스
00767	2026-09-15 03:54:03	0003	0005	監督(かんとく)	감독
00768	2026-09-14 01:10:20	0004	0006	猫耳 (nekomimi)	고양이 귀
00769	2026-10-07 00:59:46	0002	0004	帰る (かえる)	to return
00770	2026-08-17 23:45:23	0006	0006	抽選券 (ちゅうせんけん)	추첨권
00771	2026-08-28 01:10:31	0007	0007	récurer	문질러 닦다
00772	2026-08-28 01:11:35	0006	0008	スプレッド	스프레드 (발라 먹는 것)
00773	2026-10-21 01:11:48	0002	0004	Ça serait bête	바보같을 것이다
00774	2026-10-17 01:12:08	0002	0004	le linge sale	더러운 빨래
00775	2026-09-19 01:12:20	0002	0003	油 (abura)	기름
00776	2026-10-21 01:12:29	0002	0004	une notif	알림 (notification 축약)
00777	2026-10-03 01:00:21	0002	0004	知っていても	알고 있더라도
00778	2026-08-08 03:59:31	0015	0004	息切れする (いきぎ)	숨이 차다
00779	2026-10-26 03:49:40	0002	0004	vacances (f. pl.)	休暇
00780	2026-09-03 04:41:12	0004	0006	全力で (ぜんりょく)	전력으로, 최선을 다해
00781	2026-10-13 01:13:23	0002	0004	映画館 (えいがかん)	영화관
00782	2026-08-07 04:25:46	0011	0006	流している (nagashite iru)	5단 동사 流す(흘리다)의 て형에 상태/진행을 나타내는 いる가 결합하여 '흘리고 있다'.
00783	2026-08-07 13:35:56	0001	0002	フライパン (furaipan)	프라이팬
00784	2026-08-08 04:26:15	0005	0004	pâte à tartiner	스프레드 (빵에 바르는)
00785	2026-10-08 01:01:13	0002	0004	résister à la tentation	유혹을 참다. (≒ maîtrise de soi)
00786	2026-10-12 01:15:51	0002	0004	caisse (f)	계산대
00787	2026-10-25 03:49:47	0002	0004	驚かせる (odorokaseru)	驚く(놀라다, 5단동사)의 사역형 활용. 어미 く가 카단(か)으로 바뀌고 せる가 붙어 "놀라게 하다"라는 타동사적 의미가 됩니다.
00788	2026-08-08 04:26:20	0013	0006	がっかり	실망, 낙담
00789	2026-09-29 23:45:37	0002	0004	immangeable	먹을 수 없는
00790	2026-08-07 04:26:54	0013	0001	餌やり (えさやり)	feeding
00791	2026-08-19 03:56:56	0003	0004	un enfer (남성명사)	지옥
00792	2026-10-26 03:49:59	0002	0004	正直(しょうじき)な	솔직한
00793	2026-08-08 08:28:06	0001	0002	でも (demo)	하지만
00794	2026-10-08 03:50:10	0002	0004	スキャンダル	스캔들 (scandal)
00795	2026-08-07 08:28:31	0001	0002	patinage (m)	스케이트 타기
00796	2026-08-08 03:57:07	0005	0004	la serpillière	걸레
00797	2026-08-08 08:31:09	0001	0002	大好き (daisuki)	아주 좋아함
00798	2026-08-09 03:57:21	0005	0006	汚れ物 (yogo mono)	더러운 빨래
00799	2026-08-08 04:38:05	0005	0004	年明け (토시아)	새해
00800	2026-09-03 03:57:30	0003	0005	すぎる	~하다 (과도함을 나타냄)
00801	2026-08-12 04:28:06	0009	0008	おかわり	리필, 한 그릇 더
00802	2026-09-10 04:28:28	0004	0006	je n'oserais même pas	감히~못하겠다
00803	2026-09-26 04:28:48	0003	0005	la gourmandise	식탐, 미식
00804	2026-08-09 08:36:56	0001	0002	mode silencieux (m)	무음 모드
00805	2026-08-15 04:30:05	0008	0006	être tentant/tentatrice	유혹적이다
00806	2026-10-09 03:50:17	0002	0004	choisir de	~하기로 선택하다
00807	2026-10-11 04:30:10	0002	0004	無理 (muri, 명사/나형용사)	'무리', '불가능함' (여기서는 '더 이상 못 버티겠다'는 뉘앙스)
00808	2026-10-10 03:50:26	0002	0004	結局~ちゃう	결국 ~해버리다
00809	2026-08-21 04:30:31	0006	0006	罰金 (ばっきん)	벌금
00810	2026-10-13 03:50:38	0002	0004	プレゼント選び (era)	선물 고르기
00811	2026-08-07 08:38:07	0001	0002	la texture	식감, 질감
00812	2026-08-22 04:30:39	0006	0006	résolution (f)	해상도
00813	2026-09-17 04:31:19	0005	0007	シークレットサンタ	시크릿산타선물교환겜
00814	2026-10-05 04:31:36	0002	0004	動かす (うご)	움직이다
00815	2026-08-11 03:58:53	0005	0006	répondeur (m)	자동응답기
00816	2026-10-15 03:50:57	0002	0004	シネマ	시네마, 영화관
00817	2026-09-30 04:32:49	0002	0004	完璧 (kanpeki)	완벽하다
00818	2026-08-07 04:33:16	0011	0002	散らかる (ち)	어질러지다
00819	2026-08-08 03:51:08	0009	0004	épouvantable	무서운, 끔찍한
00820	2026-10-04 04:33:49	0002	0004	provocateur/provocatrice	도발적인 사람
00821	2026-08-07 04:06:16	0003	0000	la contrainte	제약
00822	2026-10-12 03:51:40	0002	0004	イブ	이브
00823	2026-08-07 11:29:09	0001	0002	乗り換え (の か)	환승
00824	2026-08-07 11:29:20	0001	0002	faire mieux	더 잘하다
00825	2026-08-08 03:51:51	0011	0003	すでに	이미
00826	2026-08-09 03:52:00	0005	0004	on dirait	~처럼 보인다, ~같다
00827	2026-08-07 04:34:55	0013	0002	イライラ (iraira)	짜증나다, 초조하다
00828	2026-10-08 04:35:03	0002	0004	何とか (nantoka, 부사)	'어떻게든', '그럭저럭'
00829	2026-08-09 03:52:09	0005	0004	faire du tri	정리하다
00830	2026-08-07 04:35:59	0009	0002	お腹が空く (なか す)	배가 고파지다
00831	2026-08-09 03:52:30	0005	0004	火をつける (ひ)	着火する
00832	2026-09-14 04:37:35	0002	0003	le véganisme	비건주의
00833	2026-08-08 03:52:38	0013	0002	なかなか	좀처럼, 상당히
00834	2026-08-10 04:38:18	0009	0005	n'y voir que du feu	전혀 눈치채지 못하다
00835	2026-08-07 10:38:13	0003	0004	逆	반대
00836	2026-09-05 01:04:32	0003	0005	自然(しぜん)な	자연스러운
00837	2026-08-08 05:51:56	0001	0002	使用制限 (しようせいげん)	사용 제한
00838	2026-08-09 03:35:11	0001	0002	un grillon	귀뚜라미 (타란툴라 먹이)
00839	2026-10-09 03:52:48	0002	0004	rêver de	~하는 것을 꿈꾸다
00840	2026-08-10 03:38:46	0001	0002	心配しないで (shinpai shinaide)	心配する(걱정하다)의 부정 명령/부탁 표현. する가 しない로 바뀌고 금지/부탁의 で가 붙어 "걱정하지 마"가 됩니다.
00841	2026-08-08 04:02:16	0003	0004	買わずに	사지않고
00842	2026-08-08 04:02:34	0003	0004	l'appareil électroménager (m.)	가전제품
00843	2026-08-07 10:39:09	0001	0002	楽しめる (tano)	楽しむ의 가능형
00844	2026-08-10 10:39:34	0001	0002	祝日 (しゅくじつ)	공휴일, 축일
00845	2026-08-09 04:02:42	0003	0004	政治家 (せいじか)	정치가
00846	2026-08-08 10:40:14	0001	0002	扇風機 (senpūki)	선풍기
00847	2026-08-11 10:40:35	0001	0002	tout en -ant	~하면서
00848	2026-08-18 03:53:05	0006	0006	避ける (sa)	(피하다)
00849	2026-08-18 04:38:22	0006	0006	ほこり	먼지
00850	2026-08-16 04:38:42	0007	0006	災さわい waza	재앙, 불행
00851	2026-08-07 04:38:49	0007	0002	気づく	눈치채다
00852	2026-08-07 10:41:45	0001	0002	アパート	apartment
00853	2026-08-09 04:04:32	0003	0004	le pâté	파테
00854	2026-08-07 10:44:28	0001	0002	réchauffer	데우다, 재가열하다
00855	2026-08-08 10:44:35	0001	0002	母さん (かあ)	어머니
00856	2026-08-08 10:44:45	0001	0002	le thermostat	온도 조절 장치
00857	2026-08-08 04:04:48	0003	0004	通信会社 (つうしんがいしゃ)	통신회사
00858	2026-08-10 10:46:26	0001	0002	succès (m)	성공
00859	2026-08-09 04:05:01	0003	0004	年賀状 (nengajō)	연하장
00860	2026-08-07 04:03:48	0008	0000	渡す (wata)	건네다
00861	2026-08-07 04:04:21	0006	0000	rien qu'en regardant	~만 봐도
00862	2026-08-08 04:06:10	0003	0004	la course à pied	조깅, 달리기
00863	2026-08-07 10:56:01	0001	0002	éviter le pire	최악을 피하다
00864	2026-08-08 10:56:17	0001	0002	食べ過ぎ (ta su)	과식
00865	2026-08-09 10:56:27	0001	0002	sans me le dire	나에게 말하지 않고
00866	2026-08-10 10:56:50	0001	0002	モーションセンサー	모션 센서
00867	2026-08-10 10:57:43	0001	0002	材料 (ざいりょう)	재료
00868	2026-08-07 04:04:39	0009	0000	お尻をついてる [시리]	엉덩방아를찧고 있는
00869	2026-08-07 04:07:01	0003	0004	prendre soin de	~를 돌보다, 조심하다
00870	2026-08-08 04:07:36	0003	0004	きれい好き (zu)	깨끗함을 좋아하는
00871	2026-08-07 04:05:12	0008	0000	取り合う (と あ)	상대해주다
00872	2026-08-07 19:42:23	0001	0002	するつもり	~할 생각이다, ~할 예정이다
00873	2026-10-02 03:55:27	0002	0004	espoir (m)	희망
00874	2026-08-10 19:42:56	0001	0002	promis	약속해
00875	2026-08-13 03:55:39	0005	0004	早起き (hayao)	일찍 일어나기
00876	2026-08-07 04:05:47	0004	0000	あちゃー	아이고, 이런 (감탄사)
00877	2026-08-07 19:44:06	0001	0002	朝早く (あさはや)	아침 일찍
00878	2026-08-07 04:08:33	0003	0004	jouer gros	큰 돈을 걸다 (to bet big)
00879	2026-08-07 19:45:54	0001	0002	faire du lèche-vitrine	아이쇼핑하다
00880	2026-08-07 04:05:57	0007	0000	どうせ	어차피, 어쨌든
00881	2026-08-10 03:56:10	0005	0003	間に合う (ま あ)	(시간에) 맞추다, 대다
00882	2026-08-08 04:10:23	0003	0004	囲炉裏 (いろり)	日本の伝統的な暖房設備
00883	2026-08-10 19:47:38	0001	0002	tu te casses	네가 부러뜨리다
00884	2026-08-10 19:48:21	0001	0002	le climatiseur	에어컨
00885	2026-08-08 19:48:34	0001	0002	ホラー映画 (えいが)	공포영화
00886	2026-08-07 04:13:53	0003	0004	片方 (katahou)	한쪽, 짝
00887	2026-09-29 03:56:28	0002	0004	traînasser	빈둥거리다
00888	2026-08-07 19:49:15	0001	0002	過ぎる (す)	지나가다
00889	2026-08-08 19:49:20	0001	0002	実際 (じっさい)	실제로
00890	2026-08-07 04:06:50	0004	0001	疲れ切ってる (tsuka ki)	완전히 지쳐있다
00891	2026-08-08 19:51:29	0001	0002	うん (un)	응, 네
00892	2026-08-08 19:51:37	0001	0002	miauler	야옹거리다
00893	2026-08-07 04:07:13	0005	0000	couper	끄다
00894	2026-08-07 04:07:22	0005	0000	craindre de	~할까 두려워하다
00895	2026-08-10 19:52:25	0001	0002	オファー	오퍼, 제안, (특별) 할인 상품
00896	2026-08-07 19:52:33	0001	0002	la comédie musicale	뮤지컬 코미디
00897	2026-08-11 19:52:39	0001	0002	kleenex	티슈
00898	2026-08-07 04:17:03	0003	0004	à tue-tête	목청껏
00899	2026-08-07 04:08:23	0007	0000	on a intérêt à	~하는 게 좋다, ~해야 한다
00900	2026-08-08 03:58:44	0007	0001	逃げようとした (ni)	도망치려고 했다
00901	2026-08-10 19:54:19	0001	0002	ブランケット	담요
00902	2026-08-07 04:09:20	0006	0000	contrariée	화난, 짜증난 (형용사, 여성형)
00903	2026-08-07 04:09:44	0005	0000	予告編 (yokokuhen)	예고편
00904	2026-08-07 19:55:15	0001	0002	Plus tôt... plus tôt...	早ければ早いほど
00905	2026-08-08 04:23:21	0003	0004	即興 (sokkyō)	즉흥
00906	2026-08-07 19:55:36	0001	0002	チップ	칩
00907	2026-09-09 04:00:02	0004	0006	在宅勤務 (zaitaku kinmu)	재택 근무
00908	2026-08-07 04:10:14	0005	0000	piètre	형편없는, 보잘것없는
00909	2026-08-03 04:32:45	0005	0002	bordélique	(구어) 엉망인, 혼란스러운
00910	2026-08-03 04:27:40	0003	0002	いとこ	사촌
00911	2026-08-05 04:40:12	0003	0003	les glucides	탄수화물
00912	2026-08-06 04:28:09	0002	0002	être matinal(e)	아침형 인간이다
00913	2026-08-13 04:28:50	0001	0002	消える (き)	꺼지다
00914	2026-08-03 04:34:18	0003	0002	un piège	함정
00915	2026-08-13 04:30:28	0001	0002	ソーラーパネル	태양광 패널
00916	2026-08-11 04:32:37	0001	0002	めちゃくちゃ (mechakucha)	엄청, 정말
00917	2026-08-11 04:32:54	0001	0002	配達 (haitatsu)	배달
00918	2026-08-10 04:33:41	0001	0002	désinstaller une application	앱삭제하다
00919	2026-08-04 04:40:21	0002	0002	落ち着く (오치츠)	진정되다, 안정되다
00920	2026-08-04 04:41:46	0002	0002	持ち主 (も ぬし)	소유자, 주인
00921	2026-08-03 04:45:04	0003	0002	税金対策 (ぜいきんたいさく)	절세 대책
00922	2026-08-11 04:37:09	0001	0002	てた (teta)	~하고 있었다 (구어체)
00923	2026-08-08 04:40:00	0001	0002	仮想体験 (kasō taiken)	가상 체험
00924	2026-08-03 04:45:31	0003	0002	勝手に [캇테]	마음대로, 저절로
00925	2026-08-04 04:48:24	0002	0002	飾り (kaza)	장식
00926	2026-08-12 04:45:38	0001	0002	文句(もんく)	불평, 불만
00927	2026-08-08 04:45:49	0001	0002	話題 (wadai)	화제
00928	2026-08-08 04:46:24	0001	0002	faire chauffer	데우다
00929	2026-08-03 04:47:59	0002	0002	un somme	짧은 잠 (sieste)
00930	2026-08-10 04:46:44	0001	0002	le four	오븐
00931	2026-08-10 04:46:50	0001	0002	寒さ (さむ)	추위
00932	2026-08-12 04:47:12	0001	0002	d'occasion	중고의
00933	2026-08-11 04:47:20	0001	0002	un trésor	보물
00934	2026-08-11 04:47:26	0001	0002	un acompte	선불금, 예납금
00935	2026-08-03 04:59:30	0003	0003	布団 (futon)	이불
00936	2026-08-12 04:48:08	0001	0002	パック	팩, 봉지, 패키지
00937	2026-08-03 04:50:10	0002	0002	les devantures (f)	상점 정면, 진열장
00938	2026-08-10 04:48:54	0001	0002	限定セール (gentei)	한정 세일
00939	2026-08-11 04:49:59	0001	0002	経路 (けいろ)	경로, 노선
00940	2026-08-10 04:50:29	0001	0002	リラックスさせる	편안하게 하다
00941	2026-08-10 04:50:45	0001	0002	話題 (わだい)	화제, 이야기
00942	2026-08-03 05:04:04	0003	0002	si tu te calmes	네가 진정하면
00943	2026-08-04 04:58:19	0002	0002	にする (ni suru)	~로 하다
00944	2026-08-13 04:51:23	0001	0002	arriver en retard	지각하다
00945	2026-08-03 04:59:04	0003	0002	寝坊 (nebō)	늦잠
00946	2026-08-03 04:53:59	0002	0002	念を押す nen o	재차확인 당부하다
00947	2026-08-09 04:53:05	0001	0002	毎年 (まいとし)	매년
00948	2026-08-03 05:00:43	0003	0002	済む (sumu)	끝나다, 해결되다
00949	2026-08-03 04:58:26	0002	0002	Mettre de l'argent dans	~에 투자하다
00950	2026-08-03 04:59:13	0002	0002	entretenir	維持する、手入れする
00951	2026-08-09 05:00:11	0001	0002	確認する (かくにん)	확인하다
00952	2026-08-03 05:02:14	0002	0002	emballage (m)	포장
00953	2026-08-08 05:01:29	0001	0002	フォアグラ	푸아그라 (거위 간 요리)
00954	2026-08-08 05:01:38	0001	0002	se limiter	자신을 제한하다, 절제하다
00955	2026-08-12 05:01:47	0001	0002	レンタル	대여
00956	2026-08-03 05:03:20	0002	0002	télécommande (f)	리모컨
00957	2026-08-07 05:13:28	0002	0003	徹底的に (てっていてき)	철저하게, 완전히
00958	2026-08-11 05:03:29	0001	0002	レシピ	레시피, 조리법
00959	2026-08-04 05:10:01	0002	0002	目覚めがいい (meza)	잠깨는 기분이 좋다
00960	2026-08-03 05:06:06	0002	0002	bouchon	정체, 막힘
00961	2026-08-11 05:04:45	0001	0002	のに賛成 (no ni sansei)	~하는 것에 찬성
00962	2026-08-03 05:16:57	0003	0003	負ける (ま)	지다
00963	2026-08-10 05:05:57	0001	0002	香水 (こうすい)	향수
00964	2026-08-03 05:19:11	0003	0003	tu croques	네가 씹다 (croquer)
00965	2026-08-11 05:06:40	0001	0002	le poids (m)	체중, 무게
00966	2026-08-13 05:06:47	0001	0002	SNS (esu enu esu)	SNS, 소셜 미디어
00967	2026-08-03 05:19:26	0003	0003	宝くじ (たから)	복권
00968	2026-08-03 05:08:37	0002	0002	avoir du bol	운이 좋다 (반대 pas de bol)
00969	2026-08-04 05:13:14	0002	0002	出かける (でかける)	to go out
00970	2026-08-08 05:08:30	0001	0002	instantanément	즉시, 순간적으로
00971	2026-08-03 05:10:17	0002	0002	se moucher	코를 풀다
00972	2026-08-13 05:09:52	0001	0002	秘密 (himitsu)	비밀
00973	2026-08-08 07:30:06	0002	0003	体を動かす (karada ugoka)	몸 움직이다
00974	2026-08-03 05:12:23	0002	0002	嫌いな人 (きら ひと)	싫어하는 사람
00975	2026-08-11 05:11:19	0001	0002	十分 (jūbun, 명사/형용동사)	'충분함'을 뜻하며, 문맥상 부사적으로 '충분히' 쓰였습니다.
00976	2026-08-03 05:13:00	0002	0002	エピファニー	주현절 (1월 6일)
00977	2026-08-12 05:12:00	0001	0002	頑張る (がんば)	노력하다, 힘내다
00978	2026-08-12 05:12:47	0001	0002	en échantillon	샘플로, 견본으로
00979	2026-08-03 05:17:06	0002	0002	à un moment	한순간에, 어느 시점에
00980	2026-08-10 05:16:48	0001	0002	朝型人間 (asagata ningen)	아침형 인간
00981	2026-08-07 07:30:18	0002	0003	du coin	구석의
00982	2026-08-03 05:55:28	0002	0002	お祝い (iwa)	축하
00983	2026-08-10 05:17:55	0001	0002	必要 (hitsuyō)	필요
00984	2026-08-10 05:18:05	0001	0002	ケバブ屋 (や)	케밥 가게
00985	2026-08-03 08:04:02	0002	0002	apprivoiser	길들이다
00986	2026-08-12 08:03:00	0001	0002	営業電話 (えいぎょうでんわ)	영업 전화
00987	2026-08-13 08:03:15	0001	0002	有機EL (yūki EL)	유기 EL (OLED)
00988	2026-08-11 08:03:23	0001	0002	porter bonheur	행운을 가져오다
00989	2026-08-03 08:04:42	0002	0002	n'avoir qu'à + 동사원형	~하기만 하면 되다 (본문: t'as qu'à prendre - 너 그냥 고르면 돼)
00990	2026-08-09 08:04:07	0001	0002	oublier de	~하는 것을 잊다
00991	2026-08-12 08:04:11	0001	0002	au pire	최악의 경우
00992	2026-08-03 08:07:49	0004	0002	いかない	~할 수 없다
00993	2026-08-10 08:04:35	0001	0002	インテリア	인테리어
00994	2026-08-10 08:04:50	0001	0002	キッチン (kicchin)	주방
00995	2026-08-11 08:04:57	0001	0002	se faire plaisir	즐기다, 재미를 보다
00996	2026-08-03 08:06:36	0002	0002	呪われた (noro)	저주받은
00997	2026-08-09 08:05:26	0001	0002	le taux d'imposition	세율
00998	2026-08-09 08:05:51	0001	0002	frémir	떨다
00999	2026-08-10 08:06:17	0001	0002	蛍光色 (けいこうしょく)	형광색
01000	2026-08-13 08:06:57	0001	0002	un emballage	포장
01001	2026-08-03 23:47:02	0004	0002	口論 (kōron)	말다툼, 논쟁
01002	2026-08-03 08:08:27	0002	0002	je ne le mets plus	더 이상 입지 않다
01003	2026-08-13 08:07:37	0001	0002	持ち歩く (も ある)	가지고 다니다
01004	2026-08-03 23:45:53	0002	0002	contrôleur	검표원, 대중교통 검사원
01005	2026-08-08 08:08:18	0001	0002	隣人 (りんじん)	이웃사람
01006	2026-08-12 08:08:41	0001	0002	フライドポテト (furaido poteto)	감자튀김
01007	2026-08-08 23:45:58	0001	0002	スキー (sukī)	스키
01008	2026-08-03 23:47:23	0002	0002	勧める(すす)	권하다, 추천하다
01009	2026-08-08 23:56:55	0002	0003	涼しい(すず)	시원하다
01010	2026-08-12 23:46:42	0001	0002	bombarder	폭격하다, 쏟아붓다
01011	2026-08-03 23:48:00	0002	0002	~ておく	미리 ~해두다, ~해놓다
01012	2026-08-09 23:47:17	0001	0002	la déclaration d'impôts	세금 신고서
01013	2026-08-04 00:00:22	0004	0003	dépanner	빌려주다, 도와주다 (구어)
01014	2026-08-03 23:52:17	0003	0002	贈り物 (oku mono)	선물
01015	2026-08-03 23:53:39	0004	0002	parier	내기하다 (to bet)
01016	2026-08-12 23:48:13	0001	0002	génial(e)	훌륭한, 멋진
01017	2026-08-03 23:49:34	0002	0002	te resservir	다시 먹다, 더 먹다
01018	2026-08-03 23:52:39	0002	0002	la vitrine de Noël	크리스마스 쇼윈도
01019	2026-08-10 23:49:41	0001	0002	再発見 (さいはっけん)	재발견
01020	2026-08-09 23:50:05	0001	0002	配送料無料 (haisōryō muryō)	배송료 무료
01021	2026-08-03 23:54:45	0002	0002	鍛える(きた)	단련하다, 훈련하다
01022	2026-08-03 23:55:05	0002	0002	le suivi d'activité	활동 추적
01023	2026-08-10 23:53:43	0001	0002	正しい (tada)	옳다, 맞다
01024	2026-08-09 23:53:53	0001	0002	en parler	그것에 대해 말하다
01025	2026-08-09 23:54:32	0001	0002	アイシャドウ	아이섀도우
01026	2026-08-08 23:55:11	0001	0002	décorations (f, pl)	장식들
01027	2026-08-09 23:55:17	0001	0002	全身 (ぜんしん)	whole body
01028	2026-08-03 23:57:05	0002	0002	なってほしい	~해주기를 바라다
01029	2026-08-12 23:55:43	0001	0002	年末年始 (nenmatsu nenshi)	연말연시
01030	2026-08-03 23:57:16	0002	0002	domestique	家畜化された、飼いならされた
01031	2026-08-08 23:56:38	0001	0002	se poser devant	〜の前でくつろぐ
01032	2026-08-03 23:58:33	0002	0002	aspirer	빨아들이다
01033	2026-08-12 23:57:33	0001	0002	faire plaisir	기쁘게 하다
01034	2026-08-03 23:58:40	0002	0002	la journée (여성명사)	하루, 낮 시간
01035	2026-08-03 23:59:21	0002	0002	la cuisson (f.)	조리, 요리 과정
01036	2026-08-03 23:59:31	0002	0002	faire du stock	재고를 쌓다
01037	2026-08-03 23:59:36	0002	0002	凍える(こご)	얼다
01038	2026-08-03 23:59:43	0002	0002	carte de vœux (f)	연하장, 축하 카드
01039	2026-08-08 23:58:55	0001	0002	隠せる (kaku)	감추다, 숨기다
01040	2026-08-04 00:01:10	0002	0002	vu comment	〜を見れば、 〜であることを考えると
01041	2026-08-04 00:02:07	0002	0002	je suis crevé	나는 완전히 지쳤다
01042	2026-08-12 00:00:52	0001	0002	魔法 (mahō)	마법
01043	2026-08-13 00:01:00	0001	0002	終わる (owaru)	끝나다
01044	2026-08-04 00:02:24	0002	0002	サクサク	바삭바삭 (의성어)
01045	2026-08-04 00:03:08	0002	0002	不正乗車 (fusei jōsha)	부정승차
01046	2026-08-03 00:03:16	0001	0000	les factures	청구서, 요금
01047	2026-08-10 00:02:33	0001	0002	もしかしたら	어쩌면, 혹시
01048	2026-08-13 00:02:42	0001	0002	スマホ	스마트폰
01049	2026-08-13 00:02:58	0001	0002	la séance de minuit	심야 상영
01050	2026-08-09 00:03:14	0001	0002	コスメ (kosume)	코스메틱, 화장품
01051	1970-01-01 00:00:00	0000	0000	愛らしい (ai)	사랑스러운
01052	1970-01-01 00:00:00	0000	0000	あっという間 (ま)	순식간, 눈깜짝할사이
01053	1970-01-01 00:00:00	0000	0000	サボる (saboru)	땡땡이치다, 빼먹다
01054	1970-01-01 00:00:00	0000	0000	相手 (あいて)	상대
01055	1970-01-01 00:00:00	0000	0000	表現する(ひょうげん)	표현하다
01056	1970-01-01 00:00:00	0000	0000	reporter à	~로 미루다
01057	1970-01-01 00:00:00	0000	0000	Suica/PASMO	일본 교통카드
01058	1970-01-01 00:00:00	0000	0000	embouteillage	교통 체증
01059	1970-01-01 00:00:00	0000	0000	T'inquiète ! (Ne t'inquiète pas)	걱정 마!
01060	1970-01-01 00:00:00	0000	0000	あまり	그다지, 너무
01061	1970-01-01 00:00:00	0000	0000	bonbons ou un sort	"trick or treat" (사탕 아니면 장난)
01062	1970-01-01 00:00:00	0000	0000	un régal	맛있는 것, 즐거움
01063	1970-01-01 00:00:00	0000	0000	語る kata	이야기하다
01064	1970-01-01 00:00:00	0000	0000	仮面 (kamen)	가면
01065	1970-01-01 00:00:00	0000	0000	la technologie de pointe	첨단 기술
01066	1970-01-01 00:00:00	0000	0000	continuer à	계속 ~하다
01067	1970-01-01 00:00:00	0000	0000	子犬 (koinu)	강아지
01068	1970-01-01 00:00:00	0000	0000	ポップコーン	팝콘
01069	1970-01-01 00:00:00	0000	0000	courant d'air (남성명사 표현)	통풍, 바람이 통함
01070	1970-01-01 00:00:00	0000	0000	mouchoirs (m.pl)	손수건, 휴지
01071	1970-01-01 00:00:00	0000	0000	コレクター	수집가, 콜렉터
01072	1970-01-01 00:00:00	0000	0000	des bottes de pluie	장화
01073	1970-01-01 00:00:00	0000	0000	後 (ato)	후
01074	1970-01-01 00:00:00	0000	0000	essoufflé(e)	숨이 찬
01075	1970-01-01 00:00:00	0000	0000	ブラフかける	블러프하다
01076	1970-01-01 00:00:00	0000	0000	バス (basu)	버스
01077	1970-01-01 00:00:00	0000	0000	impatiente	참을성 없는 (여성형)
01078	1970-01-01 00:00:00	0000	0000	かかる (시간/비용이)	들다
01079	1970-01-01 00:00:00	0000	0000	papier cadeau (m)	포장지
01080	1970-01-01 00:00:00	0000	0000	確定申告 (かくていしんこく)	세금 신고
01081	1970-01-01 00:00:00	0000	0000	死ぬ (shi)	죽다, 고장나다
01082	1970-01-01 00:00:00	0000	0000	チケット売り場 (u ba)	매표소
01083	1970-01-01 00:00:00	0000	0000	la part	조각, 몫
01084	1970-01-01 00:00:00	0000	0000	si je tombe dessus	내가 그것을 만나면
01085	1970-01-01 00:00:00	0000	0000	熱狂的な nekkyōteki	열광적인
01086	1970-01-01 00:00:00	0000	0000	頑張る (ganba)	노력하다, 힘내다
01087	1970-01-01 00:00:00	0000	0000	キラキラ (kirakira)	반짝반짝
01088	1970-01-01 00:00:00	0000	0000	雑巾 (ぞうきん)	걸레
01089	1970-01-01 00:00:00	0000	0000	仕事 (shigoto)	일, 직장
01090	1970-01-01 00:00:00	0000	0000	pâte à pizza	피자 도우
01091	1970-01-01 00:00:00	0000	0000	欲望に負けるyokubō ma	욕망에 지다 (craquer pour)
01092	1970-01-01 00:00:00	0000	0000	あと1秒 (いちびょう)	1초만 더
01093	1970-01-01 00:00:00	0000	0000	蜘蛛 (kumo)	거미
01094	1970-01-01 00:00:00	0000	0000	脱水 (dassui)	탈수
01095	1970-01-01 00:00:00	0000	0000	les radiateurs	라디에이터, 난방기
01096	1970-01-01 00:00:00	0000	0000	タンスの肥やし (こ)	옷장 속 애물단지
01097	1970-01-01 00:00:00	0000	0000	浄化する(じょうか)	정화하다
01098	1970-01-01 00:00:00	0000	0000	賭け (か)	내기, 도박
01099	1970-01-01 00:00:00	0000	0000	エキゾチック	이국적인
01100	1970-01-01 00:00:00	0000	0000	un imperméable	우비, 레인코트
01101	1970-01-01 00:00:00	0000	0000	se rappeler/souvenir de	기억/회상하다
01102	1970-01-01 00:00:00	0000	0000	une lessive	빨래, 세탁
01103	1970-01-01 00:00:00	0000	0000	autant	그만큼, 이렇게
01104	1970-01-01 00:00:00	0000	0000	un virement	송금, 계좌 이체
01105	1970-01-01 00:00:00	0000	0000	目標 (もくひょう)	목표
01106	1970-01-01 00:00:00	0000	0000	すればいいじゃない (sureba ii janai)	する(하다, 불규칙동사)의 가정형 すれば (하면) + いい (좋다) \\rightarrow 하면 좋다. 뒤에 じゃない(잖아/지 않아?)가 붙어 "하면 되잖아"라는 제안/권유의 표현이 됩니다.
01107	1970-01-01 00:00:00	0000	0000	待つ (まつ)	기다리다
01108	1970-01-01 00:00:00	0000	0000	l'horaire	시간표
01109	1970-01-01 00:00:00	0000	0000	la bouillotte	온수주머니, 핫팩
01110	1970-01-01 00:00:00	0000	0000	頼んで (たの)	부탁하다
01111	1970-01-01 00:00:00	0000	0000	le tapis rouge	레드 카펫 (red carpet)
01112	1970-01-01 00:00:00	0000	0000	手伝って (tetsuda)	도와줘
01113	1970-01-01 00:00:00	0000	0000	les plats salés	짠 요리들
01114	1970-01-01 00:00:00	0000	0000	un achat compulsif	충동구매
01115	1970-01-01 00:00:00	0000	0000	la superstition	미신
01116	1970-01-01 00:00:00	0000	0000	バラ色 (いろ)	장미빛
01117	1970-01-01 00:00:00	0000	0000	この (kono)	이
01118	1970-01-01 00:00:00	0000	0000	se mouiller	젖다 (자동사)
01119	1970-01-01 00:00:00	0000	0000	光合成 (kōgōsei)	광합성
01120	1970-01-01 00:00:00	0000	0000	この前 (まえ)	얼마 전에, 지난번에
01121	1970-01-01 00:00:00	0000	0000	être censé (faire qc)	~하기로 되어 있다, ~해야 한다
01122	1970-01-01 00:00:00	0000	0000	le Bordeaux (남성)	보르도 와인 (지역 이름에서 유래)
01123	1970-01-01 00:00:00	0000	0000	セッション切れ (gire)	세션 만료
01124	1970-01-01 00:00:00	0000	0000	conseiller municipal	시의원
01125	1970-01-01 00:00:00	0000	0000	se soigner	치료하다, 돌보다
01126	1970-01-01 00:00:00	0000	0000	ne pas faire de mal	害(gai)にならない、悪くない
01127	1970-01-01 00:00:00	0000	0000	得するわ (toku)	이득을 보네 (여성)
01128	1970-01-01 00:00:00	0000	0000	il fait beau	날씨가 좋다
01129	1970-01-01 00:00:00	0000	0000	griffures (f. pl.)	引っかき傷
01130	1970-01-01 00:00:00	0000	0000	馬鹿みたい	바보같은
01131	1970-01-01 00:00:00	0000	0000	失敗談 (しっぱいだん)	실패담, 실수담
01132	1970-01-01 00:00:00	0000	0000	少なくとも (す)	적어도
01133	1970-01-01 00:00:00	0000	0000	するはずが	할참이었는데
01134	1970-01-01 00:00:00	0000	0000	un piéton	보행자
01135	1970-01-01 00:00:00	0000	0000	paumé (paumer)	잃어버리다 (구어)
01136	1970-01-01 00:00:00	0000	0000	遅れる (오쿠)	늦다, 지체되다
01137	1970-01-01 00:00:00	0000	0000	à croire que	~라고 믿을 정도로, 마치~할
01138	1970-01-01 00:00:00	0000	0000	大きすぎる (おお)	너무 크다
01139	1970-01-01 00:00:00	0000	0000	字幕 (jimaku)	자막
01140	1970-01-01 00:00:00	0000	0000	la honte	창피함, 수치
01141	1970-01-01 00:00:00	0000	0000	遅れた (遅れる)	늦다, 뒤처지다
01142	1970-01-01 00:00:00	0000	0000	la carte Navigo	파리 교통카드
01143	1970-01-01 00:00:00	0000	0000	se réveiller	잠에서 깨다, 일어나다
01144	1970-01-01 00:00:00	0000	0000	débattre	논쟁하다
01145	1970-01-01 00:00:00	0000	0000	カウントダウン	카운트다운
01146	1970-01-01 00:00:00	0000	0000	la grippe	독감
01147	1970-01-01 00:00:00	0000	0000	lotion tonique (f)	토너, 화장수
01148	1970-01-01 00:00:00	0000	0000	調べる (shira)	조사하다
01149	1970-01-01 00:00:00	0000	0000	なくて済む (nakute sumu)	~하지 않아도 되다
01150	1970-01-01 00:00:00	0000	0000	描いてある (か)	그려져 있다
01151	1970-01-01 00:00:00	0000	0000	une brocante	벼룩시장
01152	1970-01-01 00:00:00	0000	0000	accepter de	~하는 것을 받아들이다
01153	1970-01-01 00:00:00	0000	0000	c'est la bonne	이번이 진짜다
01154	1970-01-01 00:00:00	0000	0000	un jeu vidéo	비디오 게임
01155	1970-01-01 00:00:00	0000	0000	スクリーンタイム	스크린 타임
01156	1970-01-01 00:00:00	0000	0000	甘口 (amakuchi)	달콤한 맛 (단맛이 나는 술)
01157	1970-01-01 00:00:00	0000	0000	en sueur	땀을 흘리며
01158	1970-01-01 00:00:00	0000	0000	la paresse	게으름
01159	1970-01-01 00:00:00	0000	0000	avoir besoin de	~할 필요가 있다
01160	1970-01-01 00:00:00	0000	0000	loin du compte	기대에 미치지 못하는
01161	1970-01-01 00:00:00	0000	0000	飼育 (shiiku)	사육
01162	1970-01-01 00:00:00	0000	0000	la lessive liquide	액체 세제
01163	1970-01-01 00:00:00	0000	0000	セキュリティ	보안
01164	1970-01-01 00:00:00	0000	0000	やっと (yatto)	드디어, 겨우
01165	1970-01-01 00:00:00	0000	0000	運がいい (un)	운이 좋다
01166	1970-01-01 00:00:00	0000	0000	la manette	컨트롤러
01167	1970-01-01 00:00:00	0000	0000	ロック	잠금
01168	1970-01-01 00:00:00	0000	0000	役立つ(やくだ)	도움이 되다
01169	1970-01-01 00:00:00	0000	0000	真似してた (まね)	흉내내고 있었다
01170	1970-01-01 00:00:00	0000	0000	バカンス	vacation
01171	1970-01-01 00:00:00	0000	0000	ホットチョコレート	핫초코
01172	1970-01-01 00:00:00	0000	0000	意見が合う (いけん あ)	의견이 맞다
01173	1970-01-01 00:00:00	0000	0000	la chaussée glissante	미끄러운 노면
01174	1970-01-01 00:00:00	0000	0000	la galerie (여성)	미술관, 관객 (épater la galerie: 구경꾼/사람들을 깜짝 놀라게 하다)
01175	1970-01-01 00:00:00	0000	0000	se réchauffer	몸을 녹이다
01176	1970-01-01 00:00:00	0000	0000	prendre de l'avance	미리 준비하다
01177	1970-01-01 00:00:00	0000	0000	la climatisation (여성명사)	에어컨, 공기 조절 (줄여서 la clim이라고 자주 씀)
01178	1970-01-01 00:00:00	0000	0000	スケートリンク	스케이트장
01179	1970-01-01 00:00:00	0000	0000	かかってきた	걸려왔다
01180	1970-01-01 00:00:00	0000	0000	réserver une table	테이블을 예약하다
01181	1970-01-01 00:00:00	0000	0000	やってのける	해내다
01182	1970-01-01 00:00:00	0000	0000	身を持ち崩す (mi mo aku)	신세를 망치다
01183	1970-01-01 00:00:00	0000	0000	ヤバい	대단한, 미친 (구어체)
01184	1970-01-01 00:00:00	0000	0000	口当たり (くちあ)	입안의 감촉
01185	1970-01-01 00:00:00	0000	0000	あまりにも	너무나도
01186	1970-01-01 00:00:00	0000	0000	映画ファン (eiga)	영화 팬
01187	1970-01-01 00:00:00	0000	0000	なりつつある	~하게 되어가다, ~해지고 있다
01188	1970-01-01 00:00:00	0000	0000	カフェ (kafe)	카페
01189	1970-01-01 00:00:00	0000	0000	裏側 (うらがわ)	뒷면, 이면
01190	1970-01-01 00:00:00	0000	0000	l'embarras (m)	당혹감, 곤란
01191	1970-01-01 00:00:00	0000	0000	反対側 (はんたいがわ)	반대편
01192	1970-01-01 00:00:00	0000	0000	解像度 (kaizōdo)	해상도
01193	1970-01-01 00:00:00	0000	0000	〜ざるを得ない (e)	~하지 않을 수 없다
01194	1970-01-01 00:00:00	0000	0000	confrontation	대립, 충돌
01195	1970-01-01 00:00:00	0000	0000	化粧品店 (keshōhinten)	화장품 가게
01196	1970-01-01 00:00:00	0000	0000	食べ放題 (ta hōdai)	뷔페, 무제한 식사
01197	1970-01-01 00:00:00	0000	0000	le résultat	결과
01198	1970-01-01 00:00:00	0000	0000	我慢できなくなる	참을 수 없게 되다
01199	1970-01-01 00:00:00	0000	0000	fruité / fruitée (형용사)	과일 향이 풍부한
01200	1970-01-01 00:00:00	0000	0000	ツイてる	운이 따르다
01201	1970-01-01 00:00:00	0000	0000	クリスマスケーキ	크리스마스 케이크
01202	1970-01-01 00:00:00	0000	0000	暖かい (あたた)	따뜻하다
01203	1970-01-01 00:00:00	0000	0000	謝罪 (shazai)	사죄, 사과 (s’excuser)
01204	1970-01-01 00:00:00	0000	0000	さえ (sae)	~조차
01205	1970-01-01 00:00:00	0000	0000	せい	탓, 책임
01206	1970-01-01 00:00:00	0000	0000	シミュレーション	시뮬레이션
01207	1970-01-01 00:00:00	0000	0000	迷惑 (めいわく)	폐, 성가심
01208	1970-01-01 00:00:00	0000	0000	testé	시도했다 (tester의 과거분사)
01209	1970-01-01 00:00:00	0000	0000	警笛 keiteki / クラクション	경적
01210	1970-01-01 00:00:00	0000	0000	ショッピング	쇼핑
01211	1970-01-01 00:00:00	0000	0000	きれいに	깨끗하게
01212	1970-01-01 00:00:00	0000	0000	美味しい (おい)	맛있다
01213	1970-01-01 00:00:00	0000	0000	きつね色 (iro)	여우색, 황금빛 갈색
01214	1970-01-01 00:00:00	0000	0000	薬局 [yakkyoku]	약국
01215	1970-01-01 00:00:00	0000	0000	園芸 (engei)	원예
01216	1970-01-01 00:00:00	0000	0000	feuilleté(e)	페이스트리의, 겹겹이 쌓인
01217	1970-01-01 00:00:00	0000	0000	お腹を壊す (onaka kowa)	배탈이 나다
01218	1970-01-01 00:00:00	0000	0000	暖房 (だんぼう)	部屋を暖めること
01219	1970-01-01 00:00:00	0000	0000	瞑想 (meisō)	명상
01220	1970-01-01 00:00:00	0000	0000	信号 (しんごう)	신호등
01221	1970-01-01 00:00:00	0000	0000	la sueur (여성명사)	땀
01222	1970-01-01 00:00:00	0000	0000	aider à	~하는 데 도움이 되다
01223	1970-01-01 00:00:00	0000	0000	達成する (tassei)	달성하다
01224	1970-01-01 00:00:00	0000	0000	une addiction au jeu	도박 중독
01225	1970-01-01 00:00:00	0000	0000	挑発的な (chōhatsuteki)	도발적인
01226	1970-01-01 00:00:00	0000	0000	興行収入 (kōgyō shūnyū)	흥행 수입
01227	1970-01-01 00:00:00	0000	0000	生焼け (なまや)	덜 익은
01228	1970-01-01 00:00:00	0000	0000	vitrine (f)	쇼윈도
01229	1970-01-01 00:00:00	0000	0000	華やか (hana)y	화려하다
01230	1970-01-01 00:00:00	0000	0000	コーヒー	커피
01231	1970-01-01 00:00:00	0000	0000	毛布 (mōfu)	담요
01232	1970-01-01 00:00:00	0000	0000	un tricheur / une tricheuse	사기꾼, 치터
01233	1970-01-01 00:00:00	0000	0000	un succès retentissant	큰성공, 대히트
01234	1970-01-01 00:00:00	0000	0000	デパコス (depakosu)	백화점 화장품
01235	1970-01-01 00:00:00	0000	0000	Si si justement	아니, 있어, 바로 그거야
01236	1970-01-01 00:00:00	0000	0000	覚悟しておいて	각오해 둬
01237	1970-01-01 00:00:00	0000	0000	l’intrigue/le scénario	줄거리,시나리오
01238	1970-01-01 00:00:00	0000	0000	走る (はし)	달리다
01239	1970-01-01 00:00:00	0000	0000	magasinage (m) / shopping (m)	쇼핑
01240	1970-01-01 00:00:00	0000	0000	山 (yama)	산
01241	1970-01-01 00:00:00	0000	0000	les calories brûlées	소모된(태운) 칼로리
01242	1970-01-01 00:00:00	0000	0000	apprécier	높이 평가하다, 좋아하다
01243	1970-01-01 00:00:00	0000	0000	filet	그물
01244	1970-01-01 00:00:00	0000	0000	エアフライヤー (ea furaiyā)	에어프라이어
01245	1970-01-01 00:00:00	0000	0000	説得力 (せっとくりょく)	설득력
01246	1970-01-01 00:00:00	0000	0000	飼ってた (か)	키우고(사육하고) 있었다
01247	1970-01-01 00:00:00	0000	0000	ラッシュアワー	러시아워
01248	1970-01-01 00:00:00	0000	0000	気がする [키]	~한 기분이 들다, ~한 것 같다
01249	1970-01-01 00:00:00	0000	0000	勝手に (かって)	멋대로, 저절로
01250	1970-01-01 00:00:00	0000	0000	appart (m.)	アパート（appartementの略）
01251	1970-01-01 00:00:00	0000	0000	à une seconde près	1초 차이로
01252	1970-01-01 00:00:00	0000	0000	味見させて	맛보게 해줘
01253	1970-01-01 00:00:00	0000	0000	apprendre à	~하는 것을 배우다
01254	1970-01-01 00:00:00	0000	0000	お化け屋敷 (ba yashiki)	귀신의 집
01255	1970-01-01 00:00:00	0000	0000	乾杯 (kanpai)	건배
01256	1970-01-01 00:00:00	0000	0000	une poussière	먼지
01257	1970-01-01 00:00:00	0000	0000	la couverture	담요
01258	1970-01-01 00:00:00	0000	0000	昇る (のぼ)	오르다, 떠오르다
01259	1970-01-01 00:00:00	0000	0000	なんだか	왠지, 어쩐지
01260	1970-01-01 00:00:00	0000	0000	ゴシップ	가십 (gossip)
01261	1970-01-01 00:00:00	0000	0000	comme après	~후처럼
01262	1970-01-01 00:00:00	0000	0000	モッツァレラチーズ	모차렐라 치즈
01263	1970-01-01 00:00:00	0000	0000	趣味に合う (shumi)	취향에 맞다
01264	1970-01-01 00:00:00	0000	0000	Mettre l'argent en sécurité	그돈을 안전하게 보관하다
01265	1970-01-01 00:00:00	0000	0000	気を付ける [키 츠]	조심하다, 주의하다
01266	1970-01-01 00:00:00	0000	0000	Ça doit être...	~임에 틀림없다, ~이겠다.
01267	1970-01-01 00:00:00	0000	0000	下げる (sa)	내리다, 낮추다
01268	1970-01-01 00:00:00	0000	0000	le réveil	알람, 기상
01269	1970-01-01 00:00:00	0000	0000	時期 (jiki)	시기
01270	1970-01-01 00:00:00	0000	0000	宝物 (たからもの)	보물
01271	1970-01-01 00:00:00	0000	0000	se faire harceler	괴롭힘을 당하다
01272	1970-01-01 00:00:00	0000	0000	演奏 (えんそう)	연주
01273	1970-01-01 00:00:00	0000	0000	foyer (m)	炉床(rosang)、暖炉の火床
01274	1970-01-01 00:00:00	0000	0000	落ち込む (o ko)	낙담하다, 우울해지다
01275	1970-01-01 00:00:00	0000	0000	売れる (う)	팔리다
01276	1970-01-01 00:00:00	0000	0000	街 (machi)	거리, 도시
01277	1970-01-01 00:00:00	0000	0000	un de ces quatre	언젠가 (구어체)
01278	1970-01-01 00:00:00	0000	0000	se casser la figure	넘어지다 (구어)
01279	1970-01-01 00:00:00	0000	0000	les routes	도로들
01280	1970-01-01 00:00:00	0000	0000	インフルエンザ	독감
01281	1970-01-01 00:00:00	0000	0000	commencent à tourner	돌기 시작하다
01282	1970-01-01 00:00:00	0000	0000	散歩 (sanpo)	산책
01283	1970-01-01 00:00:00	0000	0000	le mode de vie sain	건강한 생활 방식
01284	1970-01-01 00:00:00	0000	0000	conseillère (f)	여성 상담사
01285	1970-01-01 00:00:00	0000	0000	休暇 (きゅうか)	휴가
01286	1970-01-01 00:00:00	0000	0000	en réalité virtuelle	가상현실로
01287	1970-01-01 00:00:00	0000	0000	superstitieux/superstitieuse	미신을 믿는
01288	1970-01-01 00:00:00	0000	0000	どうしても	아무리 해도, 도저히
01289	1970-01-01 00:00:00	0000	0000	la mise	판돈, 베팅
01290	1970-01-01 00:00:00	0000	0000	interdire de	~하는 것을 금지하다
01291	1970-01-01 00:00:00	0000	0000	でもさ	그런데 말이야
01292	1970-01-01 00:00:00	0000	0000	grossir	살이 찌다
01293	1970-01-01 00:00:00	0000	0000	サラミ	살라미
01294	1970-01-01 00:00:00	0000	0000	慌てる (아와)	당황하다, 허둥대다
01295	1970-01-01 00:00:00	0000	0000	たまに	가끔
01296	1970-01-01 00:00:00	0000	0000	思い出 (omo de)	추억
01297	1970-01-01 00:00:00	0000	0000	気まずそう (き)	어색해보이는,난처해보이는
01298	1970-01-01 00:00:00	0000	0000	売りに出す (うり だ)	팔러 내놓다
01299	1970-01-01 00:00:00	0000	0000	食いしん坊(ku bō)	식탐가, 먹보
01300	1970-01-01 00:00:00	0000	0000	les flocons (m)	눈송이들
01301	1970-01-01 00:00:00	0000	0000	買って帰りたくなる	사서돌아오고 싶어지다
01302	1970-01-01 00:00:00	0000	0000	放っておいて (ほう)	내버려두다
01303	1970-01-01 00:00:00	0000	0000	お得 (toku)	이득, 득템, 좋은 거래
01304	1970-01-01 00:00:00	0000	0000	動く(うご)	움직이다
01305	1970-01-01 00:00:00	0000	0000	もっと	더, 한층 더
01306	1970-01-01 00:00:00	0000	0000	la volonté	의지력
01307	1970-01-01 00:00:00	0000	0000	lendemain de fête (m)	축제/파티 다음날
01308	1970-01-01 00:00:00	0000	0000	être dans le rouge	적자 상태다
01309	1970-01-01 00:00:00	0000	0000	日傘 higasa	양산
01310	1970-01-01 00:00:00	0000	0000	高校時代 (こうこうじだい)	고등학교 시절
01311	1970-01-01 00:00:00	0000	0000	金銭的に (きんせんてき)	금전적으로
01312	1970-01-01 00:00:00	0000	0000	la religion	종교
01313	1970-01-01 00:00:00	0000	0000	色落ち (iroo)	색 빠짐
01314	1970-01-01 00:00:00	0000	0000	la sucrerie	단 것, 사탕류
01315	1970-01-01 00:00:00	0000	0000	penser à	~할 것을 생각하다
01316	1970-01-01 00:00:00	0000	0000	se mettre à	~하기 착수하다
01317	1970-01-01 00:00:00	0000	0000	気づく (きづく)	알아차리다
01318	1970-01-01 00:00:00	0000	0000	伝記映画 (でんきえいが)	전기 영화
01319	1970-01-01 00:00:00	0000	0000	enfer (m)	지옥
01320	1970-01-01 00:00:00	0000	0000	10分 (juppun)	10분
01321	1970-01-01 00:00:00	0000	0000	論争 (ronsō)	논쟁
01322	1970-01-01 00:00:00	0000	0000	なきゃいけない (nakya ikenai)	~해야 한다 (구어체)
01323	1970-01-01 00:00:00	0000	0000	ケーキ屋 (や)	케이크 가게
01324	1970-01-01 00:00:00	0000	0000	転ぶ (korobu)	넘어지다
01325	1970-01-01 00:00:00	0000	0000	les préjugés (m)	편견들
01326	1970-01-01 00:00:00	0000	0000	恐れずに(oso)	겁내지않고
01327	1970-01-01 00:00:00	0000	0000	ブーランジェリー	빵집 boulangerie
01328	1970-01-01 00:00:00	0000	0000	rester assis(e)	앉아 있는다
01329	1970-01-01 00:00:00	0000	0000	感情(かんじょう)	감정
01330	1970-01-01 00:00:00	0000	0000	なんか	왠지, 뭔가 (구어체)
01331	1970-01-01 00:00:00	0000	0000	お菓子 (kashi)	과자
01332	1970-01-01 00:00:00	0000	0000	se régaler	즐기다, 만족하다
01333	1970-01-01 00:00:00	0000	0000	連れて行ってあげる (tsurete itte ageru)	連れる(데리다) + 行く(가다) + 수혜 표현 あげる(주다)가 합쳐져 '데려가 줄게(쏠게)'라는 의미의 복합 동사 구문.
01334	1970-01-01 00:00:00	0000	0000	いい値段 (ねだん)	좋은 가격
01335	1970-01-01 00:00:00	0000	0000	la bûche de Noël	통나무 케이크
01336	1970-01-01 00:00:00	0000	0000	le casque VR	VR 헤드셋
01337	1970-01-01 00:00:00	0000	0000	栄養価 (えいようか)	영양가
01338	1970-01-01 00:00:00	0000	0000	中毒みたいになる	중독 같이 되다
01339	1970-01-01 00:00:00	0000	0000	動く (ugoku)	움직이다
01340	1970-01-01 00:00:00	0000	0000	la boisson gazeuse	탄산음료
01341	1970-01-01 00:00:00	0000	0000	arriver à	~하는 데 다다르다/성공하다
01342	1970-01-01 00:00:00	0000	0000	朝日 (asahi)	아침 햇살
01343	1970-01-01 00:00:00	0000	0000	デジタルデトックス	디지털 디톡스
01344	1970-01-01 00:00:00	0000	0000	je touche du bois	(말조심/액땜) 행위
01345	1970-01-01 00:00:00	0000	0000	le temps	날씨
01346	1970-01-01 00:00:00	0000	0000	暖房 (danbō)	난방
01347	1970-01-01 00:00:00	0000	0000	するの (suru no)	5단 동사 する(하다)의 기본형에 명사화 어미 の가 붙어 '하는 것'이 됨.
01348	1970-01-01 00:00:00	0000	0000	そうそう (sō sō)	그러게, 맞아맞아
01349	1970-01-01 00:00:00	0000	0000	かかる	걸리다 (시간)
01350	1970-01-01 00:00:00	0000	0000	いられるわね (irareru wa ne)	동사 いる(있다)의 가능형인 いられる(있을 수 있다)에 여성형 종조사 わ와 공감의 ね가 결합.
01351	1970-01-01 00:00:00	0000	0000	fou/folle	미친, 엄청난
01352	1970-01-01 00:00:00	0000	0000	聞こえてくる (き)	들려오다
01353	1970-01-01 00:00:00	0000	0000	脱走する (dassō)	탈출하다
01354	1970-01-01 00:00:00	0000	0000	渋滞 jūtai	교통 체증
01355	1970-01-01 00:00:00	0000	0000	日陰 (hikage)	그늘, 해가 안 드는 곳
01356	1970-01-01 00:00:00	0000	0000	faire sécher	말리다
01357	1970-01-01 00:00:00	0000	0000	faire la bise	볼 키스를 하다 (인사)
01358	1970-01-01 00:00:00	0000	0000	la morsure	물림, 교상
01359	1970-01-01 00:00:00	0000	0000	porter malheur	불운을 가져오다
01360	1970-01-01 00:00:00	0000	0000	着る (き)	입다
01361	1970-01-01 00:00:00	0000	0000	tapis !	올인!
01362	1970-01-01 00:00:00	0000	0000	hésiter à	~하는 것을 망설이다
01363	1970-01-01 00:00:00	0000	0000	フルボディ (furu bodi)	풀 바디 (묵직하고 진한 와인 맛)
01364	1970-01-01 00:00:00	0000	0000	je rendais service	봉사했다
01365	1970-01-01 00:00:00	0000	0000	ジム	체육관, 헬스장
01366	1970-01-01 00:00:00	0000	0000	本当(ほんとう)のところ	사실은, 실은
01367	1970-01-01 00:00:00	0000	0000	se concentrer	집중하다
01368	1970-01-01 00:00:00	0000	0000	体調を崩す [taichō kuzu]	몸상태나빠지다
01369	1970-01-01 00:00:00	0000	0000	tu me paieras	네가 나에게 지불할 것이다
01370	1970-01-01 00:00:00	0000	0000	le délire	광기, 미친 상황
01371	1970-01-01 00:00:00	0000	0000	冷房 (reibō)	냉방
01372	1970-01-01 00:00:00	0000	0000	sans craindre que	~ 두려워하지 않으면서
01373	1970-01-01 00:00:00	0000	0000	無限 (むげん)	무한
01374	1970-01-01 00:00:00	0000	0000	la scène	장면
01375	1970-01-01 00:00:00	0000	0000	le tirage	추첨
01376	1970-01-01 00:00:00	0000	0000	でなきゃ	아니면
01377	1970-01-01 00:00:00	0000	0000	痛める (ita)	다치다, 상하게 하다
01378	1970-01-01 00:00:00	0000	0000	rouler	굴러가다, 운행하다
01379	1970-01-01 00:00:00	0000	0000	se sentir mal	몸이 안 좋다
01380	1970-01-01 00:00:00	0000	0000	démarches (f)	절차, 수속
01381	1970-01-01 00:00:00	0000	0000	un gâteau	케이크
01382	1970-01-01 00:00:00	0000	0000	sang-froid	냉정, 침착함
01383	1970-01-01 00:00:00	0000	0000	掛かる (か)	걸려 있다
01384	1970-01-01 00:00:00	0000	0000	avoir tendance à	~하는 경향이 있다
01385	1970-01-01 00:00:00	0000	0000	対戦する (たいせん)	대전하다
01386	1970-01-01 00:00:00	0000	0000	fesses (f.pl)	엉덩이
01387	1970-01-01 00:00:00	0000	0000	une mygale	타란툴라
01388	1970-01-01 00:00:00	0000	0000	ドタキャン	약속 직전의 취소
01389	1970-01-01 00:00:00	0000	0000	blush(m)/fard à joues (m)	블러셔, 볼터치
01390	1970-01-01 00:00:00	0000	0000	贅沢品 (zeitakuhin)	사치품, 고급품
01391	1970-01-01 00:00:00	0000	0000	怪我する (kega)	다치다
01392	1970-01-01 00:00:00	0000	0000	羨ましい (urayamashii, い형용사)	'부럽다'라는 뜻의 형용사입니다.
01393	1970-01-01 00:00:00	0000	0000	les illuminations (f)	조명 장식
01394	1970-01-01 00:00:00	0000	0000	douceur	단 것, 부드러운 것
01395	1970-01-01 00:00:00	0000	0000	balayer	쓸다
01396	1970-01-01 00:00:00	0000	0000	plaire	마음에 들다
01397	1970-01-01 00:00:00	0000	0000	se refaire	손실을 만회하다
01398	1970-01-01 00:00:00	0000	0000	location de patins	스케이트 대여
01399	1970-01-01 00:00:00	0000	0000	le graphisme	그래픽
01400	1970-01-01 00:00:00	0000	0000	commencer à	~하기 시작하다
01401	1970-01-01 00:00:00	0000	0000	la pâtisserie	페이스트리, 제과류
01402	1970-01-01 00:00:00	0000	0000	récupération de compte (f)	계정 복구
01403	1970-01-01 00:00:00	0000	0000	反応 (はんのう)	반응
01404	1970-01-01 00:00:00	0000	0000	本人確認 (honnin kakunin)	본인 확인
01405	1970-01-01 00:00:00	0000	0000	そう (sō)	~할 것 같다
01406	1970-01-01 00:00:00	0000	0000	一切れ (ひとき)	한 조각
01407	1970-01-01 00:00:00	0000	0000	acheter sur un coup d'tête	충동구매 하다 (≒ craquer pour)
01408	1970-01-01 00:00:00	0000	0000	お勧め (osusume)	추천
01409	1970-01-01 00:00:00	0000	0000	には (ni wa)	~에는 (대비/강조)
01410	1970-01-01 00:00:00	0000	0000	faire grimper	올리다, 증가시키다
01411	1970-01-01 00:00:00	0000	0000	舞台裏 (butai-ura)	무대 뒤, 비하인드
01412	1970-01-01 00:00:00	0000	0000	priorité à droite	우측 우선권
01413	1970-01-01 00:00:00	0000	0000	暗証番号 (anshō bangō)	PIN 번호
01414	1970-01-01 00:00:00	0000	0000	le plat (남성)	요리, 접시 (le plat principal: 메인 요리)
01415	1970-01-01 00:00:00	0000	0000	porter la poisse	재수 없게 만들다
01416	1970-01-01 00:00:00	0000	0000	厚手(あつで)の	두꺼운
01417	1970-01-01 00:00:00	0000	0000	passer entre les mailles du filet	그물을 빠져나가다
01418	1970-01-01 00:00:00	0000	0000	うんざり	질리다, 지긋지긋하다
01419	1970-01-01 00:00:00	0000	0000	目の保養 me hoyō	눈요기,아이쇼핑
01420	1970-01-01 00:00:00	0000	0000	決まる (き)	정해지다, 결정되다
01421	1970-01-01 00:00:00	0000	0000	料理 (ryōri)	요리
01422	1970-01-01 00:00:00	0000	0000	fera pas de mal	해롭지않을거야
01423	1970-01-01 00:00:00	0000	0000	relever	일으켜 세우다
01424	1970-01-01 00:00:00	0000	0000	逃げる (に)	도망치다, 피하다
01425	1970-01-01 00:00:00	0000	0000	分 (fun/pun)	분 (시간 단위)
01426	1970-01-01 00:00:00	0000	0000	être bloqué	잠기다, 차단되다
01427	1970-01-01 00:00:00	0000	0000	le rappel	앵콜
01428	1970-01-01 00:00:00	0000	0000	飲み代 (の だい)	술값
01429	1970-01-01 00:00:00	0000	0000	オウム	앵무새
01430	1970-01-01 00:00:00	0000	0000	filer un rancard	데이트 약속을 잡다
01431	1970-01-01 00:00:00	0000	0000	ミュージカル	뮤지컬
01432	1970-01-01 00:00:00	0000	0000	立てる (た)	세우다
01433	1970-01-01 00:00:00	0000	0000	留守番電話 (るすばんでんわ)	자동응답기
01434	1970-01-01 00:00:00	0000	0000	ティーサロン	티 살롱, 찻집
01435	1970-01-01 00:00:00	0000	0000	le capteur de mouvement	모션 센서
01436	1970-01-01 00:00:00	0000	0000	急ぐ (いそ)	서두르다
01437	1970-01-01 00:00:00	0000	0000	代替品 (だいたいひん)	대체품
01438	1970-01-01 00:00:00	0000	0000	la fraude	부정승차
01439	1970-01-01 00:00:00	0000	0000	les archives	기록 보관소, 아카이브
01440	1970-01-01 00:00:00	0000	0000	un porte-bonheur	행운의 부적
01441	1970-01-01 00:00:00	0000	0000	凍える (kogo)	얼어붙다, 몹시 춥다
01442	1970-01-01 00:00:00	0000	0000	晴れ（は）	맑음
01443	1970-01-01 00:00:00	0000	0000	残念ながら (zannen)	안타깝게도
01444	1970-01-01 00:00:00	0000	0000	地獄 (じごく)	지옥
01445	1970-01-01 00:00:00	0000	0000	実現 (じつげん)	실현
01446	1970-01-01 00:00:00	0000	0000	時 (toki)	때
01447	1970-01-01 00:00:00	0000	0000	作品 (さくひん)	작품
01448	1970-01-01 00:00:00	0000	0000	justificatif d'abonnement	정기권 증명서
01449	1970-01-01 00:00:00	0000	0000	du mal à ~	~하기 어렵다
01450	1970-01-01 00:00:00	0000	0000	わけにはいかない	~하지 않을 수 없다
01451	1970-01-01 00:00:00	0000	0000	気づく (き)	깨닫다, 알아차리다
01452	1970-01-01 00:00:00	0000	0000	もう (mō, 부사)	'이미', '벌써'라는 의미입니다.
01453	1970-01-01 00:00:00	0000	0000	やった	해냈다, 성공했다
01454	1970-01-01 00:00:00	0000	0000	不思議な (fushigi)	신비로운, 이상한
01455	1970-01-01 00:00:00	0000	0000	ストレッチ	스트레칭
01456	1970-01-01 00:00:00	0000	0000	温度調節 (ondo chōsetsu)	온도 조절
01457	1970-01-01 00:00:00	0000	0000	une contrôle surprise	불시 검사
01458	1970-01-01 00:00:00	0000	0000	des gouttes de sueur	땀방울들
01459	1970-01-01 00:00:00	0000	0000	それに	게다가, 더욱이
01460	1970-01-01 00:00:00	0000	0000	ただ	단지, 다만
01461	1970-01-01 00:00:00	0000	0000	美容液 (びようえき)	에센스, 미용액
01462	1970-01-01 00:00:00	0000	0000	ça va pas la tête ?	정신 나갔어? (구어)
01463	1970-01-01 00:00:00	0000	0000	くしゃみをする	재채기하다
01464	1970-01-01 00:00:00	0000	0000	子猫 (こねこ)	새끼 고양이
01465	1970-01-01 00:00:00	0000	0000	avoir la main légère	과소비하지 않다
01466	1970-01-01 00:00:00	0000	0000	香り (kao)	향기
01467	1970-01-01 00:00:00	0000	0000	un manuscrit	원고, 필사본
01468	1970-01-01 00:00:00	0000	0000	履く(ha)	신다
01469	1970-01-01 00:00:00	0000	0000	生き物 (ikimono)	생물, 생명체
01470	1970-01-01 00:00:00	0000	0000	買う (kau)	사다
01471	1970-01-01 00:00:00	0000	0000	干す (ho)	(빨래를) 말리다
01472	1970-01-01 00:00:00	0000	0000	une situation embarrassante	난처한 상황
01473	1970-01-01 00:00:00	0000	0000	difficile d passer à côté	못알아채기어렵다
01474	1970-01-01 00:00:00	0000	0000	悪くない (waru)	나쁘지 않은
01475	1970-01-01 00:00:00	0000	0000	ツアー	투어, 공연 순회
01476	1970-01-01 00:00:00	0000	0000	枯れる (ka)	시들다, 말라버리다
01477	1970-01-01 00:00:00	0000	0000	immersif/immersive	몰입형의
01478	1970-01-01 00:00:00	0000	0000	後ろめたい ushi	마음이 켕기는, 죄책감 드는 (tsumibukai)
01479	1970-01-01 00:00:00	0000	0000	レイズする	레이즈하다
01480	1970-01-01 00:00:00	0000	0000	un poteau	기둥, 전봇대
01481	1970-01-01 00:00:00	0000	0000	健康志向 (けんこうしこう)	건강 지향
01482	1970-01-01 00:00:00	0000	0000	手間 (てま)	수고, 노력
01483	1970-01-01 00:00:00	0000	0000	réfuter	반박하다
01484	1970-01-01 00:00:00	0000	0000	poêle à bois (m)	薪ストーブ
01485	1970-01-01 00:00:00	0000	0000	売り切れ (う き)	매진
01486	1970-01-01 00:00:00	0000	0000	un aventurier/une aventurière	모험가
01487	1970-01-01 00:00:00	0000	0000	~ことにする	~하기로 결정하다
01488	1970-01-01 00:00:00	0000	0000	インターフェース	인터페이스
01489	1970-01-01 00:00:00	0000	0000	un inconnu	낯선 사람, 모르는 사람
01490	1970-01-01 00:00:00	0000	0000	le plaid	무릎담요
01491	1970-01-01 00:00:00	0000	0000	une compagnie	동료, 반려
01492	1970-01-01 00:00:00	0000	0000	預金口座 (よきんこうざ)	예금 계좌
01493	1970-01-01 00:00:00	0000	0000	見つからない	찾을 수 없다, 발견되지 않다
01494	1970-01-01 00:00:00	0000	0000	降ってる	降る (내리다)
01495	1970-01-01 00:00:00	0000	0000	音楽(おんがく)	음악
01496	1970-01-01 00:00:00	0000	0000	居眠り (inemu)	졸음 꾸벅꾸벅 조는 것
01497	1970-01-01 00:00:00	0000	0000	バツが悪い	어색하다, 멋쩍다
01498	1970-01-01 00:00:00	0000	0000	相当 (sōtō)	상당히, 꽤
01499	1970-01-01 00:00:00	0000	0000	laisser choisir	선택하게 하다
01500	1970-01-01 00:00:00	0000	0000	faire de grandes choses	큰 일을 하다
01501	1970-01-01 00:00:00	0000	0000	画質 (gashitsu)	화질
01502	1970-01-01 00:00:00	0000	0000	返金 (へんきん)	환불
01503	1970-01-01 00:00:00	0000	0000	le trajet	여정, 노선
01504	1970-01-01 00:00:00	0000	0000	勘違い (かんちが)	착각, 오해
01505	1970-01-01 00:00:00	0000	0000	en panne	고장난
01506	1970-01-01 00:00:00	0000	0000	歌いながら [우타]	노래하면서
01507	1970-01-01 00:00:00	0000	0000	待ちながら (machi nagara)	5단 동사 待つ(기다리다)의 연용형(ます형 어간) まち에 동시 행동을 나타내는 어미 ながら(~하면서)가 결합.
01508	1970-01-01 00:00:00	0000	0000	フランジパーヌ	프랑지판 (아몬드 크림)
01509	1970-01-01 00:00:00	0000	0000	se tromper de personne	사람잘못알아보다
01510	1970-01-01 00:00:00	0000	0000	un four (남성명사)	오븐, 화덕 (매우 더운 장소를 비유)
01511	1970-01-01 00:00:00	0000	0000	queues (f, pl)	줄들
01512	1970-01-01 00:00:00	0000	0000	un avatar	아바타
01513	1970-01-01 00:00:00	0000	0000	開ける (a)	(선물을) 열다
01514	1970-01-01 00:00:00	0000	0000	le sapin	전나무, 크리스마스 트리
01515	1970-01-01 00:00:00	0000	0000	parents (m. pl.)	両親
01516	1970-01-01 00:00:00	0000	0000	違い (ちが)	차이
01517	1970-01-01 00:00:00	0000	0000	qui traîne	굴러다니는 (관계대명사)
01518	1970-01-01 00:00:00	0000	0000	トレーニング	트레이닝, 훈련
01519	1970-01-01 00:00:00	0000	0000	être impressionné(e) par ~	~에 감명받다, 감탄하다
01520	1970-01-01 00:00:00	0000	0000	sécurité (f)	보안
01521	1970-01-01 00:00:00	0000	0000	ありえない	말도 안 돼, 있을 수 없어
01522	1970-01-01 00:00:00	0000	0000	les prévisions météo	일기예보
01523	1970-01-01 00:00:00	0000	0000	最先端技術 (saisentan)	최첨단 기술
01524	1970-01-01 00:00:00	0000	0000	なくなって (nakunatte)	없어지고
01525	1970-01-01 00:00:00	0000	0000	les étapes (f, pl)	단계들
01526	1970-01-01 00:00:00	0000	0000	手続き (てつづ)	절차, 수속
01527	1970-01-01 00:00:00	0000	0000	un journal intime	일기장
01528	1970-01-01 00:00:00	0000	0000	なら (nara)	~라면
01529	1970-01-01 00:00:00	0000	0000	切る (き)	(전화를) 끊다, 끄다
01530	1970-01-01 00:00:00	0000	0000	焦げる (こ)	타다
01531	1970-01-01 00:00:00	0000	0000	すごく (sugoku, 부사)	형용사 すごい(대단하다)의 부사형으로, '굉장히', '엄청'이라는 뜻입니다. 個性がある를 수식합니다.
01532	1970-01-01 00:00:00	0000	0000	砂糖 (satō)	설탕
01533	1970-01-01 00:00:00	0000	0000	健康保険 (けんこうほけん)	건강보험
01534	1970-01-01 00:00:00	0000	0000	devenir accro	중독되다 (accro는 형용사)
01535	1970-01-01 00:00:00	0000	0000	転がってた (ころ)	굴러있었다 (転がる)
01536	1970-01-01 00:00:00	0000	0000	焼く (ya)	굽다
01537	1970-01-01 00:00:00	0000	0000	料理する (ryōri suru)	요리하다
01538	1970-01-01 00:00:00	0000	0000	miaou	ニャー（猫の鳴き声）
01539	1970-01-01 00:00:00	0000	0000	壊れて (kowarete)	하일단(2단) 동사 壊れる(고장나다)의 연용형(て형). 문장을 연결하며 '~해서'라는 이유를 나타냄.
01540	1970-01-01 00:00:00	0000	0000	chercher à	~하려고 찾아 노력하다
01541	1970-01-01 00:00:00	0000	0000	作れる (tsukureru)	만들 수 있다
01542	1970-01-01 00:00:00	0000	0000	病気（びょうき）	병
01543	1970-01-01 00:00:00	0000	0000	obliger à	~하도록 강제하다
01544	1970-01-01 00:00:00	0000	0000	ça risque de	~할 위험 가능성이 높다
01545	1970-01-01 00:00:00	0000	0000	remettre la main dessus	다시 찾다
01546	1970-01-01 00:00:00	0000	0000	une propriétaire	소유자, 주인
01547	1970-01-01 00:00:00	0000	0000	見習う (미나라)	본받다, 배우다
01548	1970-01-01 00:00:00	0000	0000	具材 (guzai)	재료, 토핑
01549	1970-01-01 00:00:00	0000	0000	Qu'est-ce qui s'est passé	무슨일 있었어?
01550	1970-01-01 00:00:00	0000	0000	真っ赤 (ま か)	새빨갛게, 시빨겋게
01551	1970-01-01 00:00:00	0000	0000	息抜き (いきぬ)	숨 돌리기, 휴식
01552	1970-01-01 00:00:00	0000	0000	二段階認証 (nidankai ninshō)	이중 인증
01553	1970-01-01 00:00:00	0000	0000	まったく	전혀
01554	1970-01-01 00:00:00	0000	0000	mettre le paquet	전력을 다하다, 공을 들이다 (구어)
01555	1970-01-01 00:00:00	0000	0000	シネコン	멀티플렉스 (cinema complex)
01556	1970-01-01 00:00:00	0000	0000	くつろぐ	to relax
01557	1970-01-01 00:00:00	0000	0000	ひどい	심한, 지독한
01558	1970-01-01 00:00:00	0000	0000	湯たんぽ (yu)	핫팩, 온수주머니
01559	1970-01-01 00:00:00	0000	0000	炉 (ろ)	火を焚く場所
01560	1970-01-01 00:00:00	0000	0000	mettre aux enchères	경매에 부치다
01561	1970-01-01 00:00:00	0000	0000	耐えられない (た)	견딜 수 없다
01562	1970-01-01 00:00:00	0000	0000	un cage	우리, 케이지
01563	1970-01-01 00:00:00	0000	0000	faire du mal	해를 끼치다
01564	1970-01-01 00:00:00	0000	0000	silencieux	조용한
01565	1970-01-01 00:00:00	0000	0000	la cachette	숨겨진 장소
01566	1970-01-01 00:00:00	0000	0000	値段 (ねだん)	가격
01567	1970-01-01 00:00:00	0000	0000	ユーザーID (yūzā ID)	사용자 ID
01568	1970-01-01 00:00:00	0000	0000	voire même	심지어, 더 나아가
01569	1970-01-01 00:00:00	0000	0000	ごちそうさまでした (gochisōsama deshita)	잘 먹었습니다 (식사 후 인사)
01570	1970-01-01 00:00:00	0000	0000	viser trop haut	너무 높게 목표를 잡다
01571	1970-01-01 00:00:00	0000	0000	まず	우선, 먼저
01572	1970-01-01 00:00:00	0000	0000	ムカつく	짜증나다, 화나다
01573	1970-01-01 00:00:00	0000	0000	近づいてる (chika)	다가오고 있다
01574	1970-01-01 00:00:00	0000	0000	不吉な（ふきつ）	(불길하다)
01575	1970-01-01 00:00:00	0000	0000	ものすごい	엄청난, 굉장한
01576	1970-01-01 00:00:00	0000	0000	断捨離 (だんしゃり)	정리정돈, 미니멀리즘
01577	1970-01-01 00:00:00	0000	0000	on verra bien	두고 보자
01578	1970-01-01 00:00:00	0000	0000	できる (dekiru)	할 수 있다
01579	1970-01-01 00:00:00	0000	0000	chats (m. pl.)	猫
01580	1970-01-01 00:00:00	0000	0000	灰 (はい)	燃えた後の残り
01581	1970-01-01 00:00:00	0000	0000	un apéro	식전주, 술자리 (apéritif의 축약)
01582	1970-01-01 00:00:00	0000	0000	飽和状態(ほうわじょうたい)	포화 상태
01583	1970-01-01 00:00:00	0000	0000	l'émotion (f)	감정
01584	1970-01-01 00:00:00	0000	0000	avoir sur soi	몸에 지니다
01585	1970-01-01 00:00:00	0000	0000	un air connu	(흔히) 아는 멜로디/노래
01586	1970-01-01 00:00:00	0000	0000	une partie	한 판, 한 경기
01587	1970-01-01 00:00:00	0000	0000	与える (ata)	주다
01588	1970-01-01 00:00:00	0000	0000	je risque de	~할 위험이 있다, ~할 것 같다
01589	1970-01-01 00:00:00	0000	0000	アイスドリンク	차가운 음료
01590	1970-01-01 00:00:00	0000	0000	l'acteur/l'actrice	배우/여배우
01591	1970-01-01 00:00:00	0000	0000	s’en faire un ensemble	같이한가지 해보자
01592	1970-01-01 00:00:00	0000	0000	avoir la tête dans le cul	몹시피곤하다 머리가 멍하다
01593	1970-01-01 00:00:00	0000	0000	ほこり (埃)	먼지
01594	1970-01-01 00:00:00	0000	0000	tisser	짜다
01595	1970-01-01 00:00:00	0000	0000	新しい (atarashii)	새로운
01596	1970-01-01 00:00:00	0000	0000	跳ね上がる(は あ)	급등하다
01597	1970-01-01 00:00:00	0000	0000	親 (おや)	부모
01598	1970-01-01 00:00:00	0000	0000	être en retard	늦다
01599	1970-01-01 00:00:00	0000	0000	クリスマスマーケット	크리스마스 마켓
01600	1970-01-01 00:00:00	0000	0000	le chaos	혼란 카오스
01601	1970-01-01 00:00:00	0000	0000	épater la galerie	사람들을 깜짝 놀라게 하다, 인기를 독차지하다
01602	1970-01-01 00:00:00	0000	0000	演技(えんぎ)	연기
01603	1970-01-01 00:00:00	0000	0000	税務署 (ぜいむしょ)	세무서
01604	1970-01-01 00:00:00	0000	0000	perdre contrôle	통제력을 잃다
01605	1970-01-01 00:00:00	0000	0000	Inviter quelqu'un au cinéma	누군가에게 영화를 보여주다(한턱내다).
01606	1970-01-01 00:00:00	0000	0000	resquiller	무임승차하다
01607	1970-01-01 00:00:00	0000	0000	la salle de sport	체육관, 헬스장
01608	1970-01-01 00:00:00	0000	0000	雨上がり ame	비 갠 후
01609	1970-01-01 00:00:00	0000	0000	les mains vides	빈손 (직역 빈 손들)
01610	1970-01-01 00:00:00	0000	0000	怖い (kowa)	무섭다
01611	1970-01-01 00:00:00	0000	0000	feuilles	잎 (복수형)
01612	1970-01-01 00:00:00	0000	0000	甘い (ama)	달다
01613	1970-01-01 00:00:00	0000	0000	から (kara)	~니까, ~에서
01614	1970-01-01 00:00:00	0000	0000	le cycle de lavage	세탁 사이클
01615	1970-01-01 00:00:00	0000	0000	時間厳守 (じかんげんしゅ)	시간 엄수
01616	1970-01-01 00:00:00	0000	0000	我慢できる (がまん)	참을 수 있다
01617	1970-01-01 00:00:00	0000	0000	dès l’été	여름부터
01618	1970-01-01 00:00:00	0000	0000	初心者 (shoshinsha)	초보자
01619	1970-01-01 00:00:00	0000	0000	少なくとも (sukunaku tomo, 부사)	'적어도', '최소한'
01620	1970-01-01 00:00:00	0000	0000	laisser perplexe	당혹스럽게 하다
01621	1970-01-01 00:00:00	0000	0000	le verglas	빙판길, 결빙
01622	1970-01-01 00:00:00	0000	0000	le réalisateur/la -trice	감독
01623	1970-01-01 00:00:00	0000	0000	議論の余地 (ぎろん よち)	논의의 여지
01624	1970-01-01 00:00:00	0000	0000	けど (kedo)	~지만
01625	1970-01-01 00:00:00	0000	0000	se retrouver	~하게 되다
01626	1970-01-01 00:00:00	0000	0000	そうになった (sō ni natta)	~할 뻔했다
01627	1970-01-01 00:00:00	0000	0000	la routine matinale	아침 루틴
01628	1970-01-01 00:00:00	0000	0000	s'y connaître (en ~)	~에 대해 잘 알다, 정통하다 (본문: je m'y connais pas du tout - 나 전혀 몰라)
01629	1970-01-01 00:00:00	0000	0000	出品する (しゅっぴん)	출품하다
01630	1970-01-01 00:00:00	0000	0000	自分で (じぶん)	스스로
01631	1970-01-01 00:00:00	0000	0000	同じくらい	~만큼, ~정도로
01632	1970-01-01 00:00:00	0000	0000	ペット (petto)	애완동물
01633	1970-01-01 00:00:00	0000	0000	entraîner	훈련시키다, 단련하다
01634	1970-01-01 00:00:00	0000	0000	時間を忘れる (じかん わす)	시간을 잊다
01635	1970-01-01 00:00:00	0000	0000	la squelette	해골
01636	1970-01-01 00:00:00	0000	0000	幸せ (しあわせ)	행복
01637	1970-01-01 00:00:00	0000	0000	挑戦 (ちょうせん)	도전
01638	1970-01-01 00:00:00	0000	0000	急ぐ (いそぐ)	to hurry
01639	1970-01-01 00:00:00	0000	0000	気にしない (き)	신경 쓰지 마
01640	1970-01-01 00:00:00	0000	0000	une médaille	메달, 훈장
01641	1970-01-01 00:00:00	0000	0000	manquer de	~이 부족하다
01642	1970-01-01 00:00:00	0000	0000	オーブン	오븐
01643	1970-01-01 00:00:00	0000	0000	かわいそうに	불쌍하게도, 안됐게도
01644	1970-01-01 00:00:00	0000	0000	二度寝 (nidone)	다시 자기
01645	1970-01-01 00:00:00	0000	0000	agent de police	교통 경찰관
01646	1970-01-01 00:00:00	0000	0000	rembourser	환불하다, 상환하다
01647	1970-01-01 00:00:00	0000	0000	ファンクラブ	팬클럽
01648	1970-01-01 00:00:00	0000	0000	蒸し暑い (mushiatsui)	후덥지근하다, 덥고 습하다
01649	1970-01-01 00:00:00	0000	0000	払う (はら)	지불하다
01650	1970-01-01 00:00:00	0000	0000	je vote pour	나는 ~에 찬성한다
01651	1970-01-01 00:00:00	0000	0000	張る (ha)	(거미줄을) 치다
01652	1970-01-01 00:00:00	0000	0000	アンコール	앵콜
01653	1970-01-01 00:00:00	0000	0000	昔 (むかし)	옛날, 예전
01654	1970-01-01 00:00:00	0000	0000	入り込む hai ko	들어가다, 파고들다
01655	1970-01-01 00:00:00	0000	0000	一攫千金 (ikkaku senkin)	일확천금
01656	1970-01-01 00:00:00	0000	0000	甘いもの (あま)	단 것
01657	1970-01-01 00:00:00	0000	0000	assurance santé (f)	건강보험
01658	1970-01-01 00:00:00	0000	0000	code PIN (m)	PIN 코드
01659	1970-01-01 00:00:00	0000	0000	l'aube (f)	새벽
01660	1970-01-01 00:00:00	0000	0000	実際 (jissai)	실제로
01661	1970-01-01 00:00:00	0000	0000	シーン	장면
01662	1970-01-01 00:00:00	0000	0000	通知 (つうち)	통지, 알림
01663	1970-01-01 00:00:00	0000	0000	半額 (hangaku)	반값, 50% 할인
01664	1970-01-01 00:00:00	0000	0000	brûlé(e)	탄
01665	1970-01-01 00:00:00	0000	0000	extensible	늘릴 수 있는
01666	1970-01-01 00:00:00	0000	0000	思ってなかった	생각하지못했다
01667	1970-01-01 00:00:00	0000	0000	減らす (he)	줄이다, 감소시키다
01668	1970-01-01 00:00:00	0000	0000	軽い (かる)	가벼운
01669	1970-01-01 00:00:00	0000	0000	rater le train	기차를 놓치다
01670	1970-01-01 00:00:00	0000	0000	tisonnier (m)	火かき棒 (bō)
01671	1970-01-01 00:00:00	0000	0000	le frisson	오한, 떨림
01672	1970-01-01 00:00:00	0000	0000	味見 (あじみ)	맛보기
01673	1970-01-01 00:00:00	0000	0000	似合う (niau)	어울리다
01674	1970-01-01 00:00:00	0000	0000	互いに (たが)	서로
01675	1970-01-01 00:00:00	0000	0000	歩 (ho)	걸음 (수)
01676	1970-01-01 00:00:00	0000	0000	減(へ)らす	줄이다
01677	1970-01-01 00:00:00	0000	0000	食感 (しょっかん)	식감
01678	1970-01-01 00:00:00	0000	0000	ヘッドセット	헤드셋
01679	1970-01-01 00:00:00	0000	0000	le côté	옆, 측면
01680	1970-01-01 00:00:00	0000	0000	ある (aru)	있다
01681	1970-01-01 00:00:00	0000	0000	un salon	거실
01682	1970-01-01 00:00:00	0000	0000	減らそうとしている	줄이려고 하고 있다
01683	1970-01-01 00:00:00	0000	0000	respire un coup	숨 좀 쉬어 (구어)
01684	1970-01-01 00:00:00	0000	0000	identifiant (m)	아이디, 식별자
01685	1970-01-01 00:00:00	0000	0000	un rendez-vous manqué	어긋난 약속 놓친 약속 (rendez-vous loupé)
01686	1970-01-01 00:00:00	0000	0000	collector	콜렉터용의, 수집가용의
01687	1970-01-01 00:00:00	0000	0000	c'est fou comme	~한 것이 미친것 같다
01688	1970-01-01 00:00:00	0000	0000	感じる(かん)	느끼다
01689	1970-01-01 00:00:00	0000	0000	une friperie	중고 옷가게
01690	1970-01-01 00:00:00	0000	0000	les neurones (m, pl)	뉴런, 신경세포
01691	1970-01-01 00:00:00	0000	0000	l'huile (f)	기름
01692	1970-01-01 00:00:00	0000	0000	確信する (かくしん)	확신하다
01693	1970-01-01 00:00:00	0000	0000	Code de la route	도로교통법
01694	1970-01-01 00:00:00	0000	0000	胃腸 (ichō)	위장
01695	1970-01-01 00:00:00	0000	0000	la cuisine	부엌, 요리
01696	1970-01-01 00:00:00	0000	0000	肺が爆発する (はい ばくはつ)	폐가터지다
01697	1970-01-01 00:00:00	0000	0000	les trottoirs	보도, 인도들
01698	1970-01-01 00:00:00	0000	0000	la gêne	어색함, 거북함
01699	1970-01-01 00:00:00	0000	0000	recommander	추천하다
01700	1970-01-01 00:00:00	0000	0000	la pizzeria	피자 가게
01701	1970-01-01 00:00:00	0000	0000	l'aspirateur	청소기
01702	1970-01-01 00:00:00	0000	0000	すすぎ	헹굼
01703	1970-01-01 00:00:00	0000	0000	le pot de fleurs	화분
01704	1970-01-01 00:00:00	0000	0000	歩道 (hodō)	보도, 인도
01705	1970-01-01 00:00:00	0000	0000	芸能界 (geinōkai)	연예계
01706	1970-01-01 00:00:00	0000	0000	une bestiole	작은 동물/벌레 (경멸/애정적)
01707	1970-01-01 00:00:00	0000	0000	タイミング	타이밍, 시기
01708	1970-01-01 00:00:00	0000	0000	rien que pour ça	그것만으로도
01709	1970-01-01 00:00:00	0000	0000	faire dorer	갈색으로 굽다
01710	1970-01-01 00:00:00	0000	0000	s'éteindre	消(ki)える 꺼지다
01711	1970-01-01 00:00:00	0000	0000	les lumières (f)	불빛들, 조명들
01712	1970-01-01 00:00:00	0000	0000	毛玉 (けだま)	털뭉치, 털공
01713	1970-01-01 00:00:00	0000	0000	アイスノノン (aisunonon) / 冷却シート (reikyaku shīto)	아이스팩 / 냉각 시트(해열 파스)
01714	1970-01-01 00:00:00	0000	0000	le quai	승강장
01715	1970-01-01 00:00:00	0000	0000	vidéos dossier	망신 영상 (비공식 표현)
01716	1970-01-01 00:00:00	0000	0000	マスカラ	마스카라
01717	1970-01-01 00:00:00	0000	0000	un écran (남성명사)	화면, 모니터
01718	1970-01-01 00:00:00	0000	0000	活動量 (katsudōryō)	활동량
01719	1970-01-01 00:00:00	0000	0000	チーク	치크, 볼터치
01720	1970-01-01 00:00:00	0000	0000	ロイヤルストレートフラッシュ	로열플러시
01721	1970-01-01 00:00:00	0000	0000	中毒 (ちゅうどく)	중독
01722	1970-01-01 00:00:00	0000	0000	être enrhumé(e)	감기에 걸리다
01723	1970-01-01 00:00:00	0000	0000	recommencer	다시 시작하다
01724	1970-01-01 00:00:00	0000	0000	j'ai ramené	가져왔다 (복합과거)
01725	1970-01-01 00:00:00	0000	0000	à part de	~을 제외하고
01726	1970-01-01 00:00:00	0000	0000	完全に (kanzen ni)	완전히
01727	1970-01-01 00:00:00	0000	0000	le désordre	어질러진 상태, 무질서
01728	1970-01-01 00:00:00	0000	0000	le cinéphile (m/f)	영화광
01729	1970-01-01 00:00:00	0000	0000	頻繁 (ひんぱん)	빈번하다, 자주
01730	1970-01-01 00:00:00	0000	0000	想像力(そうぞうりょく)	상상력
01731	1970-01-01 00:00:00	0000	0000	l'isolation	단열
01732	1970-01-01 00:00:00	0000	0000	係員 (かかりいん)	직원
01733	1970-01-01 00:00:00	0000	0000	食欲 (shokuyoku)	식욕
01734	1970-01-01 00:00:00	0000	0000	それはどうかな	그건 어떨까 (회의적)
01735	1970-01-01 00:00:00	0000	0000	transpirer	땀을 흘리다
01736	1970-01-01 00:00:00	0000	0000	être à contre-courant	주류와 반대하다
01737	1970-01-01 00:00:00	0000	0000	ストリーミング	스트리밍
01738	1970-01-01 00:00:00	0000	0000	のを (no wo)	~것을 (명사화)
01739	1970-01-01 00:00:00	0000	0000	la goutte d'eau	빗방울, 물방울
01740	1970-01-01 00:00:00	0000	0000	過払い (かばら)	초과 지불
01741	1970-01-01 00:00:00	0000	0000	ambition (f)	야망, 포부
01742	1970-01-01 00:00:00	0000	0000	不運の持ち主 (ふうん も ぬし)	불운한 사람
01743	1970-01-01 00:00:00	0000	0000	conseiller de	~하도록 조언하다
01744	1970-01-01 00:00:00	0000	0000	le guichet	매표 창구
01745	1970-01-01 00:00:00	0000	0000	commencer l'année du bon pied	새해를 좋게 시작하다
01746	1970-01-01 00:00:00	0000	0000	結末 (けつまつ)	결말
01747	1970-01-01 00:00:00	0000	0000	引っ越す (ひっこ)	이사가다
01748	1970-01-01 00:00:00	0000	0000	太陽 (たいよう)	태양
01749	1970-01-01 00:00:00	0000	0000	les ingrédients	재료들
01750	1970-01-01 00:00:00	0000	0000	そろそろ	슬슬, 이제 곧
01751	1970-01-01 00:00:00	0000	0000	piratage (m)	해킹
01752	1970-01-01 00:00:00	0000	0000	協力的 (きょうりょくてき)	cooperative
01753	1970-01-01 00:00:00	0000	0000	凍る (kō)	얼다
01754	1970-01-01 00:00:00	0000	0000	à l'autre bout du monde	지구 반대편에
01755	1970-01-01 00:00:00	0000	0000	une boisson chaude	뜨거운 음료
01756	1970-01-01 00:00:00	0000	0000	dont je t'ai parlé	내가 너에게 말했던 그
01757	1970-01-01 00:00:00	0000	0000	léger/légère	가벼운
01758	1970-01-01 00:00:00	0000	0000	偏見 (へんけん)	편견
01759	1970-01-01 00:00:00	0000	0000	le fisc	국세청
01760	1970-01-01 00:00:00	0000	0000	ranger	정리하다, 치우다
01761	1970-01-01 00:00:00	0000	0000	それでも	그래도, 그럼에도 불구하고
01762	1970-01-01 00:00:00	0000	0000	試供品 (shikyōhin)	무료샘플, 시제품
01763	1970-01-01 00:00:00	0000	0000	paillettes	반짝이, 스팽글
01764	1970-01-01 00:00:00	0000	0000	convaincre	설득하다
01765	1970-01-01 00:00:00	0000	0000	l'addiction au shopping	쇼핑 중독
01766	1970-01-01 00:00:00	0000	0000	何がなんだか	무슨 일인지
01767	1970-01-01 00:00:00	0000	0000	レイトショー	심야 상영
01768	1970-01-01 00:00:00	0000	0000	商店街 (shōtengai)	상점가
01769	1970-01-01 00:00:00	0000	0000	limiter le temps d'écran	화면시간제한하다
01770	1970-01-01 00:00:00	0000	0000	成し遂げる (な と)	이루다, 달성하다
01771	1970-01-01 00:00:00	0000	0000	薪 (まき)	장작
01772	1970-01-01 00:00:00	0000	0000	super apaisant	매우 차분하게 하는
01773	1970-01-01 00:00:00	0000	0000	prendre une pause numérique	디지털 휴식 취하다
01774	1970-01-01 00:00:00	0000	0000	反対意見 (hantai iken)	반대 의견
01775	1970-01-01 00:00:00	0000	0000	faner	시들다
01776	1970-01-01 00:00:00	0000	0000	passage piéton/clouté	횡단보도
01777	1970-01-01 00:00:00	0000	0000	まるで	마치, 흡사
01778	1970-01-01 00:00:00	0000	0000	effrayant(e)	무서운
01779	1970-01-01 00:00:00	0000	0000	En pouvoir plus (J'en peux plus)	더 이상 감당할 수 없다, 힘들어 죽겠다.
01780	1970-01-01 00:00:00	0000	0000	音楽付き [온가쿠즈]	음악이 있는, 음악 포함
01781	1970-01-01 00:00:00	0000	0000	offrir	선물하다
01782	1970-01-01 00:00:00	0000	0000	vendeur/vendeuse	판매원
01783	1970-01-01 00:00:00	0000	0000	accro	중독된
01784	1970-01-01 00:00:00	0000	0000	十分 (jūbun)	충분한
01785	1970-01-01 00:00:00	0000	0000	les feux (le feu)	신호등, 불
01786	1970-01-01 00:00:00	0000	0000	des frites (f)	감자튀김
01787	1970-01-01 00:00:00	0000	0000	交通系ICカード	교통 IC카드
01788	1970-01-01 00:00:00	0000	0000	パーティー	파티
01789	1970-01-01 00:00:00	0000	0000	残念 (ざんねん)	유감스럽다, 안타깝다
01790	1970-01-01 00:00:00	0000	0000	la mozzarella	모차렐라 치즈
01791	1970-01-01 00:00:00	0000	0000	俺 [오레]	나 (남성의 비격식 1인칭)
01792	1970-01-01 00:00:00	0000	0000	薄い/厚い生地 (うす/あつ)	얇은/두꺼운 도우
01793	1970-01-01 00:00:00	0000	0000	retourner	뒤집다
01794	1970-01-01 00:00:00	0000	0000	perdre sa chemise	전재산을 잃다
01795	1970-01-01 00:00:00	0000	0000	un coup de barre (남성명사 표현)	(더위나 피로로 인한) 갑작스러운 피로감
01796	1970-01-01 00:00:00	0000	0000	l'intérieur	실내, 안쪽
01797	1970-01-01 00:00:00	0000	0000	on dormait	우리는 잤을 것이다
01798	1970-01-01 00:00:00	0000	0000	la friteuse (f.)	튀김기
01799	1970-01-01 00:00:00	0000	0000	疲れる (つか)	피곤하다
01800	1970-01-01 00:00:00	0000	0000	j'ai l'impression que	~라는 느낌이 든다
01801	1970-01-01 00:00:00	0000	0000	めちゃくちゃ	extremely, very
01802	1970-01-01 00:00:00	0000	0000	avoir froid aux mains	손이 차갑다
01803	1970-01-01 00:00:00	0000	0000	démarchage (m)	영업 전화, 외판
01804	1970-01-01 00:00:00	0000	0000	ブックメーカー	북메이커
01805	1970-01-01 00:00:00	0000	0000	le genre	장르, 취향
01806	1970-01-01 00:00:00	0000	0000	食いっぱぐれる (ku)	먹을 기회 놓치다
01807	1970-01-01 00:00:00	0000	0000	通り過ぎる (とお す)	지나가다
01808	1970-01-01 00:00:00	0000	0000	くるまる	감싸다, 둘러싸이다
01809	1970-01-01 00:00:00	0000	0000	forcer à	~하도록 강요하다
01810	1970-01-01 00:00:00	0000	0000	la cheminée	벽난로
01811	1970-01-01 00:00:00	0000	0000	retenir	기억하다, 보유하다
01812	1970-01-01 00:00:00	0000	0000	en prendre de la graine	본받다 (관용구)
01813	1970-01-01 00:00:00	0000	0000	出す (だ)	내다, 꺼내다
01814	1970-01-01 00:00:00	0000	0000	評判 (hyōban)	평판, 소문
01815	1970-01-01 00:00:00	0000	0000	程度 (ていど)	정도
01816	1970-01-01 00:00:00	0000	0000	les œuvres (f, pl)	작품들
01817	1970-01-01 00:00:00	0000	0000	観る(みる)	관람하다, 보다
01818	1970-01-01 00:00:00	0000	0000	me sortir du lit	침대에서 나를 끄집어내다
01819	1970-01-01 00:00:00	0000	0000	poêle (f)	フライパン
01820	1970-01-01 00:00:00	0000	0000	ジョギング	조깅
01821	1970-01-01 00:00:00	0000	0000	好きな曲 [스키.쿄쿠]	좋아하는 노래
01822	1970-01-01 00:00:00	0000	0000	la prévente	선예매
01823	1970-01-01 00:00:00	0000	0000	un carnet	공책, 노트
01824	1970-01-01 00:00:00	0000	0000	目標 (mokuhyō)	목표
01825	1970-01-01 00:00:00	0000	0000	le problème (남성)	문제
01826	1970-01-01 00:00:00	0000	0000	le sommeil	수면
01827	1970-01-01 00:00:00	0000	0000	C'est clair que	明らかに〜だ
01828	1970-01-01 00:00:00	0000	0000	王冠 (ōkan)	왕관
01829	1970-01-01 00:00:00	0000	0000	花を咲かせる (hana sa)	꽃을 피우다
01830	1970-01-01 00:00:00	0000	0000	conseiller d'orientation	진로 상담사
01831	1970-01-01 00:00:00	0000	0000	sauvages	野生的な、乱暴な
01832	1970-01-01 00:00:00	0000	0000	やっぱり	역시, 전과같이, 결국
01833	1970-01-01 00:00:00	0000	0000	雪 (yuki)	눈
01834	1970-01-01 00:00:00	0000	0000	てて (tete)	~하고 (te형 반복)
01835	1970-01-01 00:00:00	0000	0000	面倒くさい (めんどう)	귀찮다
01836	1970-01-01 00:00:00	0000	0000	le sommelier / la sommelière (남성/여성)	소믈리에 (와인 전문가)
01837	1970-01-01 00:00:00	0000	0000	勝負事 (shōbugoto)	승부사, 내기
01838	1970-01-01 00:00:00	0000	0000	大画面 (だいがめん)	큰 화면, 대형 스크린
01839	1970-01-01 00:00:00	0000	0000	セッション	세션, 운동 시간
01840	1970-01-01 00:00:00	0000	0000	glisser	미끄러지다, 스케이트 타다
01841	1970-01-01 00:00:00	0000	0000	ホーム	승강장 (platform)
01842	1970-01-01 00:00:00	0000	0000	un placard	벽장
01843	1970-01-01 00:00:00	0000	0000	オリジナル	오리지널, 원본
01844	1970-01-01 00:00:00	0000	0000	差し引いていた (sa hi)	차감하고 있었던
01845	1970-01-01 00:00:00	0000	0000	la séance	세션, 시간
01846	1970-01-01 00:00:00	0000	0000	指定席 (shiteiseki)	지정석
01847	1970-01-01 00:00:00	0000	0000	警告する (けいこく)	경고하다
01848	1970-01-01 00:00:00	0000	0000	ça vaut le coup	그걸 해볼 만한 가치가 있다
01849	1970-01-01 00:00:00	0000	0000	le panier à linge	빨래 바구니
01850	1970-01-01 00:00:00	0000	0000	enfiler	신다, 입다
01851	1970-01-01 00:00:00	0000	0000	le personnage	등장인물
01852	1970-01-01 00:00:00	0000	0000	avoir le nez qui coule	콧물이 나다
01853	1970-01-01 00:00:00	0000	0000	se dépêcher	서두르다
01854	1970-01-01 00:00:00	0000	0000	une amende forfaitaire	정액 벌금
01855	1970-01-01 00:00:00	0000	0000	ぜひ	꼭, 반드시
01856	1970-01-01 00:00:00	0000	0000	on voit bien que	~인 것이 뻔하다
01857	1970-01-01 00:00:00	0000	0000	迷信（めいしん）	미신
01858	1970-01-01 00:00:00	0000	0000	デトックス	디톡스
01859	1970-01-01 00:00:00	0000	0000	思う (omou)	생각하다
01860	1970-01-01 00:00:00	0000	0000	occasion (f)	기회, 특가 상품
01861	1970-01-01 00:00:00	0000	0000	温まる (atata)	따뜻해지다
01862	1970-01-01 00:00:00	0000	0000	フォールドする	폴드하다
01863	1970-01-01 00:00:00	0000	0000	de plus en plus tôt	점점 더 일찍
01864	1970-01-01 00:00:00	0000	0000	忘れられる (わす)	잊혀지다
01865	1970-01-01 00:00:00	0000	0000	引き込まれる	끌려들다 빠져들다 몰입
01866	1970-01-01 00:00:00	0000	0000	être calé	배부르다 (구어체)
01867	1970-01-01 00:00:00	0000	0000	断れない (ことわ)	거절할 수 없다
01868	1970-01-01 00:00:00	0000	0000	口紅 (くちべに)	립스틱
01869	1970-01-01 00:00:00	0000	0000	3つ (mittsu)	3개
01870	1970-01-01 00:00:00	0000	0000	les sous (m)	돈 (구어체)
01871	1970-01-01 00:00:00	0000	0000	la dépendance	의존, 중독
01872	1970-01-01 00:00:00	0000	0000	着信拒否 (ちゃくしんきょひ)	수신거부
01873	1970-01-01 00:00:00	0000	0000	un croissant	크루아상
01874	1970-01-01 00:00:00	0000	0000	un AirFryer	에어프라이어
01875	1970-01-01 00:00:00	0000	0000	やり遂げる (to)	해내다
01876	1970-01-01 00:00:00	0000	0000	骸骨 (gaikotsu)	해골
01877	1970-01-01 00:00:00	0000	0000	mascara (m)	마스카라
01878	1970-01-01 00:00:00	0000	0000	le caractère (남성)	성격, 개성, (와인의) 바디감/특징
01879	1970-01-01 00:00:00	0000	0000	faire les magasins	쇼핑하다 (관용표현)
01880	1970-01-01 00:00:00	0000	0000	série (f.)	シリーズ（ドラマなど）
01881	1970-01-01 00:00:00	0000	0000	traîner par terre	바닥에 널려 있다
01882	1970-01-01 00:00:00	0000	0000	冬 (fuyu)	겨울
01883	1970-01-01 00:00:00	0000	0000	ところ	모습, 장면
01884	1970-01-01 00:00:00	0000	0000	la salle obscure	영화관 (문학적 표현)
01885	1970-01-01 00:00:00	0000	0000	目が覚める (め さ)	눈이 뜨이다, 깨다
01886	1970-01-01 00:00:00	0000	0000	une arachnophobie	거미 공포증
01887	1970-01-01 00:00:00	0000	0000	un scandale	스캔들, 추문 (scandal)
01888	1970-01-01 00:00:00	0000	0000	se connecter à	~에 접속하다
01889	1970-01-01 00:00:00	0000	0000	ソファ	소파
01890	1970-01-01 00:00:00	0000	0000	corvée (f.)	義務的な雑用
01891	1970-01-01 00:00:00	0000	0000	震える(ふる)	떨다, 흔들리다
01892	1970-01-01 00:00:00	0000	0000	焼き上がり (ya a)	구워진 상태
01893	1970-01-01 00:00:00	0000	0000	風邪気味 [kazegimi]	감기 기운
01894	1970-01-01 00:00:00	0000	0000	セールス	영업, 판매
01895	1970-01-01 00:00:00	0000	0000	魂 (tamashii)	영혼
01896	1970-01-01 00:00:00	0000	0000	消える (ki)	사라지다, 없어지다
01897	1970-01-01 00:00:00	0000	0000	見つめる	응시하다, 지켜보다
01898	1970-01-01 00:00:00	0000	0000	conseiller financier	재무 상담사
01899	1970-01-01 00:00:00	0000	0000	la fête costumée	가장 파티, 코스튬 파티
01900	1970-01-01 00:00:00	0000	0000	なつく / なつかない	to become attached / not attached (to people)
01901	1970-01-01 00:00:00	0000	0000	夢を見る(ゆめ み)	꿈을 꾸다
01902	1970-01-01 00:00:00	0000	0000	口座 (こうざ)	계좌
01903	1970-01-01 00:00:00	0000	0000	tenir ses promesses	약속을 지키다
01904	1970-01-01 00:00:00	0000	0000	暗号化 (angōka)	암호화
01905	1970-01-01 00:00:00	0000	0000	控除 (こうじょ)	공제
01906	1970-01-01 00:00:00	0000	0000	ビデオゲーム	비디오 게임
01907	1970-01-01 00:00:00	0000	0000	ハンド	패
01908	1970-01-01 00:00:00	0000	0000	磨く (みが)	닦다, 광내다
01909	1970-01-01 00:00:00	0000	0000	un chocolat chaud	핫초콜릿
01910	1970-01-01 00:00:00	0000	0000	procrastination (f)	미루기, 지연
01911	1970-01-01 00:00:00	0000	0000	さえ	~조차
01912	1970-01-01 00:00:00	0000	0000	le détergent	세제
01913	1970-01-01 00:00:00	0000	0000	essayage (m)	입어보기,시착
01914	1970-01-01 00:00:00	0000	0000	une infusion	허브티, 우려낸 차
01915	1970-01-01 00:00:00	0000	0000	勲章 (くんしょう)	훈장
01916	1970-01-01 00:00:00	0000	0000	一緒に (いっしょに)	together
01917	1970-01-01 00:00:00	0000	0000	かわいそうに (kawaisō ni, 형용동사의 부사형)	'가엾게도', '안타깝게도'
01918	1970-01-01 00:00:00	0000	0000	流行歌 (ryūkōka)	유행가
01919	1970-01-01 00:00:00	0000	0000	ティッシュペーパー	티슈 페이퍼
01920	1970-01-01 00:00:00	0000	0000	une anecdote	에피소드, 일화
01921	1970-01-01 00:00:00	0000	0000	le manque de concentration	집중력 부족
01922	1970-01-01 00:00:00	0000	0000	認(みと)めざるを得(え)ない	인정하지 않을 수 없다, 인정할 수밖에 없다
01923	1970-01-01 00:00:00	0000	0000	すぐまた	곧 다시
01924	1970-01-01 00:00:00	0000	0000	アプリを削除する (さくじょ)	앱 삭제하다
01925	1970-01-01 00:00:00	0000	0000	失望 (shitsubō)	실망
01926	1970-01-01 00:00:00	0000	0000	ça ressemble à rien	아무것도 아닌 것 같다
01927	1970-01-01 00:00:00	0000	0000	culinaire	요리의
01928	1970-01-01 00:00:00	0000	0000	voir les choses trop en grand	너무 크게 생각하다
01929	1970-01-01 00:00:00	0000	0000	茎 (kuki)	줄기
01930	1970-01-01 00:00:00	0000	0000	梅雨（つゆ)	장마
01931	1970-01-01 00:00:00	0000	0000	歌い上げる	감정을담아 노래를부르다
01932	1970-01-01 00:00:00	0000	0000	aussi vite	그렇게 빠르게
01933	1970-01-01 00:00:00	0000	0000	拒んでる (こば)	거부하고있다
01934	1970-01-01 00:00:00	0000	0000	太る (ふと)	살이 찌다
01935	1970-01-01 00:00:00	0000	0000	le vin (남성)	와인, 포도주
01936	1970-01-01 00:00:00	0000	0000	cheminée (f)	暖炉
01937	1970-01-01 00:00:00	0000	0000	pollué	오염된
01938	1970-01-01 00:00:00	0000	0000	抜き打ち検査 (nu u kensa)	불시 검사
01939	1970-01-01 00:00:00	0000	0000	réveillon (m)	이브, 전야제
01940	1970-01-01 00:00:00	0000	0000	賭博依存症 (tobaku izonshō)	도박 중독
01941	1970-01-01 00:00:00	0000	0000	レジ	계산대
01942	1970-01-01 00:00:00	0000	0000	la viande (여성)	고기, 육류
01943	1970-01-01 00:00:00	0000	0000	滑る (suberu)	미끄러지다
01944	1970-01-01 00:00:00	0000	0000	変わる (ka)	바뀌다
01945	1970-01-01 00:00:00	0000	0000	ピザ	피자
01946	1970-01-01 00:00:00	0000	0000	faut le faire	그걸 해야 한다 (구어체)
01947	1970-01-01 00:00:00	0000	0000	rendre l'âme	숨을 거두다, 수명을 다하다
01948	1970-01-01 00:00:00	0000	0000	バーゲン	바겐 세일
01949	1970-01-01 00:00:00	0000	0000	essuyer la sueur	땀을 닦다
01950	1970-01-01 00:00:00	0000	0000	un sommeil	수면, 잠
01951	1970-01-01 00:00:00	0000	0000	歯を折る (は お)	이를 부러뜨리다
01952	1970-01-01 00:00:00	0000	0000	成果 (せいか)	성과
01953	1970-01-01 00:00:00	0000	0000	すっぽかす	약속을 바람맞히다, 잊어버리다 (loupé)
01954	1970-01-01 00:00:00	0000	0000	楽観的 (らっかんてき)	낙관적
01955	1970-01-01 00:00:00	0000	0000	熱気 (nekki)	열기
01956	1970-01-01 00:00:00	0000	0000	le paquet	봉지, 패키지
01957	1970-01-01 00:00:00	0000	0000	仕切り直し (shiki nao)	다시 시작 재조정 (recaler)
01958	1970-01-01 00:00:00	0000	0000	rougir	얼굴을 붉히다
01959	1970-01-01 00:00:00	0000	0000	ショー	쇼
01960	1970-01-01 00:00:00	0000	0000	床 (yuka)	바닥
01961	1970-01-01 00:00:00	0000	0000	le froid	추위
01962	1970-01-01 00:00:00	0000	0000	avoir du succès	성공하다 ça marche
01963	1970-01-01 00:00:00	0000	0000	ショーウィンドウ	쇼윈도, 진열장
01964	1970-01-01 00:00:00	0000	0000	根 (ne)	뿌리
01965	1970-01-01 00:00:00	0000	0000	また	또, 다시
01966	1970-01-01 00:00:00	0000	0000	税率 (ぜいりつ)	세율
01967	1970-01-01 00:00:00	0000	0000	そば	곁, 옆
01968	1970-01-01 00:00:00	0000	0000	張る (haru)	얼다, 펴지다
01969	1970-01-01 00:00:00	0000	0000	スマホ依存症 (いぞんしょう)	폰 의존증
01970	1970-01-01 00:00:00	0000	0000	le régime	다이어트, 식이요법
01971	1970-01-01 00:00:00	0000	0000	faire goûter	맛보게 하다
01972	1970-01-01 00:00:00	0000	0000	ひどく (hidoku)	심하게
01973	1970-01-01 00:00:00	0000	0000	filtrage d'appels (m)	통화 필터링
01974	1970-01-01 00:00:00	0000	0000	se costumer	분장하다, 의상을 입다
01975	1970-01-01 00:00:00	0000	0000	proposer de	~할 것을 제안하다
01976	1970-01-01 00:00:00	0000	0000	les doigts (m)	손가락들
01977	1970-01-01 00:00:00	0000	0000	s’excuser	사과하다
01978	1970-01-01 00:00:00	0000	0000	l'engouement (m)	열광, 열풍
01979	1970-01-01 00:00:00	0000	0000	好み (このみ)	취향, 기호
01980	1970-01-01 00:00:00	0000	0000	狂ってる (くる)	미쳐있다, 말도 안 된다
01981	1970-01-01 00:00:00	0000	0000	on s'y est pris	우리가 시작했다
01982	1970-01-01 00:00:00	0000	0000	念 ねん	만약
01983	1970-01-01 00:00:00	0000	0000	tu as de la chance	너는 운이 좋다
01984	1970-01-01 00:00:00	0000	0000	une chaussette	양말
01985	1970-01-01 00:00:00	0000	0000	le pauvre	불쌍한 사람
01986	1970-01-01 00:00:00	0000	0000	恥ずかしい (は)	부끄럽다, 창피하다
01987	1970-01-01 00:00:00	0000	0000	暖房(だんぼう)	난방
01988	1970-01-01 00:00:00	0000	0000	見る (みる)	to watch
01989	1970-01-01 00:00:00	0000	0000	indigestion (f)	소화불량
01990	1970-01-01 00:00:00	0000	0000	時間の感覚 (じかん かんかく)	시간 감각
01991	1970-01-01 00:00:00	0000	0000	深呼吸 (しんこきゅう)	심호흡
01992	1970-01-01 00:00:00	0000	0000	後ろ (うし)	뒤
01993	1970-01-01 00:00:00	0000	0000	numéro masqué (m)	번호 숨김
01994	1970-01-01 00:00:00	0000	0000	宅配ピザ (takuhai)	배달 피자
01995	1970-01-01 00:00:00	0000	0000	tu déconnes ?	장난이지?
01996	1970-01-01 00:00:00	0000	0000	complet/sold out	매진
01997	1970-01-01 00:00:00	0000	0000	tomber malade	病気になる (병에 걸리다)
01998	1970-01-01 00:00:00	0000	0000	嬉しい (う)	기쁘다
01999	1970-01-01 00:00:00	0000	0000	cendres (f, pl)	灰 (hai)
02000	1970-01-01 00:00:00	0000	0000	~しておく	미리 ~해두다
02001	1970-01-01 00:00:00	0000	0000	feu rouge/vert/orange	빨간불/초록/황색
02002	1970-01-01 00:00:00	0000	0000	記憶力(きおくりょく)	기억력
02003	1970-01-01 00:00:00	0000	0000	promotion (f)	프로모션, 특가
02004	1970-01-01 00:00:00	0000	0000	袋 (ふくろ)	봉지
02005	1970-01-01 00:00:00	0000	0000	お菓子屋 (kashi-ya)	과자 가게
02006	1970-01-01 00:00:00	0000	0000	tant que ~	~하기 전까지는
02007	1970-01-01 00:00:00	0000	0000	être jaloux / jalouse	시기하다, 부러워하다
02008	1970-01-01 00:00:00	0000	0000	le pop-corn	팝콘
02009	1970-01-01 00:00:00	0000	0000	économiser du temps	시간을 절약하다
02010	1970-01-01 00:00:00	0000	0000	領収書 (りょうしゅうしょ)	영수증
02011	1970-01-01 00:00:00	0000	0000	実感 (じっかん)	실감
02012	1970-01-01 00:00:00	0000	0000	努力 (どりょく)	노력
02013	1970-01-01 00:00:00	0000	0000	me projeter	미래를 상상하다
02014	1970-01-01 00:00:00	0000	0000	目を離す (me hana)	눈을 떼다
02015	1970-01-01 00:00:00	0000	0000	être scotché à son téléphone	전화기에 붙어 있다
02016	1970-01-01 00:00:00	0000	0000	みんな (minna)	모두, 다들
02017	1970-01-01 00:00:00	0000	0000	従う (したが)	따르다
02018	1970-01-01 00:00:00	0000	0000	l'humanité (f)	인류
02019	1970-01-01 00:00:00	0000	0000	poser son cerveau	머리를 쉬게 하다
02020	1970-01-01 00:00:00	0000	0000	洗濯物 (sentakumono)	빨랫감
02021	1970-01-01 00:00:00	0000	0000	ブッシュドノエル	크리스마스 통나무 케이크
02022	1970-01-01 00:00:00	0000	0000	モチベーション	모티베이션, 동기부여
02023	1970-01-01 00:00:00	0000	0000	監督 (kantoku)	감독
02024	1970-01-01 00:00:00	0000	0000	トッピング	토핑
02025	1970-01-01 00:00:00	0000	0000	上映 (じょうえい)	상영
02026	1970-01-01 00:00:00	0000	0000	チキン (chikin)	치킨
02027	1970-01-01 00:00:00	0000	0000	on aurait pu	우리는 ~할 수 있었을 것이다
02028	1970-01-01 00:00:00	0000	0000	手入れ (てい)	손질, 관리
02029	1970-01-01 00:00:00	0000	0000	毒 (doku)	독
02030	1970-01-01 00:00:00	0000	0000	健康管理 (kenkō kanri)	건강 관리
02031	1970-01-01 00:00:00	0000	0000	alors que	~인데도 불구하고
02032	1970-01-01 00:00:00	0000	0000	とても (totemo, 부사)	'매우', '아주'라는 뜻으로 뒤의 부사 yoku(잘)를 수식합니다.
02033	1970-01-01 00:00:00	0000	0000	さて (sate)	자, 그럼 (화제 전환)
02034	1970-01-01 00:00:00	0000	0000	やっと	드디어, 겨우
02035	1970-01-01 00:00:00	0000	0000	領収書 (ryōshūsho)	영수증
02036	1970-01-01 00:00:00	0000	0000	キャットフード (kyatto fūdo)	cat food
02037	1970-01-01 00:00:00	0000	0000	カロリー消費 (karorī shōhi)	칼로리 소비
02038	1970-01-01 00:00:00	0000	0000	振り込み (ふ こ)	송금, 입금
02039	1970-01-01 00:00:00	0000	0000	状況 (じょうきょう)	상황
02040	1970-01-01 00:00:00	0000	0000	panneau de signalisation	교통 표지판
02041	1970-01-01 00:00:00	0000	0000	de toute façon	어쨌든, 어차피
02042	1970-01-01 00:00:00	0000	0000	全額 (zengaku)	전액
02043	1970-01-01 00:00:00	0000	0000	中古品 (ちゅうこひん)	중고품
02044	1970-01-01 00:00:00	0000	0000	faire le tour de	~을 한 바퀴 돌다
02045	1970-01-01 00:00:00	0000	0000	et moi donc	나도 그래 (강조)
02046	1970-01-01 00:00:00	0000	0000	la notion	개념, 감각
02047	1970-01-01 00:00:00	0000	0000	アバター	아바타
02048	1970-01-01 00:00:00	0000	0000	conseiller	추천하다, 조언하다
02049	1970-01-01 00:00:00	0000	0000	うんざり (unzari)	지긋지긋, 질림
02050	1970-01-01 00:00:00	0000	0000	没入感 (botsunyūkan)	몰입감
02051	1970-01-01 00:00:00	0000	0000	吸血鬼 (kyūketsuki)	뱀파이어
02052	1970-01-01 00:00:00	0000	0000	les fêtes de fin d'année (f)	연말 축제들
02053	1970-01-01 00:00:00	0000	0000	それにしても	그래도, 그렇다 해도
02054	1970-01-01 00:00:00	0000	0000	un pari sportif	스포츠 도박 (sports bet)
02055	1970-01-01 00:00:00	0000	0000	体重(たいじゅう)	체중
02056	1970-01-01 00:00:00	0000	0000	恐怖症 (kyōfushō)	공포증
02057	1970-01-01 00:00:00	0000	0000	密着取材 (mitchaku shuzai)	밀착 취재
02058	1970-01-01 00:00:00	0000	0000	ディスプレイ	디스플레이, 진열
02059	1970-01-01 00:00:00	0000	0000	se priver de	~을 참다, 스스로 박탈하다
02060	1970-01-01 00:00:00	0000	0000	頑張らないと	노력하지 않으면
02061	1970-01-01 00:00:00	0000	0000	promettre de	~하기로 약속하다
02062	1970-01-01 00:00:00	0000	0000	合う (au)	'어울리다', '맞다'라는 뜻의 5단동사 기본형입니다.
02063	1970-01-01 00:00:00	0000	0000	祝日 (슈쿠지츠)	명절, 휴일
02064	1970-01-01 00:00:00	0000	0000	淹れてあげる (i)	淹れる (우리다) 우려주다
02065	1970-01-01 00:00:00	0000	0000	le terreau	배양토
02066	1970-01-01 00:00:00	0000	0000	可愛い (kawai)	귀여운
02067	1970-01-01 00:00:00	0000	0000	4Kテレビ	4K 텔레비전
02068	1970-01-01 00:00:00	0000	0000	信号無視 shingō mushi	신호 위반
02069	1970-01-01 00:00:00	0000	0000	持ち帰った (moc-kae)	테이크아웃하다
02070	1970-01-01 00:00:00	0000	0000	pour me vendre	나에게 팔기 위해
02071	1970-01-01 00:00:00	0000	0000	la maison hantée	귀신의 집, 유령의 집
02072	1970-01-01 00:00:00	0000	0000	済む (す)	끝나다, 해결되다
02073	1970-01-01 00:00:00	0000	0000	リアリティ	현실감, 리얼리티
02074	1970-01-01 00:00:00	0000	0000	メリークリスマス！	메리 크리스마스!
02075	1970-01-01 00:00:00	0000	0000	étouffant (형용사)	숨이 막힐 듯한, 후덥지근한
02076	1970-01-01 00:00:00	0000	0000	efficace	효과적인
02077	1970-01-01 00:00:00	0000	0000	願う (ねが)	바라다
02078	1970-01-01 00:00:00	0000	0000	mystérieux	신비로운, 미스터리한
02079	1970-01-01 00:00:00	0000	0000	nourriture pour animaux (f.)	ペットフード
02080	1970-01-01 00:00:00	0000	0000	飾り付け (かざりつけ)	장식
02081	1970-01-01 00:00:00	0000	0000	ずぶ濡れ nu	흠뻑 젖음
02082	1970-01-01 00:00:00	0000	0000	洗濯機 (sentakuki)	세탁기
02083	1970-01-01 00:00:00	0000	0000	暑さ (atsusa, 명사)	형용사 '暑い(덥다)'의 어간에 'さ'가 붙어 명사화된 형태 ('더위')
02084	1970-01-01 00:00:00	0000	0000	定期券 (ていきけん)	정기권
02085	1970-01-01 00:00:00	0000	0000	rien t'oblige à	너가 ~할 의무는 전혀 없다
02086	1970-01-01 00:00:00	0000	0000	しょっぱい	짠
02087	1970-01-01 00:00:00	0000	0000	美味しい (oi)	맛있다
02088	1970-01-01 00:00:00	0000	0000	intraitable	융통성 없는, 협상 불가능한
02089	1970-01-01 00:00:00	0000	0000	ながら	while
02090	1970-01-01 00:00:00	0000	0000	la plateforme de jeu	게임 플랫폼
02091	1970-01-01 00:00:00	0000	0000	秘密 (ひみつ)	비밀
02092	1970-01-01 00:00:00	0000	0000	テレワーク	재택근무 (telework)
02093	1970-01-01 00:00:00	0000	0000	la tempête	폭풍
02094	1970-01-01 00:00:00	0000	0000	on repousse	우리는 미룬다
02095	1970-01-01 00:00:00	0000	0000	歌う(うた)	노래하다
02096	1970-01-01 00:00:00	0000	0000	inviter à	~하도록 초대하다
02097	1970-01-01 00:00:00	0000	0000	だね (da ne)	~네 (확인)
02098	1970-01-01 00:00:00	0000	0000	Je (ne) sais pas comment tu fais pour...	네가 어떻게 ~하는지 모르겠다 (대단하다/의아하다).
02099	1970-01-01 00:00:00	0000	0000	しつこい勧誘 (かんゆう)	끈질긴 권유
02100	1970-01-01 00:00:00	0000	0000	留守番 (rusuban)	taking care of things while someone is away
02101	1970-01-01 00:00:00	0000	0000	確信 (かくしん)	확신
02102	1970-01-01 00:00:00	0000	0000	3メートル (san mētoru)	3미터
02103	1970-01-01 00:00:00	0000	0000	課題 (かだい)	과제
02104	1970-01-01 00:00:00	0000	0000	残る (のこ)	남다
02105	1970-01-01 00:00:00	0000	0000	il faudrait que	~해야 할 것이다
02106	1970-01-01 00:00:00	0000	0000	あったら	있으면
02107	1970-01-01 00:00:00	0000	0000	bande originale (B.O.)	OST
02108	1970-01-01 00:00:00	0000	0000	avoir la flemme de	~하기 귀찮다
02109	1970-01-01 00:00:00	0000	0000	なんてこった	이런, 큰일났다
02110	1970-01-01 00:00:00	0000	0000	汚れた(よご)	더러운, 더럽혀진
02111	1970-01-01 00:00:00	0000	0000	tous les 3 mètres	3미터마다
02112	1970-01-01 00:00:00	0000	0000	延ばす (の)	미루다, 연기하다
02113	1970-01-01 00:00:00	0000	0000	楽しむ (tano)	즐기다
02114	1970-01-01 00:00:00	0000	0000	手を出してしまう	손을내밀고말다
02115	1970-01-01 00:00:00	0000	0000	見知らぬ人 (みし ひと)	모르는 사람
02116	1970-01-01 00:00:00	0000	0000	la méprise	인물 착각, 착오
02117	1970-01-01 00:00:00	0000	0000	終わらせた (o)	끝냈다
02118	1970-01-01 00:00:00	0000	0000	降る (furu)	내리다
02119	1970-01-01 00:00:00	0000	0000	クソみたいな	형편없는, 지긋지긋, 빌어먹을
02120	1970-01-01 00:00:00	0000	0000	紅茶 (こうちゃ)	홍차
02121	1970-01-01 00:00:00	0000	0000	Y'a pas eu	~이 없었다
02122	1970-01-01 00:00:00	0000	0000	手順 (てじゅん)	순서, 절차
02123	1970-01-01 00:00:00	0000	0000	氷 (kōri)	얼음
02124	1970-01-01 00:00:00	0000	0000	à mes côtés	내 곁에서
02125	1970-01-01 00:00:00	0000	0000	つける	켜다
02126	1970-01-01 00:00:00	0000	0000	ひっきりなし	끊임없이, 계속해서
02127	1970-01-01 00:00:00	0000	0000	ça porte malheur	不吉なこと 불길한 일
02128	1970-01-01 00:00:00	0000	0000	pas de chance	운이 없다
02129	1970-01-01 00:00:00	0000	0000	fluo	형광의 (fluorescent의 축약형)
02130	1970-01-01 00:00:00	0000	0000	rhume (m.)	감기
02131	1970-01-01 00:00:00	0000	0000	sécher	빠지다, 땡땡이치다 (구어)
02132	1970-01-01 00:00:00	0000	0000	出所 (しゅっしょ)	출처
02133	1970-01-01 00:00:00	0000	0000	diriger	지휘하다, 이끌다
02134	1970-01-01 00:00:00	0000	0000	早めに (하야)	일찍, 미리
02135	1970-01-01 00:00:00	0000	0000	背中 (senaka)	등
02136	1970-01-01 00:00:00	0000	0000	avance (f)	앞섬, 선행
02137	1970-01-01 00:00:00	0000	0000	l'expérience (여성)	경험
02138	1970-01-01 00:00:00	0000	0000	la cote	배당률 (odds)
02139	1970-01-01 00:00:00	0000	0000	バレバレ	뻔하다, 들통나다
02140	1970-01-01 00:00:00	0000	0000	conduit de cheminée(m)	煙突 (entotsu)
02141	1970-01-01 00:00:00	0000	0000	目覚まし時計 (めざ どけい)	자명종 시계
02142	1970-01-01 00:00:00	0000	0000	びしょ濡れ(ぬ)	(흠뻑 젖다)
02143	1970-01-01 00:00:00	0000	0000	un plaisir coupable	죄책감 드는 즐거움 Guilty pleasure
02144	1970-01-01 00:00:00	0000	0000	zen	편안한, 선(禪)
02145	1970-01-01 00:00:00	0000	0000	結構 (けっこう)	꽤, 상당히
02146	1970-01-01 00:00:00	0000	0000	熱狂 (nekkyō)	열광
02147	1970-01-01 00:00:00	0000	0000	餌の時間 (esa no jikan)	feeding time
02148	1970-01-01 00:00:00	0000	0000	グッズ	굿즈, 상품
02149	1970-01-01 00:00:00	0000	0000	la boxe	복싱
02150	1970-01-01 00:00:00	0000	0000	ピクセル	픽셀 (화면의 화소)
02151	1970-01-01 00:00:00	0000	0000	un compte bancaire	은행 계좌
02152	1970-01-01 00:00:00	0000	0000	先延ばし (さきの)	미루기, 연기
02153	1970-01-01 00:00:00	0000	0000	温める (atata)	데우다, 따뜻하게 하다
02154	1970-01-01 00:00:00	0000	0000	j'en pouvais plus	더 이상 못 참겠다
02155	1970-01-01 00:00:00	0000	0000	一方通行 ippō tsūkō	일방통행
02156	1970-01-01 00:00:00	0000	0000	片付ける (かたづ)	정리하다
02157	1970-01-01 00:00:00	0000	0000	奥 (おく)	안쪽, 깊은 곳
02158	1970-01-01 00:00:00	0000	0000	避ける (사)	피하다
02159	1970-01-01 00:00:00	0000	0000	ジンクス	징크스
02160	1970-01-01 00:00:00	0000	0000	la corde à linge	빨랫줄
02161	1970-01-01 00:00:00	0000	0000	運（うん）	운
02162	1970-01-01 00:00:00	0000	0000	手ぶら (て)	빈손
02163	1970-01-01 00:00:00	0000	0000	オリる	폴드하다 (포커 은어)
02164	1970-01-01 00:00:00	0000	0000	たまには	가끔은
02165	1970-01-01 00:00:00	0000	0000	gamelle (f.)	餌入れ
02166	1970-01-01 00:00:00	0000	0000	repas copieux (m)	푸짐한 식사
02167	1970-01-01 00:00:00	0000	0000	味わっている (ajawatte iru)	味わう(맛보다/경험하다, 5단동사)의 te형 활용 시, 어미 う가 촉음(っ)으로 변하여 味わって가 되고 いる가 붙어 "맛보고 있다(겪고 있다)"가 됩니다.
02168	1970-01-01 00:00:00	0000	0000	包装 (hōsō)	포장
02169	1970-01-01 00:00:00	0000	0000	fumée (f)	煙 (kemuri)
02170	1970-01-01 00:00:00	0000	0000	à son actif	~의 업적으로
02171	1970-01-01 00:00:00	0000	0000	貸す [카]	빌려주다
02172	1970-01-01 00:00:00	0000	0000	un souvenir	추억, 기념품
02173	1970-01-01 00:00:00	0000	0000	bilan (m)	결산, 총평
02174	1970-01-01 00:00:00	0000	0000	咳をする [seki]	기침하다
02175	1970-01-01 00:00:00	0000	0000	cerveau (m)	뇌
02176	1970-01-01 00:00:00	0000	0000	payer rubis sur l'ongle	즉시현금지불하다
02177	1970-01-01 00:00:00	0000	0000	fichu	형편없는, 성가신, 빌어먹을
02178	1970-01-01 00:00:00	0000	0000	シリーズもの	series (show)
02179	1970-01-01 00:00:00	0000	0000	鳥肌が立つ (torihada)	닭살이 돋다
02180	1970-01-01 00:00:00	0000	0000	掃除 (そうじ)	청소
02181	1970-01-01 00:00:00	0000	0000	渋み (shibumi)	떫은맛 (타닌 성분의 맛)
02182	1970-01-01 00:00:00	0000	0000	額縁 (gakubuchi)	액자
02183	1970-01-01 00:00:00	0000	0000	le futur	미래
02184	1970-01-01 00:00:00	0000	0000	本物 (ほんもの)	진짜, 본물
02185	1970-01-01 00:00:00	0000	0000	なってない	되지 않았다
02186	1970-01-01 00:00:00	0000	0000	il commence à	~하기 시작하다
02187	1970-01-01 00:00:00	0000	0000	猫 (ねこ)	cat
02188	1970-01-01 00:00:00	0000	0000	座りっぱなし (suwa)	계속 앉아 있음
02189	1970-01-01 00:00:00	0000	0000	掃除機 (そうじき)	청소기
02190	1970-01-01 00:00:00	0000	0000	ひっくり返す (kae)	뒤집다, 뒤엎다
02191	1970-01-01 00:00:00	0000	0000	digestive	소화를 돕는
02192	1970-01-01 00:00:00	0000	0000	un entraînement	훈련, 트레이닝
02193	1970-01-01 00:00:00	0000	0000	majuscules (f)	대문자
02194	1970-01-01 00:00:00	0000	0000	sollicitation commerciale (f)	상업적 권유
02195	1970-01-01 00:00:00	0000	0000	ベジタリアン	채식주의자의, 채식의
02196	1970-01-01 00:00:00	0000	0000	嫌だ (iya)	싫다
02197	1970-01-01 00:00:00	0000	0000	déneiger	제설하다
02198	1970-01-01 00:00:00	0000	0000	mettre de côté	옆에 두다, 치워두다
02199	1970-01-01 00:00:00	0000	0000	une expérience virtuelle	가상 경험
02200	1970-01-01 00:00:00	0000	0000	l'été (m)	여름
02201	1970-01-01 00:00:00	0000	0000	胸焼け (muneya)	속쓰림
02202	1970-01-01 00:00:00	0000	0000	よく知らない	잘 모르다
02203	1970-01-01 00:00:00	0000	0000	finir à découvert	계좌 마이너스가 되다
02204	1970-01-01 00:00:00	0000	0000	ギャンブル狂 (kyō)	도박광
02205	1970-01-01 00:00:00	0000	0000	l'oie (f)	거위
02206	1970-01-01 00:00:00	0000	0000	試してみるべきだ (tame)	시도해봐야 한다
02207	1970-01-01 00:00:00	0000	0000	名作 (めいさく)	명작
02208	1970-01-01 00:00:00	0000	0000	un malentendu	오해
02209	1970-01-01 00:00:00	0000	0000	laisser tomber qn/qc	내버려 두다, 포기하다, 바람맞히다
02210	1970-01-01 00:00:00	0000	0000	ミュージカル映画	뮤지컬 영화
02211	1970-01-01 00:00:00	0000	0000	長い行列 (나가 교-레츠)	긴 줄
02212	1970-01-01 00:00:00	0000	0000	赤面 (せきめん)	얼굴을 붉힘
02213	1970-01-01 00:00:00	0000	0000	丸まる (まる)	구겨지다, 말리다
02214	1970-01-01 00:00:00	0000	0000	sérum (m)	세럼, 에센스
02215	1970-01-01 00:00:00	0000	0000	決意 (けつい)	결의
02216	1970-01-01 00:00:00	0000	0000	縁起が悪い	재수가 없다, 운나쁘다
02217	1970-01-01 00:00:00	0000	0000	渡して (wata)	건네주다, 전해주다
02218	1970-01-01 00:00:00	0000	0000	予感 (よかん)	예감
02219	1970-01-01 00:00:00	0000	0000	une liste de souhaits	위시리스트
02220	1970-01-01 00:00:00	0000	0000	le/la adversaire	상대, 적수
02221	1970-01-01 00:00:00	0000	0000	面白い [오모시로]	재미있는
02222	1970-01-01 00:00:00	0000	0000	évoluer	진화하다, 발전하다
02223	1970-01-01 00:00:00	0000	0000	してくれなくて	해주지 않아서
02224	1970-01-01 00:00:00	0000	0000	la projection	상영
02225	1970-01-01 00:00:00	0000	0000	la connaissance (여성)	지식, 아는 것
02226	1970-01-01 00:00:00	0000	0000	les impôts (m)	세금, 세무서
02227	1970-01-01 00:00:00	0000	0000	le pepperoni/le chorizo	페퍼로니 / 초리조
02228	1970-01-01 00:00:00	0000	0000	tout l’après-midi	오후 내내, 전 오후
02229	1970-01-01 00:00:00	0000	0000	全く (matta)	완전히
02230	1970-01-01 00:00:00	0000	0000	吸い込まれる (su ko)	빨려 들어가다
02231	1970-01-01 00:00:00	0000	0000	tu as du courage	너는 용기가 있다, 대단해
02232	1970-01-01 00:00:00	0000	0000	涼む (suzumu)	(시원한 곳에서) 바람을 쐬다, 더위를 식히다
02233	1970-01-01 00:00:00	0000	0000	l'Épiphanie	주현절
02234	1970-01-01 00:00:00	0000	0000	リラックス	휴식을 취하다, 편히 쉬다
02235	1970-01-01 00:00:00	0000	0000	la poussière	먼지
02236	1970-01-01 00:00:00	0000	0000	当番 (とうばん)	duty, turn
02237	1970-01-01 00:00:00	0000	0000	le chasse-neige	제설차
02238	1970-01-01 00:00:00	0000	0000	mettre en scène	연출하다, 무대에 올리다
02239	1970-01-01 00:00:00	0000	0000	室内（しつない）	실내
02240	1970-01-01 00:00:00	0000	0000	entrer dans les coulisses	무대 뒤로 들어가다
02241	1970-01-01 00:00:00	0000	0000	ハッキング	해킹
02242	1970-01-01 00:00:00	0000	0000	サクサク (sakusaku)	바삭바삭
02243	1970-01-01 00:00:00	0000	0000	la part (de pizza)	피자 조각
02244	1970-01-01 00:00:00	0000	0000	on bouge plus	우리 더이상 움직이지않는다
02245	1970-01-01 00:00:00	0000	0000	出る (で)	나가다, 나오다
02246	1970-01-01 00:00:00	0000	0000	rater	실패하다
02247	1970-01-01 00:00:00	0000	0000	頭を休ませる (あたま やす)	머리쉬게 하다
02248	1970-01-01 00:00:00	0000	0000	essayer de	~하려고 시도하다
02249	1970-01-01 00:00:00	0000	0000	気合を入れる (kiai i)	기합넣다, 마음다잡다
02250	1970-01-01 00:00:00	0000	0000	立ち往生する (た おうじょう)	꼼짝 못하다
02251	1970-01-01 00:00:00	0000	0000	増やす(fu)	늘리다
02252	1970-01-01 00:00:00	0000	0000	洗濯かご (sentaku)	빨래 바구니
02253	1970-01-01 00:00:00	0000	0000	冒険者 (ぼうけんしゃ)	모험가
02254	1970-01-01 00:00:00	0000	0000	今週 (konshū)	이번 주
02255	1970-01-01 00:00:00	0000	0000	fond de teint (m)	파운데이션
02256	1970-01-01 00:00:00	0000	0000	trinquer (동사)	건배하다
02257	1970-01-01 00:00:00	0000	0000	avoir peur de	~하는 것이 두렵다
02258	1970-01-01 00:00:00	0000	0000	Attendre l'heure de + inf	~할 시간을 기다리다.
02259	1970-01-01 00:00:00	0000	0000	les aurores	새벽
02260	1970-01-01 00:00:00	0000	0000	C'est dommage que	~인 것이 아쉽다
02261	1970-01-01 00:00:00	0000	0000	大負けする (ōma)	크게 지다
02262	1970-01-01 00:00:00	0000	0000	réagir	반응하다
02263	1970-01-01 00:00:00	0000	0000	遅刻 (ちこく)	지각
02264	1970-01-01 00:00:00	0000	0000	le trèfle à quatre feuilles	네잎클로버
02265	1970-01-01 00:00:00	0000	0000	縁起（えんぎ）	길흉의 징조
02266	1970-01-01 00:00:00	0000	0000	la presse à scandale	타블로이드 신문
02267	1970-01-01 00:00:00	0000	0000	人違い (ひとちが)	사람을 잘못 알아봄
02268	1970-01-01 00:00:00	0000	0000	靴下 (kutsushita)	양말
02269	1970-01-01 00:00:00	0000	0000	号泣する (gōkyū)	통곡하다,목놓아울다
02270	1970-01-01 00:00:00	0000	0000	当てる (a)	맞히다, 추측하다
02271	1970-01-01 00:00:00	0000	0000	repartir	다시 떠나다, 돌아가다
02272	1970-01-01 00:00:00	0000	0000	ジャンクフード	정크푸드
02273	1970-01-01 00:00:00	0000	0000	効いている (kiite iru)	5단 동사 効く(효과가 있다/에어컨이 잘 돌다)의 て형(음편 현상으로 'きいて')에 いる가 결합하여 '에어컨이 작동 중이다'를 뜻함.
02274	1970-01-01 00:00:00	0000	0000	思い出の品 (おも で しな)	추억의 물건
02275	1970-01-01 00:00:00	0000	0000	recaler qc	일정 다시 잡다, 연기하다
02276	1970-01-01 00:00:00	0000	0000	知らない (shiranai)	知る(알다, 5단동사)의 부정형. 어미 る가 아단(ら)으로 바뀌고 부정의 ない가 붙어 知らない (모른다)가 됩니다.
02277	1970-01-01 00:00:00	0000	0000	captivé(e)	사로잡힌, 매료된
02278	1970-01-01 00:00:00	0000	0000	やめた (yameta)	멈췄다 (과거형)
02279	1970-01-01 00:00:00	0000	0000	たった	겨우, 단지 (적은 수량 강조)
02280	1970-01-01 00:00:00	0000	0000	数日間 (すうじつかん)	several days
02281	1970-01-01 00:00:00	0000	0000	折ったら (o)	부러뜨리면
02282	1970-01-01 00:00:00	0000	0000	il date de 1998	그것은 1998년의 것이다
02283	1970-01-01 00:00:00	0000	0000	香り (かお)	향기
02284	1970-01-01 00:00:00	0000	0000	parfum (m)	향수
02285	1970-01-01 00:00:00	0000	0000	passer la soirée	저녁을 보내다
02286	1970-01-01 00:00:00	0000	0000	映画祭 (eigasai)	영화제
02287	1970-01-01 00:00:00	0000	0000	patinoire (f)	스케이트장
02288	1970-01-01 00:00:00	0000	0000	やめさせて	그만두게 하다
02289	1970-01-01 00:00:00	0000	0000	美味しい (oishii)	맛있는
02290	1970-01-01 00:00:00	0000	0000	le poulet	닭고기
02291	1970-01-01 00:00:00	0000	0000	本当に (hontō ni)	정말로
02292	1970-01-01 00:00:00	0000	0000	une toile	거미줄, 천
02293	1970-01-01 00:00:00	0000	0000	スキンケア	스킨케어
02294	1970-01-01 00:00:00	0000	0000	la critique	비평, 리뷰
02295	1970-01-01 00:00:00	0000	0000	se regarder	서로 쳐다보다
02296	1970-01-01 00:00:00	0000	0000	être optimiste	낙관적이다
02297	1970-01-01 00:00:00	0000	0000	avant même que	심지어 ~하기도 전에
02298	1970-01-01 00:00:00	0000	0000	とにかく	어쨌든, 아무튼
02299	1970-01-01 00:00:00	0000	0000	指 (yubi)	손가락
02300	1970-01-01 00:00:00	0000	0000	菜食主義者 (さいしょくしゅぎしゃ)	채식주의자
02301	1970-01-01 00:00:00	0000	0000	la frangipane	프랑지판 (아몬드 크림)
02302	1970-01-01 00:00:00	0000	0000	contredire	반박하다, 반론하다
02303	1970-01-01 00:00:00	0000	0000	確かに (たしかに)	certainly
02304	1970-01-01 00:00:00	0000	0000	la revente	재판매
02305	1970-01-01 00:00:00	0000	0000	風味 (ふうみ)	풍미
02306	1970-01-01 00:00:00	0000	0000	la cave à vin (여성)	와인 저장고, 와인 셀러
02307	1970-01-01 00:00:00	0000	0000	日焼け止め (ひや ど)	선크림
02308	1970-01-01 00:00:00	0000	0000	T'aurais dû	너는 ~했어야 했다 (조건과거)
02309	1970-01-01 00:00:00	0000	0000	むしろ	오히려, 차라리
02310	1970-01-01 00:00:00	0000	0000	la correspondance	환승
02311	1970-01-01 00:00:00	0000	0000	sapin de Noël (m)	크리스마스 트리
02312	1970-01-01 00:00:00	0000	0000	音 (おと)	소리
02313	1970-01-01 00:00:00	0000	0000	m'aurait pas arrangé	내게 도움 안 됐을 것
02314	1970-01-01 00:00:00	0000	0000	éternuer	재채기하다
02315	1970-01-01 00:00:00	0000	0000	grelotter (동사)	(추워서 혹은 에어컨이 너무 세서) 벌벌 떨다
02316	1970-01-01 00:00:00	0000	0000	公共交通機関 kōkyōkōtsūkikan	대중교통
02317	1970-01-01 00:00:00	0000	0000	ne plus savoir où se mettre	어디에 몸을 둬야 할지 모르다
02318	1970-01-01 00:00:00	0000	0000	ヒット	히트, 대성공
02319	1970-01-01 00:00:00	0000	0000	ゲーム障害 (しょうがい)	게임 장애
02320	1970-01-01 00:00:00	0000	0000	ホットドリンク	뜨거운 음료
02321	1970-01-01 00:00:00	0000	0000	ビズ	bise (프랑스어에서 온 말, 볼 인사 키스)
02322	1970-01-01 00:00:00	0000	0000	décider de	~하기로 결정하다
02323	1970-01-01 00:00:00	0000	0000	遅刻する (ちこく)	지각하다
02324	1970-01-01 00:00:00	0000	0000	物足りない (ものた)	부족하다, 아쉽다
02325	1970-01-01 00:00:00	0000	0000	en boule	구겨진 채로
02326	1970-01-01 00:00:00	0000	0000	気恥ずかしい (きは)	왠지 부끄러운
02327	1970-01-01 00:00:00	0000	0000	une vedette	스타, 유명 인사
02328	1970-01-01 00:00:00	0000	0000	住んでる (す)	살고 있다
02329	1970-01-01 00:00:00	0000	0000	古着屋 (ふるぎや)	빈티지 옷가게
02330	1970-01-01 00:00:00	0000	0000	掟 (おきて)	규칙, 법칙
02331	1970-01-01 00:00:00	0000	0000	c'est dommage	아쉽다
02332	1970-01-01 00:00:00	0000	0000	défendre son point de vue	자신의 관점을 옹호하다
02333	1970-01-01 00:00:00	0000	0000	震える (furu)	떨다
02334	1970-01-01 00:00:00	0000	0000	通りかかる(とお)	지나가다
02335	1970-01-01 00:00:00	0000	0000	renoncer à	~하는 것을 포기하다
02336	1970-01-01 00:00:00	0000	0000	普段(ふだん)	평소
02337	1970-01-01 00:00:00	0000	0000	ultra propre	완전히 깨끗한
02338	1970-01-01 00:00:00	0000	0000	夢中になる (むちゅう)	열중하다, 빠지다
02339	1970-01-01 00:00:00	0000	0000	逆に (gyaku)	오히려, 반대로
02340	1970-01-01 00:00:00	0000	0000	liste rouge (f)	수신거부 목록
02341	1970-01-01 00:00:00	0000	0000	暑がり (atsu)	더위를 많이 타는 사람
02342	1970-01-01 00:00:00	0000	0000	prendre froid	감기 걸리다
02343	1970-01-01 00:00:00	0000	0000	la distraction	산만함, 주의 산만
02344	1970-01-01 00:00:00	0000	0000	運賃 (unchin)	운임
02345	1970-01-01 00:00:00	0000	0000	味見 (ajimi)	맛보기, 시식
02346	1970-01-01 00:00:00	0000	0000	c'est quand même fou	정말 미친 일이야
02347	1970-01-01 00:00:00	0000	0000	ronronner	ゴロゴロ鳴く（猫が）
02348	1970-01-01 00:00:00	0000	0000	チケット	티켓
02349	1970-01-01 00:00:00	0000	0000	finir de	~하는 것을 끝내다
02350	1970-01-01 00:00:00	0000	0000	痩せる (や)	살이 빠지다
02351	1970-01-01 00:00:00	0000	0000	mettre de l'argent sur	~에 돈을 걸다
02352	1970-01-01 00:00:00	0000	0000	生み出してる (u da)	생산하고 있다
02353	1970-01-01 00:00:00	0000	0000	熱中症 (netchūshō)	열사병, 일사병
02354	1970-01-01 00:00:00	0000	0000	意見の相違 (iken sōi)	의견 차이
02355	1970-01-01 00:00:00	0000	0000	un ventilateur (남성명사)	선풍기
02356	1970-01-01 00:00:00	0000	0000	dingue	미친, 대단한 (구어체)
02357	1970-01-01 00:00:00	0000	0000	だったよ (datta yo)	~였어 (과거 + 강조)
02358	1970-01-01 00:00:00	0000	0000	cosmétiques (m/f pl)	화장품
02359	1970-01-01 00:00:00	0000	0000	le partage	나눔, 공유
02360	1970-01-01 00:00:00	0000	0000	節制(せっせい)する	절제하다
02361	1970-01-01 00:00:00	0000	0000	ブロックする	블록하다, 차단하다
02362	1970-01-01 00:00:00	0000	0000	pressentiment (m)	예감, 직감
02363	1970-01-01 00:00:00	0000	0000	すぐ近く (ちか)	바로 근처
02364	1970-01-01 00:00:00	0000	0000	naturel(le)	자연스러운
02365	1970-01-01 00:00:00	0000	0000	faire la queue	줄을 서다
02366	1970-01-01 00:00:00	0000	0000	ファンデーション	파운데이션
02367	1970-01-01 00:00:00	0000	0000	histoire de	~하기 위해서
02368	1970-01-01 00:00:00	0000	0000	薪ストーブ(まき)	薪を燃料とするスト-ブ
02369	1970-01-01 00:00:00	0000	0000	炭酸飲料 (たんさんいんりょう)	탄산음료
02370	1970-01-01 00:00:00	0000	0000	t'as l'air, tu as l'air	넌 ~처럼 보여
02371	1970-01-01 00:00:00	0000	0000	détermination (f)	결단력, 결의
02372	1970-01-01 00:00:00	0000	0000	les cadeaux (m)	선물들
02373	1970-01-01 00:00:00	0000	0000	ブラフ	블러프 (허세, 속임수)
02374	1970-01-01 00:00:00	0000	0000	達成する (たっせい)	달성하다
02375	1970-01-01 00:00:00	0000	0000	してあげる	해주다
02376	1970-01-01 00:00:00	0000	0000	lourdeur (f)	무거움, (배의) 더부룩함
02377	1970-01-01 00:00:00	0000	0000	autant … que …	~만큼 …도
02378	1970-01-01 00:00:00	0000	0000	ニャーニャー鳴く (nyā-nyā naku)	to meow
02379	1970-01-01 00:00:00	0000	0000	allumer le feu	火をつける
02380	1970-01-01 00:00:00	0000	0000	un désastre culinaire	요리 재앙
02381	1970-01-01 00:00:00	0000	0000	明日用に (ashita yō)	내일을 위해
02382	1970-01-01 00:00:00	0000	0000	餌 (esa)	먹이
02383	1970-01-01 00:00:00	0000	0000	nocturne	야간의
02384	1970-01-01 00:00:00	0000	0000	思い出させる (omo da)	떠올리게 하다, 상기시키다
02385	1970-01-01 00:00:00	0000	0000	d'ici le nouvel an	새해까지
02386	1970-01-01 00:00:00	0000	0000	リモコン	리모컨
02387	1970-01-01 00:00:00	0000	0000	circuler	이동하다, 순환하다
02388	1970-01-01 00:00:00	0000	0000	新年の抱負 (shinnen hōfu)	새해 결심
02389	1970-01-01 00:00:00	0000	0000	両親 (りょうしん)	parents
02390	1970-01-01 00:00:00	0000	0000	特価 (tokka)	특가
02391	1970-01-01 00:00:00	0000	0000	列に並ぶ (れつ なら)	줄을 서다
02392	1970-01-01 00:00:00	0000	0000	違うんだった	다르다는 것이었다
02393	1970-01-01 00:00:00	0000	0000	出始める (ではじ)	나오기 시작하다
02394	1970-01-01 00:00:00	0000	0000	ずっと	계속, 줄곧
02395	1970-01-01 00:00:00	0000	0000	croquettes (f. pl.)	ドライフード、餌
02396	1970-01-01 00:00:00	0000	0000	ブラックフライデー	블랙 프라이데이
02397	1970-01-01 00:00:00	0000	0000	déménager	引っ越す
02398	1970-01-01 00:00:00	0000	0000	屁理屈 (herikutsu)	억지 논리, 궤변
02399	1970-01-01 00:00:00	0000	0000	le sèche-linge	건조기
02400	1970-01-01 00:00:00	0000	0000	コントローラー	컨트롤러
02401	1970-01-01 00:00:00	0000	0000	ゲームプラットフォーム	게임 플랫폼
02402	1970-01-01 00:00:00	0000	0000	言い訳 (い わけ)	변명, 핑계
02403	1970-01-01 00:00:00	0000	0000	温室 (onshitsu)	온실
02404	1970-01-01 00:00:00	0000	0000	一気に (いっき)	단숨에, 한꺼번에
02405	1970-01-01 00:00:00	0000	0000	洗う (arau)	씻다
02406	1970-01-01 00:00:00	0000	0000	リセット	재설정
02407	1970-01-01 00:00:00	0000	0000	延ばせない (no)	미룰 수 없다
02408	1970-01-01 00:00:00	0000	0000	効果 (kōka)	효과
02409	1970-01-01 00:00:00	0000	0000	心配 (shinpai)	걱정
02410	1970-01-01 00:00:00	0000	0000	魔女 (majo)	마녀
02411	1970-01-01 00:00:00	0000	0000	ペットシッター (petto shittā)	pet sitter
02412	1970-01-01 00:00:00	0000	0000	デザート	디저트
02413	1970-01-01 00:00:00	0000	0000	アカウント復旧 (fukkyū)	계정 복구
02414	1970-01-01 00:00:00	0000	0000	les protéines végétales (f)	식물성 단백질
02415	1970-01-01 00:00:00	0000	0000	le feu de cheminée	벽난로 불
02416	1970-01-01 00:00:00	0000	0000	交通整理 (こうつうせいり)	교통 정리
02417	1970-01-01 00:00:00	0000	0000	気がする (ki ga suru)	~같다, ~느낌이다
02418	1970-01-01 00:00:00	0000	0000	une rétrospective	회고전
02419	1970-01-01 00:00:00	0000	0000	les transports	대중교통
02420	1970-01-01 00:00:00	0000	0000	coopératifs	協力的な
02421	1970-01-01 00:00:00	0000	0000	ゲットできた	얻었다, 구했다
02422	1970-01-01 00:00:00	0000	0000	非通知番号 (ひつうちばんごう)	번호 숨김
02423	1970-01-01 00:00:00	0000	0000	風邪を引く kaze hi	감기 걸리다
02424	1970-01-01 00:00:00	0000	0000	le calendrier de l’Avent	강림절 달력
02425	1970-01-01 00:00:00	0000	0000	鼻水が出る [hanamizu de]	콧물이 나다
02426	1970-01-01 00:00:00	0000	0000	ツイてなくて	운이 없어서
02427	1970-01-01 00:00:00	0000	0000	化粧水 (けしょうすい)	화장수, 토너
02428	1970-01-01 00:00:00	0000	0000	湧く (わ)	솟다, 생기다 (실감이湧く)
02429	1970-01-01 00:00:00	0000	0000	permettre de	~하도록 허락하다
02430	1970-01-01 00:00:00	0000	0000	opérateur téléphonique (m)	통신사
02431	1970-01-01 00:00:00	0000	0000	乗り遅れる (の おく)	탈 것을 놓치다
02432	1970-01-01 00:00:00	0000	0000	上映時間 (jōei jikan)	상영 시간
02433	1970-01-01 00:00:00	0000	0000	万歩計 (manpokei)	만보계
02434	1970-01-01 00:00:00	0000	0000	魅力的 (miryokuteki)	매력적
02435	1970-01-01 00:00:00	0000	0000	初売り (はつう)	새해 첫 세일
02436	1970-01-01 00:00:00	0000	0000	litière (f.)	猫砂
02437	1970-01-01 00:00:00	0000	0000	esprit de contradiction	반항심, 반박 정신
02438	1970-01-01 00:00:00	0000	0000	困る (こま)	곤란하다, 어려움을 겪다
02439	1970-01-01 00:00:00	0000	0000	le grésil	진눈깨비
02440	1970-01-01 00:00:00	0000	0000	会場 (kaijō)	공연장
02441	1970-01-01 00:00:00	0000	0000	réduire	줄이다, 감소시키다
02442	1970-01-01 00:00:00	0000	0000	des poêles (f)	프라이팬
02443	1970-01-01 00:00:00	0000	0000	そう思わない?	그렇게 생각하지 않아?
02444	1970-01-01 00:00:00	0000	0000	持っとく (も)	가져다 둬 (持っておく)
02445	1970-01-01 00:00:00	0000	0000	面倒くさい (めんどうくさい)	troublesome, bothersome
02446	1970-01-01 00:00:00	0000	0000	そういえば	그러고 보니, 그런데
02447	1970-01-01 00:00:00	0000	0000	だって	왜냐하면, 그렇지만
02448	1970-01-01 00:00:00	0000	0000	un rond-point	로터리, 원형 교차로
02449	1970-01-01 00:00:00	0000	0000	転売 (tenbai)	리셀, 암표
02450	1970-01-01 00:00:00	0000	0000	食べちゃう ~てしまう	먹어버리다
02451	1970-01-01 00:00:00	0000	0000	浮かぶ (う)	떠오르다
02452	1970-01-01 00:00:00	0000	0000	取りすぎる (と)	너무 많이 받다/가져가다
02453	1970-01-01 00:00:00	0000	0000	飼い主 (ka nushi)	주인, 사육자
02454	1970-01-01 00:00:00	0000	0000	t’as pas tort	네 말이 틀린 건 아니야
02455	1970-01-01 00:00:00	0000	0000	爪を立てる (tsume o tateru)	to scratch with claws
02456	1970-01-01 00:00:00	0000	0000	une armoire	옷장
02457	1970-01-01 00:00:00	0000	0000	s'arrêter de	~을 멈추다
02458	1970-01-01 00:00:00	0000	0000	décoré(e)	장식된
02459	1970-01-01 00:00:00	0000	0000	話題作 (wadai-saku)	화제작
02460	1970-01-01 00:00:00	0000	0000	Tomber en panne	고장 나다.
02461	1970-01-01 00:00:00	0000	0000	全く (mattaku, 부사)	'전혀', '완전히'라는 뜻으로, 뒤에 부정 표현(知らない)이 와서 "전혀 모른다"를 강조합니다.
02462	1970-01-01 00:00:00	0000	0000	挨拶 (あいさつ)	인사
02463	1970-01-01 00:00:00	0000	0000	prendre une amende	벌금을 받다
02464	1970-01-01 00:00:00	0000	0000	我慢できない (가만)	참을 수 없다
02465	1970-01-01 00:00:00	0000	0000	サプライズ	깜짝 선물, 서프라이즈
02466	1970-01-01 00:00:00	0000	0000	辛口 (karakuchi)	드라이한 맛 (단맛이 없는 술)
02467	1970-01-01 00:00:00	0000	0000	事実 (じじつ)	사실
02468	1970-01-01 00:00:00	0000	0000	済ませる (su)	끝내다, 때우다, 완료하다
02469	1970-01-01 00:00:00	0000	0000	移動 (idō)	이동
02470	1970-01-01 00:00:00	0000	0000	中毒 (chūdoku)	중독
02471	1970-01-01 00:00:00	0000	0000	la féerie	환상적인 광경, 마법 같은 분위기
02472	1970-01-01 00:00:00	0000	0000	運動不足 (undō busoku)	운동 부족
02473	1970-01-01 00:00:00	0000	0000	残高不足 (zandaka busoku)	잔액 부족
02474	1970-01-01 00:00:00	0000	0000	きっと	틀림없이, 분명히
02475	1970-01-01 00:00:00	0000	0000	会うことになっていた	만나기로 돼 있었다
02476	1970-01-01 00:00:00	0000	0000	迷う(まよ)	망설이다
02477	1970-01-01 00:00:00	0000	0000	体調 taichō	몸 상태, 컨디션
02478	1970-01-01 00:00:00	0000	0000	le verre à vin (남성)	와인 잔
02479	1970-01-01 00:00:00	0000	0000	ふう (fū)	휴 (안도의 한숨)
02480	1970-01-01 00:00:00	0000	0000	le foie gras (m)	푸아그라
02481	1970-01-01 00:00:00	0000	0000	よくある	자주 있는, 흔히 있는
02482	1970-01-01 00:00:00	0000	0000	有利 (ゆうり)	유리한
02483	1970-01-01 00:00:00	0000	0000	ultra croustillant	초(超) 흥미로운/자극적인 (ultra-juicy/crispy)
02484	1970-01-01 00:00:00	0000	0000	まさに	바로
02485	1970-01-01 00:00:00	0000	0000	幸運 (kōun)	행운
02486	1970-01-01 00:00:00	0000	0000	refuser de	~하는 것을 거절하다
02487	1970-01-01 00:00:00	0000	0000	下手 (へた)	서투른
02488	1970-01-01 00:00:00	0000	0000	起きるの	일어나니?
02489	1970-01-01 00:00:00	0000	0000	la canicule (여성명사)	폭염, 혹서
02490	1970-01-01 00:00:00	0000	0000	la table (여성)	식탁, 테이블
02491	1970-01-01 00:00:00	0000	0000	fixer	응시하다
02492	1970-01-01 00:00:00	0000	0000	これ (kore)	이것
02493	1970-01-01 00:00:00	0000	0000	divergence d'opinions	의견 차이
02494	1970-01-01 00:00:00	0000	0000	野性的 (やせいてき)	wild, savage
02495	1970-01-01 00:00:00	0000	0000	perdre toute notion	모든 감각을 잃다
02496	1970-01-01 00:00:00	0000	0000	commander une pizza	피자 주문하다
02497	1970-01-01 00:00:00	0000	0000	暑すぎる (atsu)	너무 덥다
02498	1970-01-01 00:00:00	0000	0000	穴があったら入りたい(ana hai)	쥐구멍이라도 들어가고 싶다
02499	1970-01-01 00:00:00	0000	0000	土 (tsuchi)	흙
02500	1970-01-01 00:00:00	0000	0000	劇場(げきじょう)	극장
02501	1970-01-01 00:00:00	0000	0000	doré(e)	황금색의, 노릇노릇한
02502	1970-01-01 00:00:00	0000	0000	嘘をつく (うそ)	거짓말을 하다
02503	1970-01-01 00:00:00	0000	0000	à moitié prix	반값으로
02504	1970-01-01 00:00:00	0000	0000	メートル (mētoru)	미터
02505	1970-01-01 00:00:00	0000	0000	まさか	설마
02506	1970-01-01 00:00:00	0000	0000	le passe-temps	취미, 소일거리
02507	1970-01-01 00:00:00	0000	0000	sec / sèche (형용사)	드라이한 (달지 않은 와인을 표현할 때)
02508	1970-01-01 00:00:00	0000	0000	piste (f)	링크, 트랙
02509	1970-01-01 00:00:00	0000	0000	motivant	동기부여가 되는
02510	1970-01-01 00:00:00	0000	0000	faire du ski	스키를 타다
02511	1970-01-01 00:00:00	0000	0000	結構(けっこう)	꽤, 상당히
02512	1970-01-01 00:00:00	0000	0000	夏バテ (natsubate)	더위 먹음, 여름철 타는 더위
02513	1970-01-01 00:00:00	0000	0000	シーズン初 (しょ)	시즌 첫
02514	1970-01-01 00:00:00	0000	0000	je me suis réveillée	나는 깨어났다
02515	1970-01-01 00:00:00	0000	0000	マダム	madame (부인, 여사 존칭)
02516	1970-01-01 00:00:00	0000	0000	ワクワクする	두근두근하다, 설레다
02517	1970-01-01 00:00:00	0000	0000	un vêtement	의류
02518	1970-01-01 00:00:00	0000	0000	par précaution	念のため (만약을 위해) dans le doute
02519	1970-01-01 00:00:00	0000	0000	단어/표현	설명
02520	1970-01-01 00:00:00	0000	0000	猛暑 (もうしょ)	폭염, 심한 더위
02521	1970-01-01 00:00:00	0000	0000	〜のせいで	~ 때문에 (부정적인 원인을 나타낼 때 사용)
02522	1970-01-01 00:00:00	0000	0000	花火 (はなび)	불꽃놀이
02523	1970-01-01 00:00:00	0000	0000	中止 (ちゅうし)	중지, 취소
02524	1970-01-01 00:00:00	0000	0000	変わる (かわる)	변하다, 바뀌다
02525	1970-01-01 00:00:00	0000	0000	幸い (さいわい)	다행히, 다행스럽게도
02526	1970-01-01 00:00:00	0000	0000	置き換える (おきかえる)	대체하다, 바꾸어 놓다
02527	1970-01-01 00:00:00	0000	0000	ドローンショー	드론 쇼
02528	1970-01-01 00:00:00	0000	0000	最高 (さいこう)	최고, 최고임
02529	1970-01-01 00:00:00	0000	0000	モダン	모던함, 현대적임
02530	1970-01-01 00:00:00	0000	0000	友達 (ともだち)	친구
02531	1970-01-01 00:00:00	0000	0000	鑑賞 (かんしょう)	감상 (예술이나 아름다운 경치를 보고 즐김)
02532	1970-01-01 00:00:00	0000	0000	場所 (ばしょ)	장소, 곳
02533	1970-01-01 00:00:00	0000	0000	見つける (みつける)	찾다, 발견하다
02534	1970-01-01 00:00:00	0000	0000	熱中症 (ねっちゅうしょう)	열사병, 일사병 (폭염 관련 필수 단어)
02535	1970-01-01 00:00:00	0000	0000	打ち上げ花火 (うちあげはなび)	쏘아 올리는 불꽃놀이
02536	1970-01-01 00:00:00	0000	0000	屋台 (やたい)	축제 노점, 포장마차 (축제 분위기에 빠질 수 없는 요소)
02537	1970-01-01 00:00:00	0000	0000	混雑 (こんざつ)	혼잡, 북새통 (불꽃놀이 장소의 인파를 묘사할 때)
02538	1970-01-01 00:00:00	0000	0000	猛暑日 (もうしょび)	최고 기온이 35℃ 이상인 폭염일
02539	1970-01-01 00:00:00	0000	0000	環境に優しい (かんきょうにやさしい)	친환경적인 (드론 쇼의 장점)
02540	1970-01-01 00:00:00	0000	0000	中止を余儀なくされる (ちゅうしをよぎなくされる)	어쩔 수 없이 취소하게 되다
02541	1970-01-01 00:00:00	0000	0000	穴場スポット (あなばスポット)	숨겨진 명소, 나만 아는 좋은 장소 (spot)
02542	1970-01-01 00:00:00	0000	0000	涼む (すずむ)	바람을 쐬다, 더위를 식히다
02543	1970-01-01 00:00:00	0000	0000	夏の風物詩 (なつのふうぶつし)	여름을 상징하는 것 (불꽃놀이를 지칭할 때 자주 쓰는 표현)
02544	1970-01-01 00:00:00	0000	0000	la canicule [여성]	폭염, 혹서 (매우 더운 여름 날씨)
02545	1970-01-01 00:00:00	0000	0000	le feu d’artifice [남성]	불꽃놀이
02546	1970-01-01 00:00:00	0000	0000	le drone [남성]	드론, 무인기
02547	1970-01-01 00:00:00	0000	0000	le spectacle [남성]	구경거리, 쇼, 공연
02548	1970-01-01 00:00:00	0000	0000	le bruit [남성]	소리, 소음
02549	1970-01-01 00:00:00	0000	0000	l'oreille [여성]	귀
02550	1970-01-01 00:00:00	0000	0000	le spot [남성]	(특정) 장소, 지점 (구어체로 좋은 장소를 뜻함)
02551	1970-01-01 00:00:00	0000	0000	l'ami [남성] / l'amie [여성]	친구
02552	1970-01-01 00:00:00	0000	0000	Le 14 Juillet	7월 14일 (프랑스 혁명기념일)
02553	1970-01-01 00:00:00	0000	0000	du coup	(구어체) 그래서, 그러니까, 그 결과로
02554	1970-01-01 00:00:00	0000	0000	voir passer quelque chose	어떤 소식이나 정보가 흘러가는 것을 보다 (SNS 등에서 접하다)
02555	1970-01-01 00:00:00	0000	0000	Heureusement	다행히도, 다행스럽게도
02556	1970-01-01 00:00:00	0000	0000	T’en penses quoi ?	(구어체) 넌 그거에 대해 어떻게 생각해?
02557	1970-01-01 00:00:00	0000	0000	vachement	(구어체 부사) 대단히, 엄청, 매우 (very)
02558	1970-01-01 00:00:00	0000	0000	Il ne reste plus qu’à + 동사원형	이제 ~하는 일만 남았다
02559	1970-01-01 00:00:00	0000	0000	comme il se doit	마땅히 그래야 하듯이, 제대로, 격식에 맞게
02560	1970-01-01 00:00:00	0000	0000	la sécheresse [여성]	가뭄 (폭염과 세트로 자주 언급되는 기후 현상)
02561	1970-01-01 00:00:00	0000	0000	le réchauffement climatique [남성]	지구 온난화
02562	1970-01-01 00:00:00	0000	0000	la dérogation [여성]	예외적 허용, 규정 완화 (불꽃놀이 금지령 중 예외 허용을 말할 때 사용)
02563	1970-01-01 00:00:00	0000	0000	l'arrêté préfectoral [남성]	도지사령, 행정 명령 (불꽃놀이 금지령 등을 내리는 명령)
02564	1970-01-01 00:00:00	0000	0000	le risque d'incendie [남성]	화재 위험 (불꽃놀이 취소의 주된 원인)
02565	1970-01-01 00:00:00	0000	0000	la technologie propre [여성]	친환경 기술 (드론 쇼를 묘사할 때 자주 쓰임)
02566	1970-01-01 00:00:00	0000	0000	la pollution sonore [여성]	소음 공해
02567	1970-01-01 00:00:00	0000	0000	le gouvernement [남성]	정부
02568	1970-01-01 00:00:00	0000	0000	annuler à la dernière minute	마지막 순간에 취소하다 (기상 악화 등으로 긴급 취소할 때)
02569	1970-01-01 00:00:00	0000	0000	se rassembler	(행사 등을 위해) 모이다, 집합하다
02570	1970-01-01 00:00:00	0000	0000	ちょっと	adv.\tchotto\t조금, 약간
02571	1970-01-01 00:00:00	0000	0000	危うく	adv.\tayauku\t하마터면, 겨우, 아슬아슬하게
02572	1970-01-01 00:00:00	0000	0000	シンプルに	adv.\tshinpuru ni\t심플하게, 단순하게, 그냥
02573	1970-01-01 00:00:00	0000	0000	冷たい	adj.\ttsumetai\t차가운, 쌀쌀맞은 (기본형)
02574	1970-01-01 00:00:00	0000	0000	丁寧すぎ	adj.\tteinei-sugi\t너무 정중함 (형용동사 teinei의 어간 + 접미사 sugi)
02575	1970-01-01 00:00:00	0000	0000	大げさだ	adj.\tōgesada\t대풍스럽다, 과장되다 (형용동사 기본형)
02576	1970-01-01 00:00:00	0000	0000	足りない	adj.\ttarinai\t부족하다 (동사 tariru의 부정형이자 형용사적 활용)
02577	1970-01-01 00:00:00	0000	0000	滑稽だ	adj.\tkokkeida\t滑稽 익살스럽다, 우스꽝스럽다 (형용동사 기본형)
02578	1970-01-01 00:00:00	0000	0000	珍しい	adj.\tmezurashii\t드물다, 희귀하다 (기본형)
02579	1970-01-01 00:00:00	0000	0000	礼儀正しい	adj.\treigi-tadashii\t예의 바르다 (기본형)
02580	1970-01-01 00:00:00	0000	0000	使っちゃった	v.inf.\ttsukachatta\t동사 tsukau(쓰다)의 완료·아쉬움 활용 (tsukatte shimatta의 구어체 축약형)
02581	1970-01-01 00:00:00	0000	0000	するよね	v.inf.\tsuru yo ne\t동사 suru(하다) + 종조사 yo, ne (하잖아, 그렇지?)
02582	1970-01-01 00:00:00	0000	0000	なるし	v.inf.\tnaru shi\t동사 naru(되다) + 연결어미 shi (~하고, ~하기도 하고)
02583	1970-01-01 00:00:00	0000	0000	書きそうになった	v.inf.\tkaki sō ni natta\t동사 kaku(쓰다)의 연용형 kaki + 양태 sō(~할 뻔함) + natta(되었다)
02584	1970-01-01 00:00:00	0000	0000	しておきなよ	v.inf.\tshite okina yo\t동사 suru의 연결형 shite + oku(두다)의 명령형 okina + 종조사 yo (~해 두렴)
02585	1970-01-01 00:00:00	0000	0000	損ねる	v.inf.\tsokoneru\t상하게 하다, 손상시키다 (동사 기본형)
02586	1970-01-01 00:00:00	0000	0000	してくれるはずだ	v.inf.\tshite kureru hazu da\t해 줄 것이다 (연결형 shite + kureru(해주다) + 추측 hazu da)
02587	1970-01-01 00:00:00	0000	0000	proprio	n.m.\tproprio\t집주인 (propriétaire의 구어체 약칭)
02588	1970-01-01 00:00:00	0000	0000	casse-tête	n.m.\tcasse-tête\t골칫거리, 수수께끼
02589	1970-01-01 00:00:00	0000	0000	fuite d'eau	n.f.\tfuite d'eau\t누수, 물이 셈
02590	1970-01-01 00:00:00	0000	0000	politesse	n.f.\tpolitesse\t공손함, 예의
02591	1970-01-01 00:00:00	0000	0000	formule de politesse	n.f.\tformule de politesse\t편지 끝인사, 의례적인 인사말
02592	1970-01-01 00:00:00	0000	0000	sec	adj.\tsec\t(여성형 sèche) 건조한, 딱딱한, 무뚝뚝한
02593	1970-01-01 00:00:00	0000	0000	distingué	adj.\tdistingué\t(여성형 distinguée) 뛰어난, 품위 있는
02594	1970-01-01 00:00:00	0000	0000	passe-partout	adj.\tpasse-partout\t(불변) 어디에나 무난한, 다용도의
02595	1970-01-01 00:00:00	0000	0000	venir de + inf.	phrase\tvenir de + inf.\t방금 막 ~했다
02596	1970-01-01 00:00:00	0000	0000	en faire trop	phrase\ten faire trop\t과하게 행동하다, 오버하다
02597	1970-01-01 00:00:00	0000	0000	Bien à vous	phrase\tBien à vous\t(메일 끝인사) 당신의 행운을 빌며, 이만 줄입니다
02598	1970-01-01 00:00:00	0000	0000	お世話になっております	phrase\tosewa ni natte orimasu\t신세 지고 있습니다 (비즈니스 이메일 표준 첫인사)
02599	1970-01-01 00:00:00	0000	0000	よろしくお願いいたします	phrase\tyoroshiku onegai itashimasu\t잘 부탁드립니다 (표준 끝인사)
02600	1970-01-01 00:00:00	0000	0000	取り急ぎ御礼まで	phrase\ttoriisogi onrei made\t우선 급히 감사 말씀 올립니다 (간단한 감사 메일 끝인사)
02601	1970-01-01 00:00:00	0000	0000	敬具	n.\tkeigu\t경구 (편지 끝에 쓰는 '올림')
02602	1970-01-01 00:00:00	0000	0000	拝啓	n.\thaikei\t배계 (편지 첫머리에 쓰는 '삼가 아룁니다')
02603	1970-01-01 00:00:00	0000	0000	様	n.suff.\tsama\t~님 (가장 범용적인 수신자 호칭)
02604	1970-01-01 00:00:00	0000	0000	御中	n.suff.\tonchū\t귀중 (기업, 단체 수신 시 호칭)
02605	1970-01-01 00:00:00	0000	0000	ご査収ください	phrase\tgo-sashū kudasai\t확인해 주시기 바랍니다 (첨부파일 전달 시)
02606	1970-01-01 00:00:00	0000	0000	返信	n.v.\thenshin\t답장, 회신
02607	1970-01-01 00:00:00	0000	0000	転送	n.v.\ttensō\t전송, 포워딩
02608	1970-01-01 00:00:00	0000	0000	bail	n.m.\tbail\t임대차 계약서
02609	1970-01-01 00:00:00	0000	0000	locataire	n.m.f.\tlocataire\t세입자, 임차인
02610	1970-01-01 00:00:00	0000	0000	loyer	n.m.\tloyer\t월세, 임대료
02611	1970-01-01 00:00:00	0000	0000	expéditeur	n.m.\texpéditeur\t(여성형 expéditrice) 발신인
02612	1970-01-01 00:00:00	0000	0000	destinataire	n.m.f.\tdestinataire\t수신인
02613	1970-01-01 00:00:00	0000	0000	pièce jointe	n.f.\tpièce jointe\t첨부 파일
02614	1970-01-01 00:00:00	0000	0000	Cordialement	adv.\tCordialement\t(이메일 끝인사) 경의를 표하며 (가장 일반적인 표현)
02615	1970-01-01 00:00:00	0000	0000	Sincères salutations	phrase\tSincères salutations\t(격식 끝인사) 진심 어린 인사를 전하며
02616	1970-01-01 00:00:00	0000	0000	Dans l'attente de votre réponse	phrase\tDans l'attente de votre réponse\t답장을 기다리며
02617	1970-01-01 00:00:00	0000	0000	Je vous prie d'agréer...	phrase\tJe vous prie d'agréer...\t(매우 정중한 끝인사) 수락해 주시기를 부탁드립니다
02618	1970-01-01 00:00:00	0000	0000	買った	v.\tkatta\t사다(kau)의 과거형(타형)
02619	1970-01-01 00:00:00	0000	0000	見てよ	v.\tmite yo\t보다(miru)의 테형(mite)+조사(yo), 봐봐
02620	1970-01-01 00:00:00	0000	0000	一般常識	n.\tippan jōshiki\t일반 상식
02621	1970-01-01 00:00:00	0000	0000	謎解き	n.\tnazotoki\t수수께끼 풀이
02622	1970-01-01 00:00:00	0000	0000	大人向け	n.\totona muke\t어른용, 성인 대상
02623	1970-01-01 00:00:00	0000	0000	あるの?	v.\taru no\t있다(aru)+의문/강조 조사(no), 있는 거야?
02624	1970-01-01 00:00:00	0000	0000	思い出せない	v.\tomoidasenai\t떠올리다(omoidasu)의 가능부정형(omoidaseru->omoidasenai), 떠올릴 수 없다.
02625	1970-01-01 00:00:00	0000	0000	面白かった	adj.\tomoshirokatta\t재밌었다 (이형용사의 과거형: 어미 i가 katta로 변형)
02626	1970-01-01 00:00:00	0000	0000	面白くない	adj.\tomoshirokunai\t재밌지 않다 (이형용사의 부정형: 어미 i가 kunai로 변형)
02627	1970-01-01 00:00:00	0000	0000	面白ければ	adj.\tomoshirokereba\t재밌다면 (이형용사의 가정형: 어미 i가 kereba로 변형)
02628	1970-01-01 00:00:00	0000	0000	泳ぐ	v.\toyogu\t수영하다 (5단동사 기본형)
02629	1970-01-01 00:00:00	0000	0000	泳ぎます	v.\toyogimasu\t수영합니다 (5단동사의 마스형: 어미 gu가 gi+masu로 변형)
02630	1970-01-01 00:00:00	0000	0000	泳いだ	v.\toyoida\t수영했다 (5단동사의 과거형: 어미 gu가 ida로 변형)
02631	1970-01-01 00:00:00	0000	0000	泳げば	v.\toyogeba\t수영하면 (5단동사의 가정형: 어미 gu가 geba로 변형)
02632	1970-01-01 00:00:00	0000	0000	手伝ってあげる	v.\ttetsudatte ageru\t도와 주다 (tetsudau의 테형+ageru)
02633	1970-01-01 00:00:00	0000	0000	何とかして	v.\tnantoka shite\t어떻게든 해 (suru의 테형)
02634	1970-01-01 00:00:00	0000	0000	ce que	pron.\t\t~하는 것
02635	1970-01-01 00:00:00	0000	0000	été	n.m.\t\t여름
02636	1970-01-01 00:00:00	0000	0000	plage	n.f.\t\t해변
02637	1970-01-01 00:00:00	0000	0000	cahier de vacances	n.m.\t\t방학 학습지, 바캉스 문제집
02638	1970-01-01 00:00:00	0000	0000	adulte	n.m./f.\t\t어른, 성인
02639	1970-01-01 00:00:00	0000	0000	culture G	n.f.\t\t일반 상식 (culture générale의 구어체)
02640	1970-01-01 00:00:00	0000	0000	énigme	n.f.\t\t수수께끼, 수수께끼 같은 일
02641	1970-01-01 00:00:00	0000	0000	rappeler	v.\t\t다시 부르다, 상기시키다, 생각나게 하다
02642	1970-01-01 00:00:00	0000	0000	calvaire	n.m.\t\t고난, 가시밭길, 고통스러운 시련
02643	1970-01-01 00:00:00	0000	0000	maths	n.f.pl.\t\t수학 (mathématiques의 약어)
02644	1970-01-01 00:00:00	0000	0000	août	n.m.\t\t8월
02645	1970-01-01 00:00:00	0000	0000	ludique	adj.\t\t놀이의, 재미있는
02646	1970-01-01 00:00:00	0000	0000	occuper l'esprit	phrase.\t\t머리/정신을 차지하다, 심심풀이가 되다
02647	1970-01-01 00:00:00	0000	0000	baignade	n.f.\t\t수영, 목욕
02648	1970-01-01 00:00:00	0000	0000	trajet	n.m.\t\t여정, 가는 길, 이동 거리
02649	1970-01-01 00:00:00	0000	0000	série télé	n.f.\t\t텔레비전 드라마 시리즈
02650	1970-01-01 00:00:00	0000	0000	calcul	n.m.\t\t계산, 셈
02651	1970-01-01 00:00:00	0000	0000	se débrouiller	v.\t\t스스로 해결하다, 헤쳐나가다
02652	1970-01-01 00:00:00	0000	0000	tout seul	adj./adv.\t\t혼자서, 단독으로
02653	1970-01-01 00:00:00	0000	0000	砂浜	n.\tsunahama\t모래사장
02654	1970-01-01 00:00:00	0000	0000	日焼け止め	n.\thiyakedome\t선크림, 자외선 차단제
02655	1970-01-01 00:00:00	0000	0000	浮き輪	n.\tukiwa\t튜브
02656	1970-01-01 00:00:00	0000	0000	宿題	n.\tshukudai\t숙제
02657	1970-01-01 00:00:00	0000	0000	自由研究	n.\tjiyū kenkyū\t자유 연구 (일본 방학 과제)
02658	1970-01-01 00:00:00	0000	0000	炭酸飲料	n.\ttansan inryō\t탄산음료
02659	1970-01-01 00:00:00	0000	0000	熱中症	n.\tnetchūshō\t열사병, 일사병
02660	1970-01-01 00:00:00	0000	0000	避暑地	n.\thishochi\t피서지
02661	1970-01-01 00:00:00	0000	0000	花火大会	n.\thanabi taikai\t불꽃축제
02662	1970-01-01 00:00:00	0000	0000	夏バテ	n.\tnatsubate\t여름 타기, 더위 먹음
02663	1970-01-01 00:00:00	0000	0000	crème solaire	n.f.\t\t선크림
02664	1970-01-01 00:00:00	0000	0000	coup de soleil	n.m.\t\t햇볕에 탄 상처, 일광 화상
02665	1970-01-01 00:00:00	0000	0000	parasol	n.m.\t\t파라솔
02666	1970-01-01 00:00:00	0000	0000	maillot de bain	n.m.\t\t수영복
02667	1970-01-01 00:00:00	0000	0000	lunettes de soleil	n.f.pl.\t\t선글라스
02668	1970-01-01 00:00:00	0000	0000	vague	n.f.\t\t파도
02669	1970-01-01 00:00:00	0000	0000	coquillage	n.m.\t\t조개껍데기
02670	1970-01-01 00:00:00	0000	0000	château de sable	n.m.\t\t모래성
02671	1970-01-01 00:00:00	0000	0000	glace	n.f.\t\t아이스크림
02672	1970-01-01 00:00:00	0000	0000	canicule	n.f.\t\t폭염, 혹서
02673	1970-01-01 00:00:00	0000	0000	今夜	n.\tkonya\ttonight\t오늘 밤\tce soir\tĉi-vespere
02674	1970-01-01 00:00:00	0000	0000	決勝	n.\tkesshoo\tfinal\t결승\tfinale\tfinalo
02675	1970-01-01 00:00:00	0000	0000	全然	adv.\tzenzen\tnot at all\t전혀\tpas du tout\ttute ne
02676	1970-01-01 00:00:00	0000	0000	盛り上がる	v.\tmoriagaru\tto get excited\t들뜨다, 활기가 띠다\ts'emballer\tekscitiĝi
02677	1970-01-01 00:00:00	0000	0000	変えちゃう	v.\tkaechau\tto end up changing (変える+ちゃう, 완결/유감)\t바꿔버리다\tzapper\tŝanĝi (finfine)
02678	1970-01-01 00:00:00	0000	0000	思う	v.\tomou\tto think (우동사, 기본형)\t생각하다\tpenser\tpensi
02679	1970-01-01 00:00:00	0000	0000	確かに	adv.\ttashikani\tcertainly\t확실히\tc'est sûr que\testas certe ke
02680	1970-01-01 00:00:00	0000	0000	自分	n.\tjibun\toneself\t자신\tsoi-même\tsi mem
02681	1970-01-01 00:00:00	0000	0000	試合	n.\tshiai\tmatch, game\t경기\tmatch\tmatĉo
02682	1970-01-01 00:00:00	0000	0000	していない	v.\tshiteinai\tnot doing (する+ている+ない, 부정을 나타내는 활용)\t하고 있지 않다\tne joue pas\tne ludas
02683	1970-01-01 00:00:00	0000	0000	雰囲気	n.\tfun'iki\tatmosphere\t분위기\tambiance\tetoso
02684	1970-01-01 00:00:00	0000	0000	違う	v.\tchigau\tto be different (우동사, 기본형)\t다르다\tn'a rien à voir\testi malsama
02685	1970-01-01 00:00:00	0000	0000	選手	n.\tsenshu\tplayer\t선수\tjoueur\tludanto
02686	1970-01-01 00:00:00	0000	0000	触れた	v.\tfureta\ttouched (触れる+た, 과거형 활용)\t닿았다\ttouchent\ttuŝis
02687	1970-01-01 00:00:00	0000	0000	瞬間	n.\tshunkan\tmoment\t순간\tdès que\tmomento
02688	1970-01-01 00:00:00	0000	0000	小さな	adj.\tchiisana\tsmall (연체사, 명사 수식)\t작은\tpetit\teta
02689	1970-01-01 00:00:00	0000	0000	緊張感	n.\tkinchookan\ttension\t긴장감\tfrisson de stress\tstreseco
02690	1970-01-01 00:00:00	0000	0000	他	n.\thoka\tother\t다른 것, 타방\tautre\talia
02691	1970-01-01 00:00:00	0000	0000	国	n.\tkuni\tcountry\t나라\tpays\tlando
02692	1970-01-01 00:00:00	0000	0000	持ち上げる	v.\tmochiageru\tto lift up\t들어 올리다\tsoulever\tlevi
02693	1970-01-01 00:00:00	0000	0000	見たら	v.\tmitara\tif one sees (見る+たら, 가정형 활용)\t본다면\tvoir\tse vidas
02694	1970-01-01 00:00:00	0000	0000	心	n.\tkokoro\theart\t마음, 심장\tcœur\tkoro
02695	1970-01-01 00:00:00	0000	0000	痛みすぎちゃう	v.\titamisugichau\tto end up hurting too much (痛む+すぎる+ちゃう, 과도/완결)\t너무 아파버리다\tfera trop mal\ttro dolorigi
02696	1970-01-01 00:00:00	0000	0000	敗退	n.\thaitai\telimination, defeat\t패배, 탈락\télimination\telimino
02697	1970-01-01 00:00:00	0000	0000	立ち直れていない	v.\ttachinaoreteinai\thas not recovered (立ち直る+れる+ている+ない, 가능/상태/부정)\t회복하지 못했다\tne me suis pas remis\tne resaniĝis
02698	1970-01-01 00:00:00	0000	0000	泣かないで	v.\tnakanaide\tdon't cry (泣く+ないで, 금지/부탁 활용)\t울지 마\tpleure pas\tne ploru
02699	1970-01-01 00:00:00	0000	0000	美味しい	adj.\toishii\tdelicious (이형용사, 기본형)\t맛있는\tbonnes\tbona
02700	1970-01-01 00:00:00	0000	0000	注文しよう	v.\tchuumonshiyoo\tlet's order (する->しよう, 의지/권유형 활용)\t주문하자\tcommander\tni mendu
02701	1970-01-01 00:00:00	0000	0000	最悪	adv.\tsaiaku\tat worst\t최악의 경우\tau pire\ten la plej malbona kazo
02702	1970-01-01 00:00:00	0000	0000	初めて	adv.\thajimete\tfor the first time\t처음으로\tla première fois\tunuan fojon
02703	1970-01-01 00:00:00	0000	0000	世界	n.\tsekai\tworld\t세계\tmonde\tmondo
02704	1970-01-01 00:00:00	0000	0000	時	n.\ttoki\ttime\t때\tmoment, fois\ttempo, fojo
02705	1970-01-01 00:00:00	0000	0000	finale	n.f.\t-\tfinal\t결승\t決勝\tfinalo
02706	1970-01-01 00:00:00	0000	0000	coupe	n.f.\t-\tcup\t컵, 트ро피\tトロフィー, カップ\tpokalo
02707	1970-01-01 00:00:00	0000	0000	monde	n.m.\t-\tworld\t세계\t世界\tmondo
02708	1970-01-01 00:00:00	0000	0000	soir	n.m.\t-\tevening\t저녁, 밤\t今夜\tvespero
02709	1970-01-01 00:00:00	0000	0000	m'emballe	v.\t-\texcite me (s'emballer, 1인칭 단수)\t나를 열광시키다\t盛り上がる\teksciti min
02710	1970-01-01 00:00:00	0000	0000	zapper	v.\t-\tto zap, change channels\t채널을 바꾸다\tチャンネルを変える\tŝanĝi kanalon
02711	1970-01-01 00:00:00	0000	0000	ambiance	n.f.\t-\tatmosphere\t분위기\t雰囲気\tetoso
02712	1970-01-01 00:00:00	0000	0000	équipe	n.f.\t-\tteam\t팀\tチーム\tteamo
02713	1970-01-01 00:00:00	0000	0000	joue	v.\t-\tplay (jouer, 3인칭 단수)\t경기를 하다\t試合をする\tludi
02714	1970-01-01 00:00:00	0000	0000	frisson	n.m.\t-\tthrill, shiver\t전율, 떨림\t緊張感, 震え\ttremo
02715	1970-01-01 00:00:00	0000	0000	stress	n.m.\t-\tstress\t스트레스, 긴장\tストレス\tstreso
02716	1970-01-01 00:00:00	0000	0000	ballon	n.m.\t-\tball\t공\tボール\tpilko
02717	1970-01-01 00:00:00	0000	0000	pays	n.m.\t-\tcountry\t나라\t国\tlando
02718	1970-01-01 00:00:00	0000	0000	soulever	v.\t-\tto lift\t들어 올리다\t持ち上げる\tlevi
02719	1970-01-01 00:00:00	0000	0000	cœur	n.m.\t-\theart\t마음, 심장\t心\tkoro
02720	1970-01-01 00:00:00	0000	0000	élimination	n.f.\t-\telimination\t탈락\t敗退\telimino
02721	1970-01-01 00:00:00	0000	0000	pleure	v.\t-\tcry (pleurer, 명령형 부정)\t울다\t泣く\tplori
02722	1970-01-01 00:00:00	0000	0000	commander	v.\t-\tto order\t주문하다\t注文する\tmendi
02723	1970-01-01 00:00:00	0000	0000	pizza	n.f.\t-\tpizza\t피자\tピザ\tpico
02724	1970-01-01 00:00:00	0000	0000	champions	n.m.pl.\t-\tchampions\t챔피언들\tチャンピオン\tĉampionoj
02725	1970-01-01 00:00:00	0000	0000	応援	n.\tooen\tcheering\t응원\tsupport\tencouragement
02726	1970-01-01 00:00:00	0000	0000	得点	n.\ttokuten\tscore\t득점\tscore\tgolo
02727	1970-01-01 00:00:00	0000	0000	逆転	n.\tgyakuten\tcomeback victory\t역전\tcomeback\trenversa venko
02728	1970-01-01 00:00:00	0000	0000	審判	n.\tshinpan\treferee\t심판\treferee\tarbitracianto
02729	1970-01-01 00:00:00	0000	0000	延長戦	n.\tenchoosen\textra time\t연장전\textra time\tkromtempo
02730	1970-01-01 00:00:00	0000	0000	反則	n.\thansoku\tfoul\t반칙\tfoul\tfaŭlo
02731	1970-01-01 00:00:00	0000	0000	引き分け	n.\thikiwake\tdraw, tie\t무승부\tdraw\tremiso
02732	1970-01-01 00:00:00	0000	0000	サポーター	n.\tsapootaa\tsupporter\t서포터, 팬\tsupporter\tsubtenanto
02733	1970-01-01 00:00:00	0000	0000	ユニフォーム	n.\tyunifoomu\tuniform\t유니폼\tkit, uniform\tuniformo
02734	1970-01-01 00:00:00	0000	0000	PK戦	n.\tpiikeisen\tpenalty shootout\t승부차기\tpenalty shootout\tpennal-konkurso
02735	1970-01-01 00:00:00	0000	0000	stade	n.m.\t-\tstadium\t경기장\tスタジアム\tstadiono
02736	1970-01-01 00:00:00	0000	0000	arbitre	n.m.\t-\treferee\t심판\t審判\tarbitracianto
02737	1970-01-01 00:00:00	0000	0000	prolongation	n.f.\t-\textra time\t연장전\t延長戦\tkromtempo
02738	1970-01-01 00:00:00	0000	0000	tir au but	n.m.\t-\tpenalty shootout\t승부차기\tPK戦\tpennal-konkurso
02739	1970-01-01 00:00:00	0000	0000	supporter	n.m.f.\t-\tfan, supporter\t팬, 서포터\tサポーター\tsubtenanto
02740	1970-01-01 00:00:00	0000	0000	maillot	n.m.\t-\tjersey, uniform\t유니폼\tユニフォーム\tsportĉemizo
02741	1970-01-01 00:00:00	0000	0000	faute	n.f.\t-\tfoul, mistake\t반칙, 실수\t反則\tfaŭlo
02742	1970-01-01 00:00:00	0000	0000	but	n.m.\t-\tgoal\t골\tゴール\tgolo
02743	1970-01-01 00:00:00	0000	0000	victoire	n.f.\t-\tvictory\t승리\t勝利\tvenko
02744	1970-01-01 00:00:00	0000	0000	défaite	n.f.\t-\tdefeat\t패배\t敗北\tmalvenko
02745	1970-01-01 00:00:00	0000	0000	本当に	hontou ni\treally\t정말/진짜로\tvraiment\tvere\t사실을 강조함
02746	1970-01-01 00:00:00	0000	0000	いい	ii\tgood\t좋은\tbon\tbona\t상태나 성질이 훌륭함
02747	1970-01-01 00:00:00	0000	0000	大事だ	daiji da\timportant\t중요한\timportant\tgrava\t가치나 비중이 큼
02748	1970-01-01 00:00:00	0000	0000	すごく	sugoku\tvery/so\t무척/매우\ttrès\ttiom/tre\t정도가 심함을 나타냄
02749	1970-01-01 00:00:00	0000	0000	凄い	sugoi\tamazing/great\t대단한/멋진\tgénial/super\tbonega\t능력이나 상태가 뛰어남
02750	1970-01-01 00:00:00	0000	0000	少し	sukoshi\ta little\t조금/잠시\tun peu\tiomete\t양이나 정도가 적음
02751	1970-01-01 00:00:00	0000	0000	かなり	kanari\tfairly/quite\t꽤/제법\tassez/bien\tsufiĉe\t생각보다 정도가 높음
02752	1970-01-01 00:00:00	0000	0000	可哀想に	kawaisou ni\tpoor thing\t안쓰럽게도\tma pauvre\tmalriĉulo\t동정이나 연민을 나타냄
02753	1970-01-01 00:00:00	0000	0000	～終わった	~owatta\tfinished doing\t~하길 끝냈다\tavoir fini de\tfinis ..-i\t동사 연용형 뒤에 붙어 완료를 나타냄
02754	1970-01-01 00:00:00	0000	0000	～てきた	~te kita\tstarted to/became\t~해지다/~해왔다\tcommencer à\tcomencis ..-i\t상태의 변화나 진행이 지속됨
02755	1970-01-01 00:00:00	0000	0000	～らしい	~rashii\tlike/~ly\t~답다\tressembler à\tsimila al\t성질이나 자격을 충분히 가짐
02756	1970-01-01 00:00:00	0000	0000	～たはずだ	~ta hazu da\tmust have been\t~했을 것이다\tavoir dû\tcerte ..is\t과거 사실에 대한 강한 추측
02757	1970-01-01 00:00:00	0000	0000	Ça y est	-\tI did it/It's done\t됐다/해냈다\tÇa y est\tJen ĝi/Farita\t일이 완료되었을 때 외치는 표현
02758	1970-01-01 00:00:00	0000	0000	enfin	-\tfinally\t드디어/마침내\tenfin\tfine\t기대하던 일이 드디어 이루어짐
02759	1970-01-01 00:00:00	0000	0000	installer	-\tto install\t설치하다\tinstaller\tinstali\t장비나 장식을 제자리에 놓다
02760	1970-01-01 00:00:00	0000	0000	déco (décoration)	-\tdecoration\t장식\tdécoration\tdekoracio\t실내를 꾸미는 물건
02761	1970-01-01 00:00:00	0000	0000	rideau	-\tcurtain\t커튼\trideau\tkurteno\t창문에 치는 가림막
02762	1970-01-01 00:00:00	0000	0000	van	-\tvan\t밴/승합차\tvan\tkamioneto\t상자 모양의 자동차
02763	1970-01-01 00:00:00	0000	0000	prendre forme	-\tto take shape\t모양을 갖추다\tprendre forme\tpreni formon\t구체적인 성과나 형태가 나타나다
02764	1970-01-01 00:00:00	0000	0000	nouvelle	-\tnews\t소식\tnouvelle\tnovaĵo\t새로운 사건이나 정보
02765	1970-01-01 00:00:00	0000	0000	important	-\timportant\t중요한\timportant\tgrava\t가치가 크고 소홀히 할 수 없음
02766	1970-01-01 00:00:00	0000	0000	temps	-\ttime\t시간\ttemps\ttempo\t시간의 흐름이나 기간
02767	1970-01-01 00:00:00	0000	0000	fier / fière	f.\tproud\t자랑스러운\tfière\tfiera\t자신의 일에 만족하고 뿌듯해함
02768	1970-01-01 00:00:00	0000	0000	week-end	-\tweekend\t주말\tweek-end\tsemajnfino\t토요일과 일요일
02769	1970-01-01 00:00:00	0000	0000	valoir le coup	-\tto be worth it\t가치가 있다\tvaloir le coup\tvalori la penon\t수고할 만한 가치가 충분함
02770	1970-01-01 00:00:00	0000	0000	rapidement	-\tquickly\t빨리/신속하게\trapidement\trapide\t행동이나 전개가 지체 없음
02771	1970-01-01 00:00:00	0000	0000	se reposer	-\tto rest\t쉬다\tse reposer\tripozi\t피로를 풀기 위해 몸을 쉬게 함
02772	1970-01-01 00:00:00	0000	0000	chaleur	-\theat\t더위/열기\tchaleur\tvarmo\t높은 기온이나 뜨거운 기운
02773	1970-01-01 00:00:00	0000	0000	épuiser	-\tto exhaust\t지치게 하다\tépuiser\tlacigi\t체력이나 기운을 완전히 소진시킴
02774	1970-01-01 00:00:00	0000	0000	車中泊	shachuu haku\tcar camping\t차박\tcamping-car\taŭto-loĝado\t차 안에서 잠을 자고 머무름
02775	1970-01-01 00:00:00	0000	0000	改造	kaizou\tmodification\t개조\tmodification\tmodifo/rekonstruo\t형태나 구조를 바꾸어 고침
02776	1970-01-01 00:00:00	0000	0000	飾る	kazaru\tto decorate\t꾸미다/장식하다\tdécorer\tdekoraci/ornami\t보기 좋게 외관을 가꾸다
02777	1970-01-01 00:00:00	0000	0000	目隠し	mekakushi\tblindfold/screen\t가림막\trideau/occultant\tblindaĵo\t시선을 차단하기 위해 가림
02778	1970-01-01 00:00:00	0000	0000	片付ける	katazukeru\tto tidy up\t정리하다\tranger\tordigi\t물건을 알맞은 곳에 치우다
02779	1970-01-01 00:00:00	0000	0000	達成感	tassei kan\tsense of achievement\t성취감\tsentiment d'accomplissement\tatatingosento\t목적을 이룬 뒤의 뿌듯한 느낌
02780	1970-01-01 00:00:00	0000	0000	居心地が良い	igochi ga ii\tcozy/comfortable\t아늑하다/편하다\tdouillet/confortable\tkomforta\t그 자리에 있는 느낌이 편안함
02781	1970-01-01 00:00:00	0000	0000	凝る	koru\tto be particular about\t공을 들이다\tfignoler/être passionné\tfajni/dediĉi\t열중하여 정성을 다하다
02782	1970-01-01 00:00:00	0000	0000	大工仕事	daiku shigoto\tcarpentry/DIY\t목공 작업\tbricolage/menuiserie\tĉarpentado\t나무 등을 다루어 물건을 만드는 일
02783	1970-01-01 00:00:00	0000	0000	一息つく	hitoiki tsuku\tto take a breath\t한숨 돌리다\tfaire une pause\tspiri modere\t숨을 돌리며 잠깐 쉬다
02784	1970-01-01 00:00:00	0000	0000	bricolage	-\tDIY/handiwork\tDIY/집안 보수\tbricolage\tbricolado\t스스로 물건을 만들거나 고치는 일
02785	1970-01-01 00:00:00	0000	0000	aménager	-\tto convert/arrange\t개조하다/배치하다\taménager\taranĝi/mebli\t공간을 목적에 맞게 꾸미다
02786	1970-01-01 00:00:00	0000	0000	matelas	-\tmattress\t매트리스\tmatelas\tmatraco\t침대나 바닥에 깔는 폭신한 패드
02787	1970-01-01 00:00:00	0000	0000	guirlande	-\tgarland/fairy lights\t알전구/가랜드\tguirlande\tmural-kanto/girlando\t장식용 줄이나 조명
02788	1970-01-01 00:00:00	0000	0000	coudre	-\tto sew\t바느질하다\tcoudre\tkudri\t바늘과 실로 천을 꿰매다
02789	1970-01-01 00:00:00	0000	0000	espace	-\tspace\t공간\tespace\tspaco\t비어 있는 곳이나 활동 영역
02790	1970-01-01 00:00:00	0000	0000	douillet / douillette	f.\tcozy\t아늑한\tdouillet\tmola/komforta\t따뜻하고 편안한 느낌을 주는
02791	1970-01-01 00:00:00	0000	0000	faire une pause	-\tto take a break\t휴식을 취하다\tfaire une pause\tfari paŭzon\t하던 일을 멈추고 잠시 쉬다
02792	1970-01-01 00:00:00	0000	0000	voyage	-\ttrip/travel\t여행\tvoyage\tvojaĝo\t다른 고장이나 나라로 가는 일
02793	1970-01-01 00:00:00	0000	0000	personnaliser	-\tto personalize\t개인 맞춤화하다\t개성화하다\tpersonnaliser\tpersonigi\t자신의 취향에 맞게 바꾸다
02794	1970-01-01 00:00:00	0000	0000	節約	n.\tSetsuyaku\tfrugality, saving\t절약\t節約\tŝparo
02795	1970-01-01 00:00:00	0000	0000	ジャム	n.\tJamu\tjam\t잼\tジャム\tkonfituro
02796	1970-01-01 00:00:00	0000	0000	おばあちゃん	n.\tObāchan\tgrandmother\t할머니\tお祖母さん\tavino
02797	1970-01-01 00:00:00	0000	0000	味	n.\tAji\tflavor, taste\t맛\t味\tgusto
02798	1970-01-01 00:00:00	0000	0000	いちご	n.\tIchigo\tstrawberry\t딸기\t苺\tfrago
02799	1970-01-01 00:00:00	0000	0000	結果	n.\tKekka\tresult\t결과\t結果\trezulto
02800	1970-01-01 00:00:00	0000	0000	満足感	n.\tManjokukan\tsatisfaction\t만족감\t満足感\tkontentigo
02801	1970-01-01 00:00:00	0000	0000	家	n.\tIe\thome, house\t집\t家\thejmo
02802	1970-01-01 00:00:00	0000	0000	素晴らしい	adj.\tSubarashii\twonderful\t훌륭하다\t素晴らしい\tmirinda
02803	1970-01-01 00:00:00	0000	0000	効果的	adj.\tKōkateki\teffective\t효과적\t効果的\tefika
02804	1970-01-01 00:00:00	0000	0000	最終的	adj.\tSaishūteki\tfinal\t최종적\t最終的\tfina
02805	1970-01-01 00:00:00	0000	0000	より良く	adv.\tYori yoku\tbetter\t더 잘\tより良く\tpli bone
02806	1970-01-01 00:00:00	0000	0000	ところで	conj.\tTokorode\tby the way\t그나저나\tところで\tcetere
02807	1970-01-01 00:00:00	0000	0000	作る	v.\tTsukuru\tmake\t만들다\t作る\tfari
02808	1970-01-01 00:00:00	0000	0000	始める	v.\tHajimeru\tstart\t시작하다\t始める\tkomenci
02809	1970-01-01 00:00:00	0000	0000	見る	v.\tMiru\tsee\t보다\t見る\tvidi
02810	1970-01-01 00:00:00	0000	0000	勝る	v.\tMasaru\texceed, beat\t승하다, 낫다\t勝る\t勝る\tsuperi
02811	1970-01-01 00:00:00	0000	0000	残す	v.\tNokosu\tleave behind\t남기다\t残す\tlasi
02812	1970-01-01 00:00:00	0000	0000	économie	f.n.\tekonomi\tsaving\t절약\t節約\tŝparo
02813	1970-01-01 00:00:00	0000	0000	confiture	f.n.\tko~fityr\tjam\t잼\tジャム\tkonfituro
02814	1970-01-01 00:00:00	0000	0000	grand-mère	f.n.\tg~a~mɛ~r\tgrandmother\t할머니\tお祖母さん\tavino
02815	1970-01-01 00:00:00	0000	0000	parfum	m.n.\tpa~fœ~\tflavor, scent\t맛, 향\t風味、香り\tgusto, parfumo
02816	1970-01-01 00:00:00	0000	0000	fraise	f.n.\tf~ɛz\tstrawberry\t딸기\t苺\tfrago
02817	1970-01-01 00:00:00	0000	0000	résultat	m.n.\trezylta\tresult\t결과\t結果\trezulto
02818	1970-01-01 00:00:00	0000	0000	goût	m.n.\tgu\ttaste\t맛\t味\tgusto
02819	1970-01-01 00:00:00	0000	0000	délicieux	adj.\tdelisjø\tdelicious\t맛있는\t美味しい\tbongusta
02820	1970-01-01 00:00:00	0000	0000	satisfaisant	adj.\tsatisfɛza~\tsatisfying\t만족스러운\t満足感のある\tkontentiga
02821	1970-01-01 00:00:00	0000	0000	maison	adj.\tmɛzœ~\thomemade\t집에서 만든\t自家製の\thejmfarita
02822	1970-01-01 00:00:00	0000	0000	rien ne vaut	v.exp.\trjɛ~ nə vo\tnothing beats\t~만한 게 없다\t〜に勝るものはない\tnenio egalas
02823	1970-01-01 00:00:00	0000	0000	砂糖	n.\tSatō\tsugar\t설탕\t砂糖\tsukero
02824	1970-01-01 00:00:00	0000	0000	果実	n.\tKajitsu\tfruit\t과일, 과실\t果実\tfrukto
02825	1970-01-01 00:00:00	0000	0000	鍋	n.\tNabe\tpot\t냄비\t鍋\tpoto
02826	1970-01-01 00:00:00	0000	0000	煮詰める	v.\tNitsumeru\tboil down\t조리다\t煮詰める\tbuiro
02827	1970-01-01 00:00:00	0000	0000	瓶	n.\tBin\tbottle, jar\t병\t瓶\tbotelo, bokaleto
02828	1970-01-01 00:00:00	0000	0000	保存食	n.\tHozonshoku\tpreserved food\t보존식품\t保存食\tkonservaĵo
02829	1970-01-01 00:00:00	0000	0000	甘い	adj.\tAmai\tsweet\t달다\t甘い\tdolĉa
02830	1970-01-01 00:00:00	0000	0000	手作り	n.\tTedukuri\thandmade\t수제\t手作り\tmanfarita
02831	1970-01-01 00:00:00	0000	0000	おすそ分け	n.\tOsusowake\tsharing food\t나눔\tおすそ分け\tkundivido
02832	1970-01-01 00:00:00	0000	0000	sucre	m.n.\tsyk~r\tsugar\t설탕\t砂糖\tsukero
02833	1970-01-01 00:00:00	0000	0000	fruit	m.n.\tf~ɥi\tfruit\t과일\t果実\tfrukto
02834	1970-01-01 00:00:00	0000	0000	marmite	f.n.\tma~mit\tpot\t냄비\t鍋\tpoto
02835	1970-01-01 00:00:00	0000	0000	bocal	m.n.\tbokal\tjar\t유리병\t瓶\tbokaleto
02836	1970-01-01 00:00:00	0000	0000	recette	f.n.\trəsɛt\trecipe\t레시피\tレシピ\trecepto
02837	1970-01-01 00:00:00	0000	0000	cuire	v.\tkɥi~r\tcook\t끓이다, 익히다\t煮る、調理する\tkuiri
02838	1970-01-01 00:00:00	0000	0000	préparer	v.\tp~repa~re\tprepare\t준비하다\t準備する\tprepari
02839	1970-01-01 00:00:00	0000	0000	gourmand	adj.\tgu~m~a~\tgluttonous, tasty\t식탐 많은, 맛있는\t食いしん坊の\tfrandema
02840	1970-01-01 00:00:00	0000	0000	partager	v.\tpa~taʒe\tshare\t나누다\t共有する、分ける\tkundividi
02841	1970-01-01 00:00:00	0000	0000	大きな	adj.\tōkina\t[EN] big, large / [KO] 큰 / [FR] grand / [EO] granda\t체록(명사)을 직접 수식하는 연체사형 형용사
02842	1970-01-01 00:00:00	0000	0000	出会っちゃった	v.\tdeatchatta\t[EN] ended up encountering / [KO] 우연히 만나버렸다 / [FR] être tombé sur / [EO] ĵus trafis\t出会う(동사) + てしまう(완료/아쉬움) -> てしまった의 회화체 'っちゃった'
02843	1970-01-01 00:00:00	0000	0000	売ってるんだ	v.\tutteru nda\t[EN] selling / [KO] 팔고 있는 것이다 / [FR] vendent / [EO] vendas\t売る(동사) -> 売っている(진행) -> 연관 설명 어미 'んだ'
02844	1970-01-01 00:00:00	0000	0000	狂ってるよ	v.\tkurutteru yo\t[EN] is crazy / [KO] 미쳐있다 / [FR] être fou / [EO] estas freneza\t狂う(동사) + ている(상태) -> 狂っている의 회화체
02845	1970-01-01 00:00:00	0000	0000	場所を取る	exp.\tbasho o toru\t[EN] to take up space / [KO] 자리를 차지하다 / [FR] être encombrant / [EO] spaci\t場所(명사) + を(조사) + 取る(동사)
02846	1970-01-01 00:00:00	0000	0000	使うつもり	v.\ttsukau tsumori\t[EN] intend to use / [KO] 사용할 작정이다 / [FR] compter dépenser / [EO] intencas elspezi\t使う(동사 원형) + つもり(의도/작정 명사)
02847	1970-01-01 00:00:00	0000	0000	カッコいい	adj.\tkakkoii\t[EN] cool, stylish / [KO] 멋지다 / [FR] stylé, cool / [EO] stila\t'格好が良い'에서 유래한 형용사
02848	1970-01-01 00:00:00	0000	0000	言ってる	v.\titteru\t[EN] saying / [KO] 말하고 있다 / [FR] disant / [EO] diranta\t言う(동사) + ている(상태/진행) -> 'い' 생략형
02849	1970-01-01 00:00:00	0000	0000	驚かせる	v.\todorokaseru\t[EN] to surprise / [KO] 놀라게 하다 / [FR] surprendre / [EO] surprizi\t驚く(동사)의 사역형 (놀라게 만들다)
02850	1970-01-01 00:00:00	0000	0000	持っていない	v.\tmotte inai\t[EN] do not have / [KO] 가지고 있지 않다 / [FR] ne pas avoir / [EO] ne havi\t持つ(동사) + ている(소유) + ない(부정 어미)
02851	1970-01-01 00:00:00	0000	0000	tomber sur	v.\ttomber sur\t[EN] to stumble upon / [KO] ~와 우연히 마주치다 / [JP] gūzen deau / [EO] trafante\t숙어 표현
02852	1970-01-01 00:00:00	0000	0000	une vente aux enchères	n.f.\tune vente aux enchères\t[EN] auction / [KO] 경매 / [JP] ōkushon / [EO] aŭkcio\t여성 명사구
02853	1970-01-01 00:00:00	0000	0000	un parc à thème	n.m.\tun parc à thème\t[EN] theme park / [KO] 테마파크 / [JP] tēmapāku / [EO] amuzparko\t남성 명사구
02854	1970-01-01 00:00:00	0000	0000	une attraction	n.f.\tune attraction\t[EN] attraction, ride / [KO] 어트랙션, 놀이기구 / [JP] atorakushon / [EO] altiro\t여성 명사
02855	1970-01-01 00:00:00	0000	0000	encombrant	adj.\tencombrant\t[EN] bulky / [KO] 부피를 차지하는 / [JP] basho o toru / [EO] spaco-rabanta\t남성 형용사
02856	1970-01-01 00:00:00	0000	0000	stylé	adj.\tstylé\t[EN] stylish / [KO] 멋진 / [JP] kakkoii / [EO] stila\t구어체 형용사
02857	1970-01-01 00:00:00	0000	0000	une pièce de collection	n.f.\tune pièce de collection\t[EN] collector's item / [KO] 수집품 / [JP] korekushon / [EO] kolektaĵo\t여성 명사구
02858	1970-01-01 00:00:00	0000	0000	se plaindre	v.\tse plaindre\t[EN] to complain / [KO] 불평하다 / [JP] monku o iu / [EO] plendi\t대명동사
02859	1970-01-01 00:00:00	0000	0000	atypique	adj.\tatypique\t[EN] atypical / [KO] 특이한, 파격적인 / [JP] mezurashii / [EO] nekutima\t성별 양성 동일 형용사
02860	1970-01-01 00:00:00	0000	0000	出品する	v.\tshuppin suru\t[EN] to put up for auction / [KO] 출품하다 / [JP] shuppin suru / [EO] aŭkcii\t경매 관련 동사
02861	1970-01-01 00:00:00	0000	0000	落札する	v.\trakusatsu suru\t[EN] to win an auction / [KO] 낙찰받다 / [JP] rakusatsu suru / [EO] gajni aŭkcion\t경매 성공 관련 동사
02862	1970-01-01 00:00:00	0000	0000	無駄遣い	n.\tmudatsukai\t[EN] waste of money / [KO] 낭비 / [JP] mudatsukai / [EO] senretora elspezo\t돈 쓰임새 관련 명사
02863	1970-01-01 00:00:00	0000	0000	衝動買い	n.\tshōdōgai\t[EN] impulse buy / [KO] 충동구매 / [JP] shōdōgai / [EO] impulsa aĉeto\t쇼핑 관련 명사
02864	1970-01-01 00:00:00	0000	0000	掘り出し物	n.\thoridashimono\t[EN] a bargain, find / [KO] 뜻밖의 수확(건진 물건) / [JP] horidashimono / [EO] malkovraĵo\t특이물건 관련 명사
02865	1970-01-01 00:00:00	0000	0000	入札する	v.\tnyūtsatsu suru\t[EN] to bid / [KO] 입찰하다 / [JP] nyūtsatsu suru / [EO] beri\t경매 관련 동사
02866	1970-01-01 00:00:00	0000	0000	コレクション癖	n.\tkorekushon heki\t[EN] collecting habit / [KO] 수집癖(수집하는 습관) / [JP] korekushon heki / [EO] kolektemo\t취미 관련 명사
02867	1970-01-01 00:00:00	0000	0000	置物	n.\tokimono\t[EN] ornament, decoration / [KO] 장식품 / [JP] okimono / [EO] ornamaĵo\t인테리어 관련 명사
02868	1970-01-01 00:00:00	0000	0000	限定品	n.\tgenteihin\t[EN] limited edition / [KO] 한정판 / [JP] genteihin / [EO] limigita eldono\t쇼핑 관련 명사
02869	1970-01-01 00:00:00	0000	0000	金欠	n.\tkinketsu\t[EN] short of money / [KO] 돈이 부족함 / [JP] kinketsu / [EO] senmoneco\t돈 관련 회화 표현
02870	1970-01-01 00:00:00	0000	0000	un enchérisseur	n.m.\tun enchérisseur\t[EN] bidder / [KO] 입찰자 / [JP] nyūtsatsusha / [EO] aŭkcianto\t남성 명사
02871	1970-01-01 00:00:00	0000	0000	une mise à prix	n.f.\tune mise à prix\t[EN] starting price / [KO] 시작가 / [JP] sh start kaku / [EO] komenca prezo\t여성 명사구
02872	1970-01-01 00:00:00	0000	0000	un coup de tête	n.m.\tun coup de tête\t[EN] impulse / [KO] 홧김/충동적인 행동 / [JP] shōdō / [EO] impulsa ago\t남성 관용구
02873	1970-01-01 00:00:00	0000	0000	un objet de collection	n.m.\tun objet de collection\t[EN] collectible item / [KO] 수집 대상품 / [JP] shūshūhin / [EO] kolektindaĵo\t남성 명사구
02874	1970-01-01 00:00:00	0000	0000	une dépense	n.f.\tune dépense\t[EN] expenditure, expense / [KO] 지출 / [JP] shisshutsu / [EO] elspezo\t여성 명사
02875	1970-01-01 00:00:00	0000	0000	hors de prix	adj.\thors de prix\t[EN] ridiculously expensive / [KO] 터무니없이 비싼 / [JP] terubeku takai / [EO] ege kara\t형용사구
02876	1970-01-01 00:00:00	0000	0000	flamber	v.\tflamber\t[EN] to squander money / [KO] 돈을 퍼붓다, 탕진하다 / [JP] okane o tsukaimakuru / [EO] elspezegi\t구어체 동사
02877	1970-01-01 00:00:00	0000	0000	un sous	n.m.\tun sous\t[EN] penny, money / [KO] 동전, 돈 / [JP] okane / [EO] monero\t구어체 남성 명사
02878	1970-01-01 00:00:00	0000	0000	l'insolite	n.m.\tl'insolite\t[EN] the unusual / [KO] 독특함, 색다름 / [JP] biryō / [EO] la nekutima\t남성 명사/개념
02879	1970-01-01 00:00:00	0000	0000	イマイチ	adj.\timaichi\tnot quite good enough\t아쉬운, 별로인\tpas terrible\tne tre bona
02880	1970-01-01 00:00:00	0000	0000	本当	adv.\thontō\treally, truly\t정말, 진짜\tvraiment\tvere, verege
02881	1970-01-01 00:00:00	0000	0000	素敵	adj.\tsuteki\tlovely, wonderful\t멋진, 근사한\tsuperbe, merveilleux\tbelega, mirinda
02882	1970-01-01 00:00:00	0000	0000	勿体ない	adj.\tmottainai\twasteful, regrettable\t아까운\tgaspillé, dommage\tmalŝpara, domaĝa
02883	1970-01-01 00:00:00	0000	0000	簡単	adj.\tkantan\tsimple, easy\t간단한\tsimple, facile\tsimpla, facila
02884	1970-01-01 00:00:00	0000	0000	直ぐに	adv.\tsugu ni\timmediately, soon\t금방, 즉시\ttout de suite\testontece, tre baldaŭ
02885	1970-01-01 00:00:00	0000	0000	撮る	v.\ttoru\tto take (a photo)\t(사진을) 찍다\tprendre (une photo)\tfari (foton)
02886	1970-01-01 00:00:00	0000	0000	触る	v.\tsawaru\tto touch, handle\t손대다, 만지다\ttoucher, manipuler\ttuŝi, prilabori
02887	1970-01-01 00:00:00	0000	0000	直る	v.\tnaoru\tto be fixed, repaired\t고쳐지다, 낫다\têtre réparé, être corrigé\tiĝi korektita
02888	1970-01-01 00:00:00	0000	0000	分かる	v.\twakaru\tto understand, know\t알다, 이해하다\tcomprendre, savoir\tkompreni, scii
02889	1970-01-01 00:00:00	0000	0000	共有する	v.\tkyōyū suru\tto share\t공유하다\tpartager\tdividi, kunuzi
02890	1970-01-01 00:00:00	0000	0000	心配する	v.\tshinpai suru\tto worry\t걱정하다\ts'inquiéter\tzorgi
02891	1970-01-01 00:00:00	0000	0000	覚える	v.\toboeru\tto memorize, learn\t익히다, 외우다\tapprendre, mémoriser\tlerni, memori
02892	1970-01-01 00:00:00	0000	0000	出来る	v.\tdekiru\tto be completed, can do\t되다, 완성되다\têtre fait, pouvoir\tfariĝi, ebli
02893	1970-01-01 00:00:00	0000	0000	rando	n.f.\trando\thiking\t등산, 트레킹\trandonnée\tmigrado
02894	1970-01-01 00:00:00	0000	0000	rendu	n.m.\trandy\trendering, outcome\t(색감 등의) 표현, 결과물\trendu, rendu visuel\tbildigo
02895	1970-01-01 00:00:00	0000	0000	hésiter	v.\tezite\tto hesitate\t망설이다\thésiter\theziti
02896	1970-01-01 00:00:00	0000	0000	logiciel	n.m.\tlozisjel\tsoftware\t소프트웨어, 프로그램\tlogiciel\tprogramaro
02897	1970-01-01 00:00:00	0000	0000	retouche	n.f.\trətus\ttouch-up, editing\t보정, 수정\tretouche\tretuŝo
02898	1970-01-01 00:00:00	0000	0000	en vrai	expr.\tɑ̃ vʁɛ\tactually, in reality\t진짜로, 실제로\ten réalité, en vrai\tfakte, en la realo
02899	1970-01-01 00:00:00	0000	0000	clic	n.m.\tklik\tclick\t클릭\tclic\talklako
02900	1970-01-01 00:00:00	0000	0000	souvenir	n.m.\tsuvnir\tmemory, souvenir\t추억, 기억\tsouvenir\tmemoro
02901	1970-01-01 00:00:00	0000	0000	imperfection	n.f.\tɛ̃pɛʁfɛksjɔ̃\timperfection, flaw\t결함, 흠\timperfection\tmalperfektaĵo
02902	1970-01-01 00:00:00	0000	0000	tuto	n.m.\ttyto\ttutorial\t튜토리얼, 지침서\ttutoriel\tlernfilmeto
02903	1970-01-01 00:00:00	0000	0000	t'inquiète	expr.\ttɛ̃kjɛt\tdon't worry\t걱정 마\tne t'inquiète pas\tne zorgu
02904	1970-01-01 00:00:00	0000	0000	画像	n.\tgazō\timage\t이미지, 영상\timage\tbildo
02905	1970-01-01 00:00:00	0000	0000	編集	n.\thenshū\tediting\t편집\tédition, montage\tredaktado
02906	1970-01-01 00:00:00	0000	0000	色調	n.\tshikitō\tcolor tone\t색조, 톤\ttonalité des couleurs\tkolortono
02907	1970-01-01 00:00:00	0000	0000	鮮やか	adj.\tazayaka\tvivid, bright\t선명한, 화사한\tvif, éclatant\thela, viva
02908	1970-01-01 00:00:00	0000	0000	保存	n.\thozon\tsaving (file)\t저장\tsauvegarde\tkonservado
02909	1970-01-01 00:00:00	0000	0000	補正	n.\thosei\tcorrection, adjustment\t보정\tcorrection, ajustement\tkorektado
02910	1970-01-01 00:00:00	0000	0000	影	n.\tkage\tshadow\t그림자\tombre\tombro
02911	1970-01-01 00:00:00	0000	0000	フィルター	n.\tfurutā\tfilter\t필터\tfiltre\tfiltrilo
02912	1970-01-01 00:00:00	0000	0000	映える	v.\tbaeru\tto look good, photogenic\t(사진이) 잘 나오다\têtre mis en valeur\taspekti bone
02913	1970-01-01 00:00:00	0000	0000	自動	n.\tjidō\tautomatic\t자동\tautomatique\taŭtomata
02914	1970-01-01 00:00:00	0000	0000	appareil photo	n.m.\taparɛj fɔto\tcamera\t카메라\tカメラ\tfotoilo
02915	1970-01-01 00:00:00	0000	0000	luminosité	n.f.\tlyminoziik\tbrightness\t밝기, 명도\t明るさ\tluminateco
02916	1970-01-01 00:00:00	0000	0000	contraste	n.m.\tkɔ̃tʁast\tcontrast\t대비, 콘트라스트\tコントラスト\tkontrasto
02917	1970-01-01 00:00:00	0000	0000	filtre	n.m.\tfiltʁ\tfilter\t필터\tフィルター\tfiltrilo
02918	1970-01-01 00:00:00	0000	0000	arrière-plan	n.m.\taʁjɛʁ plɑ̃\tbackground\t배경\t背景\tfono
02919	1970-01-01 00:00:00	0000	0000	flou	adj.\tflu\tblurry\t흐린, 블러 처리된\tブレた, ぼやけた\tnebula, senfokusa
02920	1970-01-01 00:00:00	0000	0000	recadrer	v.\tʁəkadʁe\tto crop\t(사진을) 잘라내다, 구도 잡다\tトリミングする\trekadri
02921	1970-01-01 00:00:00	0000	0000	enregistrer	v.\tɑ̃ʁəʒistʁe\tto save\t저장하다\t保存する\tkonservi
02922	1970-01-01 00:00:00	0000	0000	intelligence artificielle	n.f.\tɛ̃tɛliʒɑ̃s aʁtifisjɛl\tartificial intelligence\t인공지능\t人工知能\tartefarita inteligenteco
02923	1970-01-01 00:00:00	0000	0000	怖い	adj.\tkowai\tscary\t무섭다\teffrayant\ttimiga
02924	1970-01-01 00:00:00	0000	0000	こんなに	adv.\tkonna ni\tlike this\t이렇게\ttellement\ttiel
02925	1970-01-01 00:00:00	0000	0000	暑い	adj.\tatsui\thot (weather)\t덥다\tchaud\tvara
02926	1970-01-01 00:00:00	0000	0000	いつまでも	adv.\titsumademo\tforever\t언제까지나\tpour toujours\tĉiam
02927	1970-01-01 00:00:00	0000	0000	幸い	adv.\tsaiwai\tfortunately\t다행히\theureusement\tfeliĉe
02928	1970-01-01 00:00:00	0000	0000	いつも	adv.\titsumo\talways / usual\t평소 / 항상\ttoujours / d'habitude\tkutime
02929	1970-01-01 00:00:00	0000	0000	美しい	adj.\tutsukushii\tbeautiful\t아름답다\tbeau\tbela
02930	1970-01-01 00:00:00	0000	0000	~てる	suf.\tteru\tdoing (cont.)\t~하고 있다 (진행)\ten train de (présent)\testanta ~anta
02931	1970-01-01 00:00:00	0000	0000	~ない	suf.\tnai\tnot doing (neg.)\t~하지 않다 (부정)\tne... pas (négation)\tne ~as
02932	1970-01-01 00:00:00	0000	0000	~される	suf.\tsareru\tpassive form\t~당하다 (피동)\tforme passive\testi ~ata
02933	1970-01-01 00:00:00	0000	0000	~ないと	suf.\tnaito\tmust do (cond.)\t~해야 한다 (조건)\til faut que...\tdevas
02934	1970-01-01 00:00:00	0000	0000	feu de forêt	n.m.\tfeu de forêt\twildfire\t산불\tincendie de forêt\tarbara fajro
02935	1970-01-01 00:00:00	0000	0000	faire rage	v.\tfaire rage\tto rage\t맹위를 떨치다\tsévir\tfuriozi
02936	1970-01-01 00:00:00	0000	0000	flippant	adj.\tflippant\tscary (slang)\t소름돋는 (구어)\teffrayant (familier)\ttimiga
02937	1970-01-01 00:00:00	0000	0000	incendie	n.m.\tincendie\tfire / conflagration\t화재\tgrand feu\tincendio
02938	1970-01-01 00:00:00	0000	0000	dévaster	v.\tdévaster\tto devastate\t황폐화하다\travager\tdetrui
02939	1970-01-01 00:00:00	0000	0000	pompier	n.m.\tpompier\tfirefighter\t소방관\tsoldat du feu\tfajrobrigadisto
02940	1970-01-01 00:00:00	0000	0000	épuisé	adj.\tépuisé\texhausted\t기진맥진한\ttrès fatigué\telĉerpita
02941	1970-01-01 00:00:00	0000	0000	étincelle	n.f.\tétincelle\tspark\t불꽃\tétincelle\tsparko
02942	1970-01-01 00:00:00	0000	0000	abîmer	v.\tabîmer\tto damage\t망가뜨리다\tendommager\tdifekti
02943	1970-01-01 00:00:00	0000	0000	煙	n.\tkemuri\tsmoke\t연기\tfumée\tfumo
02944	1970-01-01 00:00:00	0000	0000	避難する	v.\thinan suru\tto evacuate\t피난하다\tévacuer\tevakui
02945	1970-01-01 00:00:00	0000	0000	乾燥	n.\tkansou\tdryness\t건조\tsécheresse / sécher\tsekeco
02946	1970-01-01 00:00:00	0000	0000	猛暑	n.\tmousho\theatwave\t폭염\tcanicule\tvarmego
02947	1970-01-01 00:00:00	0000	0000	火の用心	n.\thi no youjin\tfire precaution\t불조심\tprudence avec le feu\tatento pri fajro
02948	1970-01-01 00:00:00	0000	0000	消防車	n.\tshouboursha\tfire engine\t소방차\tcamion de pompiers\tfajrobrigada aŭto
02949	1970-01-01 00:00:00	0000	0000	被害	n.\thigai\tdamage / harm\t피해\tdégâts\tdamaĝo
02950	1970-01-01 00:00:00	0000	0000	自然破壊	n.\tshizen hakai\tenvironmental destruction\t자연 파괴\tdestruction de la nature\tnaturdetruo
02951	1970-01-01 00:00:00	0000	0000	警報	n.\tkeihou\twarning / alarm\t경보\talerte\taverto
02952	1970-01-01 00:00:00	0000	0000	ボランティア	n.\tborantia\tvolunteer\t봉사자\tbénévolat / bénévole\tvolontulo
02953	1970-01-01 00:00:00	0000	0000	sécheresse	n.f.\tsécheresse\tdrought\t가뭄\tsécheresse\tsekejo
02954	1970-01-01 00:00:00	0000	0000	fumée	n.f.\tfumée\tsmoke\t연기\tfumée\tfumo
02955	1970-01-01 00:00:00	0000	0000	évacuation	n.f.\tévacuation\tevacuation\t피난 / 대피\tévacuation\tevakuado
02956	1970-01-01 00:00:00	0000	0000	écologie	n.f.\técologie\tecology\t생태학 / 환경보호\técologie\tekologio
02957	1970-01-01 00:00:00	0000	0000	reboisement	n.m.\treboisement\treforestation\t조림 / 재식목\treboisement\trearbarigo
02958	1970-01-01 00:00:00	0000	0000	secours	n.m.pl.\tsecours\trescue / relief\t구조 / 구호\tsecours\thelpo
02959	1970-01-01 00:00:00	0000	0000	déboisement	n.m.\tdéboisement\tdeforestation\t산림 伐採\tdéboisement\tsenarbarigo
02960	1970-01-01 00:00:00	0000	0000	prévention	n.f.\tprévention\tprevention\t예방\tprévention\tprevento
02961	1970-01-01 00:00:00	0000	0000	cendre	n.f.\tcendre\tash\t재\tcendre\tcindro
02962	1970-01-01 00:00:00	0000	0000	燃え盛る	v.\tmoesakaru\tto burn fiercely\t맹렬히 타오르다\tbrûler intensément\tfurioze bruli
02963	1970-01-01 00:00:00	0000	0000	火事	n.\tkaji\tfire / conflagration\t화재 / 불\tincendie\tincendio
02964	1970-01-01 00:00:00	0000	0000	疲れ果てる	v.\ttsukarehateru\tto be exhausted\t기진맥진하다 / 녹초가 되다\têtre épuisé\telĉerpiĝi
02965	1970-01-01 00:00:00	0000	0000	火花	n.\thibana\tspark\t불꽃 / 스파크\tétincelle\tsparko
02966	1970-01-01 00:00:00	0000	0000	馬鹿げる	v.\tbakageru\tto be foolish\t어리석다 / 터무니없다\têtre absurde\testus stulte
02967	1970-01-01 00:00:00	0000	0000	消防士	n.\tshoubou-shi\tfirefighter\t소방관\tpompier\tfajrobrigadisto
02968	1970-01-01 00:00:00	0000	0000	ゾッとする	v.\tzotto suru\t소름이 돋다 / 섬뜩하다\tbe chilled / feel a shudder\tteruri\t-
02969	1970-01-01 00:00:00	0000	0000	荒らす	v.\tarasu\t황폐화하다 / 짓밟다\tdevastate / ruin\tdetrui\t-
02970	1970-01-01 00:00:00	0000	0000	及ぶ	v.\toyobu\t미치다 / 미쳐 미치다\treach / extend\tetendiĝi\t-
02971	1970-01-01 00:00:00	0000	0000	気を付ける	v.\tki o tsukeru\t주의하다 / 조심하다\tbe careful\tatenti\t-
02972	1970-01-01 00:00:00	0000	0000	傷つける	v.\tkizutsukeru\t상처를 주다 / 손상시키다\tdamage / hurt\tdifekti\t-
02973	1970-01-01 00:00:00	0000	0000	feux de forêt	n.m.\t-\t산불\twildfires\tarbaraj incendioj\t森林火災 (shinrin kasai)
02974	1970-01-01 00:00:00	0000	0000	d'habitude	adv.exp.\t-\t평소보다\tthan usual\tol kutime\tいつもより (itsumo yori)
02975	1970-01-01 00:00:00	0000	0000	気候変動	n.\tkikou hendou\t기후변화\tclimate change\tklima ŝanĝo\tchangement climatique (n.m.)
02976	1970-01-01 00:00:00	0000	0000	地球温暖化	n.\tchikyuu ondanka\t지구온난화\tglobal warming\tgloba varmiĝo\tréchauffement climatique (n.m.)
02977	1970-01-01 00:00:00	0000	0000	自然災害	n.\tshizen saigai\t자연재해\tnatural disaster\tnatura katastrofo\tcatastrophe naturelle (n.f.)
02978	1970-01-01 00:00:00	0000	0000	乾燥する	v.\tkansou suru\t건조하다\tbe dry\testi seka\têtre sec
02979	1970-01-01 00:00:00	0000	0000	消火活動	n.\tshouka katsudou\t소화 활동\tfirefighting\tfajroestingado\textinction (n.f.)
02980	1970-01-01 00:00:00	0000	0000	緊急事態	n.\tkinkyuu jitai\t비상사태\temergency\turĝeco\turgence (n.f.)
02981	1970-01-01 00:00:00	0000	0000	予防する	v.\tyobou suru\t예방하다\tprevent\tpreventi\tprévenir
02982	1970-01-01 00:00:00	0000	0000	環境保護	n.\tkankyou hogo\t환경보호\tenvironmental protection\tmediprotekto\tprotection de l'environnement (n.f.)
02983	1970-01-01 00:00:00	0000	0000	vague de chaleur	n.f.\t-\t폭염\theatwave\tvarmega ondo\t猛暑 (mousho)
02984	1970-01-01 00:00:00	0000	0000	flamme	n.f.\t-\t불길 / 화염\tflame\tflamo\t炎 (honoo)
02985	1970-01-01 00:00:00	0000	0000	éteindre	v.\t-\t(불을) 끄다\textinguish\testingi\t消火する (shouka suru)
02986	1970-01-01 00:00:00	0000	0000	ふー	interj.\tsigh\tsigh, whew\t휴, 한숨 소리\touf
02987	1970-01-01 00:00:00	0000	0000	自体	n.\tjitei\titself, main body\t자체\ten soi, lui-même
02988	1970-01-01 00:00:00	0000	0000	嫌い	adj.\tkirai\tdisliked, hating\t싫어함\tdétesté, haine
02989	1970-01-01 00:00:00	0000	0000	干す	v.\thosu\tto dry, to hang out\t(빨래를) 말리다\tsécher, étendre
02990	1970-01-01 00:00:00	0000	0000	靴下	n.\tkutsuhita\tsocks\t양말\tchaussettes
02991	1970-01-01 00:00:00	0000	0000	片方	n.\tkatahō\tone side, one of a pair\t한쪽, 짝\tun seul, un côté
02992	1970-01-01 00:00:00	0000	0000	がっくり	adv.\tgakkuri\tdisappointed, disheartened\t맥없이, 실망하여\tdépité, découragé
02993	1970-01-01 00:00:00	0000	0000	定番	n.\tteiban\tstandard, classic\t고전적인 것, 대표적\tclassique, incontournable
02994	1970-01-01 00:00:00	0000	0000	呪い	n.\tnoroi\tcurse\t저주\tmalédiction
02995	1970-01-01 00:00:00	0000	0000	洗濯機	n.\tsentakuki\twashing machine\t세탁기\tmachine à laver
02996	1970-01-01 00:00:00	0000	0000	探す	v.\tsagasu\tto search, to look for\t찾다, 뒤지다\tchercher
02997	1970-01-01 00:00:00	0000	0000	見つかる	v.\tmitsukaru\tto be found\t찾아지다, 발견되다\têtre trouvé
02998	1970-01-01 00:00:00	0000	0000	わざと	adv.\twazato\tintentionally, on purpose\t일부러\texprès
02999	1970-01-01 00:00:00	0000	0000	左右	n.\tsayū\tleft and right\t좌우, 양쪽\tgauche et droite
03000	1970-01-01 00:00:00	0000	0000	履く	v.\thaku\tto wear (on feet/legs)\t(신발, 양말을) 신다\tporter (chaussures/chaussettes)
03001	1970-01-01 00:00:00	0000	0000	反骨精神	n.\thankotsu seishin\trebellious spirit\t반항 정신, 골수\tesprit rebelle
03002	1970-01-01 00:00:00	0000	0000	lessive	n.f.\tlaundry, washing\tlaundry\t빨래, 세탁\t洗濯 (sentaku)\tlesivo
03003	1970-01-01 00:00:00	0000	0000	étendre	v.\tto hang out (laundry)\t(빨래를) 널다\t干す (hosu)\tetendi
03004	1970-01-01 00:00:00	0000	0000	linge	n.m.\tclothes, linen\t빨랫감, 세탁물\t洗濯物 (sentakumono)\ttoloj
03005	1970-01-01 00:00:00	0000	0000	dépité	adj.\tdisappointed, annoyed\t낙담한, 속상한\tがっかりした (gakkari shita)\tsenkuraĝigita
03006	1970-01-01 00:00:00	0000	0000	malédiction	n.f.\tcurse\t저주\t呪い (noroi)\tmalbeno
03007	1970-01-01 00:00:00	0000	0000	être à deux doigts de	expr.\tto be on the verge of\t~하기 직전이다\t〜しそうである (shisō de aru)\testri preskaŭ preta
03008	1970-01-01 00:00:00	0000	0000	trou noir	n.m.\tblack hole\t블랙홀\tブラックホール (burakku hōru)\tnigra truo
03009	1970-01-01 00:00:00	0000	0000	machine à laver	n.f.\twashing machine\t세탁기\t洗濯機 (sentakuki)\tlavmaŝino
03010	1970-01-01 00:00:00	0000	0000	désespérer	v.\tto drive to despair, lose hope\t절망시키다, 환장하게 하다\t落胆させる (rakutan saaseru)\tmalesperigi
03011	1970-01-01 00:00:00	0000	0000	quart d'heure	n.m.\tquarter of an hour (15 mins)\t15분\t15分 (jūgo-fun)\tkvardono da horo
03012	1970-01-01 00:00:00	0000	0000	fouiller	v.\tto search, to rummage\t뒤지다, 샅샅이 찾다\t捜し回る (sagasimawaru)\tserĉegi
03013	1970-01-01 00:00:00	0000	0000	incapable	adj.\tincapable, unable\t~할 수 없는\tできない (deki nai)\tnekapabla
03014	1970-01-01 00:00:00	0000	0000	dépareillé	adj.\tmismatched, unpaired\t짝이 맞지 않는\tあべこべの (abekobe no)\tmalsama
03015	1970-01-01 00:00:00	0000	0000	rebelle	adj.\trebellious\t반항적인\t反抗的な (hankōteki na)\tribelema
03016	1970-01-01 00:00:00	0000	0000	コインランドリー	n.\tkoin randorī\tlaundromat\t동전 세탁소\tlaverie\taŭtomata lavejo
03017	1970-01-01 00:00:00	0000	0000	柔軟剤	n.\tjūnanzai\tfabric softener\t섬유유연제\tassouplissant\tŝtof-moligilo
03018	1970-01-01 00:00:00	0000	0000	洗剤	n.\tsenzai\tdetergent\t세剤, 세제\tdétergent\tlesivo
03019	1970-01-01 00:00:00	0000	0000	脱水	n.\tdassui\tspin dry, dehydration\t탈수\tessorage\tsenakvigo
03020	1970-01-01 00:00:00	0000	0000	畳む	v.\ttatamu\tto fold (clothes)\t(옷을) gather/개다\tplier\tfaldi
03021	1970-01-01 00:00:00	0000	0000	部屋干し	n.\theya-boshi\tdrying clothes indoors\t실내 건조\tséchage en intérieur\tinterna sekigo
03022	1970-01-01 00:00:00	0000	0000	生乾き	n.\tnamagawaki\thalf-dried, damp\t덜 마름\tpas tout à fait sec\tduonsekeco
03023	1970-01-01 00:00:00	0000	0000	物干し竿	n.\tmonohosizao\tclothes drying pole\t빨래대, 건조대\tétendoir\tlav-stango
03024	1970-01-01 00:00:00	0000	0000	洗濯バサミ	n.\tsentaku basami\tclothespin\t빨래집게\tpince à linge\tlav-pinĉilo
03025	1970-01-01 00:00:00	0000	0000	漂白剤	n.\thyōhakuzai\tbleach\t표백제\teau de Javel\tblankigilo
03026	1970-01-01 00:00:00	0000	0000	laverie	n.f.\tlaundromat\t동전 세탁소\tコインランドリー (koin randorī)\taŭtomata lavejo
03027	1970-01-01 00:00:00	0000	0000	adoucissant	n.m.\tfabric softener\t섬유유연제\t柔軟剤 (jūnanzai)\tŝtof-moligilo
03028	1970-01-01 00:00:00	0000	0000	lessive en poudre	n.f.\tpowder detergent\t가루 세제\t粉洗剤 (kona senzai)\tpulvora lesivo
03029	1970-01-01 00:00:00	0000	0000	étendoir	n.m.\tdrying rack\t건조대\t物干しスタンド (monohosi sutando)\tsekigilo
03030	1970-01-01 00:00:00	0000	0000	pince à linge	n.f.\tclothespin\t빨래집게\t洗濯バサミ (sentaku basami)\tlav-pinĉilo
03031	1970-01-01 00:00:00	0000	0000	repasser	v.\tto iron\t다림질하다\tアイロンをかける (airon o kakeru)\tgladigi
03032	1970-01-01 00:00:00	0000	0000	plier	v.\tto fold\t(옷을) 접다, 개다\t畳む (tatamu)\tfaldi
03033	1970-01-01 00:00:00	0000	0000	panier à linge	n.m.\tlaundry basket\t빨래바구니\t洗濯かご (sentakukago)\tlav-korbo
03034	1970-01-01 00:00:00	0000	0000	sèche-linge	n.m.\ttumble dryer\t의류 건조기\t乾燥機 (kansōki)\tvesta sekigilo
03035	1970-01-01 00:00:00	0000	0000	tache	n.f.\tstain\t얼룩, 때\t汚れ、シミ (yogore, shimi)\tmakulo
03036	1970-01-01 00:00:00	0000	0000	UFO	n.\tUFO\tUFO\tOVNI\tUFO
03037	1970-01-01 00:00:00	0000	0000	説明がつかない	adj.\tunexplainable\t설명할 수 없는\tinexpliqué\tneklarigebla\tsetsumei ga tsukanai
03038	1970-01-01 00:00:00	0000	0000	出現	n.\tappearance / sighting\t출현 / 현상\tapparition\tapero\tshutsugen
03039	1970-01-01 00:00:00	0000	0000	見方	n.\tviewpoint / perspective\t시각 / 관점\tperspective\tperspektivo\tmikata
03040	1970-01-01 00:00:00	0000	0000	変わる	v.\tto change\t변하다 / 바뀌다\tchanger\tŝanĝiĝi\tkawaru
03041	1970-01-01 00:00:00	0000	0000	正直	adv.\thonestly\t솔직히\tfranchement\tsincere\tshoujiki
03042	1970-01-01 00:00:00	0000	0000	変わっている	v.\tto be eccentric / unusual\t유별나다 / 바뀌어 있다\têtre bizarre\test freneza\tkawatte iru
03043	1970-01-01 00:00:00	0000	0000	個人的に	adv.\tpersonally\t개인적으로\tpersonnellement\tpersone\tkojinteki ni
03044	1970-01-01 00:00:00	0000	0000	信じる	v.\tto believe\t믿다\tcroire\tkredi\tshinjiru
03045	1970-01-01 00:00:00	0000	0000	難しい	adj.\tdifficult\t어렵다\tdifficile\tmalfacila\tmuzukashii
03046	1970-01-01 00:00:00	0000	0000	目撃者	n.\teyewitness\t목격자\ttémoin\tatestanto\tmokugekisha
03047	1970-01-01 00:00:00	0000	0000	証言	n.\ttestimony\t증언\ttémoignage\tatesto\tshougen
03048	1970-01-01 00:00:00	0000	0000	信憑性	n.\tcredibility\t신빙성\tcrédibilité\tkrediserveco\tshinpyousei
03049	1970-01-01 00:00:00	0000	0000	悪夢	n.\tnightmare\t악몽\tcauchemar\tkoŝmaro\takumu
03050	1970-01-01 00:00:00	0000	0000	真っ只中	n.\tright in the middle\t한복판 / 한가운데\tplein milieu\tmezo\tmattadanaka
03051	1970-01-01 00:00:00	0000	0000	連れ去る	v.\tto kidnap / abduct\t연행하다 / 납치하다\tenlever\tforrabi\ttsuresaru
03052	1970-01-01 00:00:00	0000	0000	terminer	v.\tfinish\t끝내다\t finish\tfinii
03053	1970-01-01 00:00:00	0000	0000	documentaire	n.m.\tdocumentary\t다큐멘터리\t ドキュメンタリー\tdokumenta filmo
03054	1970-01-01 00:00:00	0000	0000	ovni	n.m.\tUFO\t유에프오\t UFO\tnifo
03055	1970-01-01 00:00:00	0000	0000	apparition	n.f.\tappearance / sighting\t출현 / 현상\t 出現\tapero
03056	1970-01-01 00:00:00	0000	0000	inexpliqué	adj.\tunexplained\t설명되지 않은\t 説明のつかない\tneklarigebla
03057	1970-01-01 00:00:00	0000	0000	franchement	adv.\thonestly\t솔직히\t 正直に\tsincere
03058	1970-01-01 00:00:00	0000	0000	remettre en perspective	exp.\tput in perspective\t관점을 바꾸다 / 재조명하다\t 見方を変えさせる\treconsideri
03059	1970-01-01 00:00:00	0000	0000	avouer	v.\tadmit\t인정하다 / 고백하다\t 認める\tkonfesi
03060	1970-01-01 00:00:00	0000	0000	avoir du mal à	exp.\thave trouble doing\t~하는 데 애를 먹다\t ~するのが難しい\tmalfacile fari
03061	1970-01-01 00:00:00	0000	0000	témoignage	n.m.\ttestimony\t증언\t 証言\tatesto
03062	1970-01-01 00:00:00	0000	0000	crédible	adj.\tcredible\t신빙성 있는\t 信憑性がある\tkrediserva
03063	1970-01-01 00:00:00	0000	0000	avoir peur	exp.\tbe scared\t두려워하다\t 怖がる\ttimi
03064	1970-01-01 00:00:00	0000	0000	cauchemar	n.m.\tnightmare\t악몽\t 悪夢\tkoŝmaro
03065	1970-01-01 00:00:00	0000	0000	t'inquiète pas	exp.\tdon't worry\t걱정 마\t 心配しないで\tne maltrankviliĝu
03066	1970-01-01 00:00:00	0000	0000	débarquer	v.\tland / arrive\t상륙하다 / 밀려들다\t やってくる\talteriĝi
03067	1970-01-01 00:00:00	0000	0000	enlever	v.\tabduct / remove\t납치하다 / 치우다\t 連れ去る\tforrabi
03068	1970-01-01 00:00:00	0000	0000	colocation	n.f.\tshared housing\t셰어하우스 / 동거\t シェアハウス\tkunloĝejo
03069	1970-01-01 00:00:00	0000	0000	宇宙人	n.\talien\t외계인\textraterrestre\teksterterano\tuchuujin
03070	1970-01-01 00:00:00	0000	0000	怪奇現象	n.\tmysterious phenomenon\t괴기 현상\tphénomène étrange\tstranga fenomeno\tkaiki genshou
03071	1970-01-01 00:00:00	0000	0000	目撃する	v.\tto witness\t목격하다\ttémoigner\tatesti\tmokugeki suru
03072	1970-01-01 00:00:00	0000	0000	疑う	v.\tto doubt\t두려워하다 / 의심하다\tdouter\tdubi\tudagau
03073	1970-01-01 00:00:00	0000	0000	都市伝説	n.\turban legend\t도시전설\tlégende urbaine\turba legendo\ttoshi densetsu
03074	1970-01-01 00:00:00	0000	0000	錯覚	n.\tillusion / hallucination\t착각\tillusion\tiluzio\tsakkaku
03075	1970-01-01 00:00:00	0000	0000	証拠	n.\tevidence / proof\t증거\tpreuve\tpruvo\tshouko
03076	1970-01-01 00:00:00	0000	0000	さらわれる	v.\tto be abducted\t납치당하다\têtre enlevé\test forrabita\tsaraweru
03077	1970-01-01 00:00:00	0000	0000	不気味	adj.\teerie / spooky\t섬뜩함 / 기괴함\tétrange / effrayant\ttimiga\tbukimi
03078	1970-01-01 00:00:00	0000	0000	extraterrestre	n.m.\talien\t외계인\t 宇宙人\teksterterano
03079	1970-01-01 00:00:00	0000	0000	soucoupe volante	n.f.\tflying saucer\t비행접시\t 空飛ぶ円盤\tfluga telero
03080	1970-01-01 00:00:00	0000	0000	enlèvement	n.m.\tabduction\t납치\t 連れ去り\tforrabado
03081	1970-01-01 00:00:00	0000	0000	preuve	n.f.\tproof\t증거\t 証拠\tpruvo
03082	1970-01-01 00:00:00	0000	0000	sceptique	adj.\tskeptical\t회의적인\t 懐疑的な\tskeptika
03083	1970-01-01 00:00:00	0000	0000	surnaturel	adj.\tsupernatural\t초자연적인\t 超自然的な\tsupernatura
03084	1970-01-01 00:00:00	0000	0000	illusion	n.f.\tillusion\t착각 / 환상\t 錯覚\tiluzio
03085	1970-01-01 00:00:00	0000	0000	frissonner	v.\tshiver / shudder\t소름 돋다\t ぞっとする\ttremi
03086	1970-01-01 00:00:00	0000	0000	paranormal	adj.\tparanormal\t심령의 / 초자연적인\t 超常現象の\tparanormala
03087	1970-01-01 00:00:00	0000	0000	légende urbaine	n.f.\turban legend\t도시전설\t 都市伝説\turba legendo
03088	1970-01-01 00:00:00	0000	0000	詰める	v.\tpack, stuff\t싸다, 채우다\tpaker, remplir\tpaki, plenigi\ttsumeru
03089	1970-01-01 00:00:00	0000	0000	準備する	v.\tprepare\t준비하다\tpréparer\tprepari\tjunbi suru
03090	1970-01-01 00:00:00	0000	0000	積み込む	v.\tload into\t실어 넣다\tcharger\tŝargi\ttsumikomu
03091	1970-01-01 00:00:00	0000	0000	嬉しい	adj.\thappy, glad\t기쁘다\tcontent, heureux\tfeliĉa\tureshii
03092	1970-01-01 00:00:00	0000	0000	ミリ単位	n.\tmillimeter scale/unit\t밀리미터 단위\tau millimètre près\tmilimetra unuo\tmiri tani
03093	1970-01-01 00:00:00	0000	0000	ようやく	adv.\tfinally, at last\t마침내, 겨우\tenfin\tfinfine\tyouyaku
03094	1970-01-01 00:00:00	0000	0000	広い	adj.\tspacious, wide\t넓다\tlarge, spacieux\tlarĝa, spaca\thiroi
03095	1970-01-01 00:00:00	0000	0000	本物	n.\treal thing, genuine\t진짜, 본물\tvrai, authentique\tvera aĵo\thonmono
03096	1970-01-01 00:00:00	0000	0000	どこへでも	adv.\tanywhere, wherever\t어디로든\tn'importe où\tkien ajn\tdoko e demo
03097	1970-01-01 00:00:00	0000	0000	valise	n.f.\tsuitcase\t가방, 캐리어\tスーツケース\tvalizo
03098	1970-01-01 00:00:00	0000	0000	glacière	n.f.\tcooler, icebox\t아이스박스\tクーラーボックス\tglaciujo
03099	1970-01-01 00:00:00	0000	0000	départ	n.m.\tdeparture\t출발\t出発\tforiro
03100	1970-01-01 00:00:00	0000	0000	route	n.f.\troad, route\t길, 도로\t road, 道\tvojo
03101	1970-01-01 00:00:00	0000	0000	lit	n.m.\tbed\t침대\tベッド\tlito
03102	1970-01-01 00:00:00	0000	0000	cocon	n.m.\tcocoon, cozy space\t고치, 아늑한 공간\tコクーン, 居心地の良い場所\tkokono
03103	1970-01-01 00:00:00	0000	0000	finir	v.\tfinish\t끝내다\t終わらせる\tfini
03104	1970-01-01 00:00:00	0000	0000	charger	v.\tload\t싣다\t積み込む\tŝargi
03105	1970-01-01 00:00:00	0000	0000	prendre la route	exp.\thit the road, leave\t길을 떠나다, 출발하다\t出発する\tekiri la vojon
03106	1970-01-01 00:00:00	0000	0000	au millimètre près	exp.\tdown to the millimeter\t밀리미터 단위까지 정확히\tミリ単位で正確に\tkun milimetra precizeco
03107	1970-01-01 00:00:00	0000	0000	ドライブ	n.\tdrive, road trip\t드라이브\tdrive, trip\tpromeno per aŭto\tdoraibu
03108	1970-01-01 00:00:00	0000	0000	荷物	n.\tluggage, baggage\t짐, 화물\tluggage, baggage\tpakaĵo\tnimotsu
03109	1970-01-01 00:00:00	0000	0000	積み下ろし	n.\tloading and unloading\t짐을 싣고 내림\tloading and unloading\tŝargado kaj malŝargado\ttsumioroshi
03110	1970-01-01 00:00:00	0000	0000	目的地	n.\tdestination\t목적지\tdestination\tcelloko\tmokutekichi
03111	1970-01-01 00:00:00	0000	0000	出発する	v.\tdepart, leave\t출발하다\tdepart\tforiri\tshuppatsu suru
03112	1970-01-01 00:00:00	0000	0000	快適な	adj.\tcomfortable, cozy\t쾌적한\tcomfortable, cozy\tkomforta\tkaiteki na
03113	1970-01-01 00:00:00	0000	0000	詰め込む	v.\tcram, pack tightly\t쑤셔 넣다, 가득 채우다\tcram, pack tightly\tenŝovi, paki\ttsumekomu
03114	1970-01-01 00:00:00	0000	0000	bagages	n.m.pl.\tluggage, baggage\t짐, 수하물\t荷物\tpakaĵoj
03115	1970-01-01 00:00:00	0000	0000	coffre	n.m.\ttrunk, boot\t트렁크\tトランク\taŭtocostro
03116	1970-01-01 00:00:00	0000	0000	remorque	n.f.\ttrailer\t트레일러, 견인차\tトレーラー\tpostveturilo
03117	1970-01-01 00:00:00	0000	0000	destination	n.f.\tdestination\t목적지\t目的地\tcelloko
03118	1970-01-01 00:00:00	0000	0000	sieste	n.f.\tnap, siesta\t낮잠\t昼寝\tsiesto
03119	1970-01-01 00:00:00	0000	0000	équipement	n.m.\tequipment, gear\t장비, 용품\t装備, 道具\tekipaĵo
03120	1970-01-01 00:00:00	0000	0000	faire le plein	exp.\tfill up the tank\t주유하다, 가득 채우다\tガソリンを満タンにする\tplenigi la benzinujon
03121	1970-01-01 00:00:00	0000	0000	se mettre en route	exp.\tset off, hit the road\t출발하다, 길을 나서다\t出発する, 旅立つ\tekiri
03122	1970-01-01 00:00:00	0000	0000	s'installer	v.\tsettle in, set up camp\t자리 잡다, 정착하다\t落ち着く, 設置する\tinstaliĝi
03123	1970-01-01 00:00:00	0000	0000	準備	n. (junbi)\tpreparation\t준비\tpréparation\tpreparado
03124	1970-01-01 00:00:00	0000	0000	経る	v. (heru)\tto pass through; to go through\t거치다; 지나다\tpasser par; traverser\ttrapasi
03125	1970-01-01 00:00:00	0000	0000	離れる	v. (hanareru)\tto leave; to depart\t떠나다; 떨어지다\tquitter; se séparer\tforlasi
03126	1970-01-01 00:00:00	0000	0000	寂しい	adj-i. (sabishii)\tlonely; sad\t외롭다; 씁쓸하다\ttriste; solitaire\tosceda
03127	1970-01-01 00:00:00	0000	0000	預ける	v. (azakeru)\tto entrust; to deposit\t맡기다\tconfier; déposer\tkonfidi
03128	1970-01-01 00:00:00	0000	0000	心配	n. (shinpai)\tworry; anxiety\t걱정; 근심\tinquiétude\tzorgo
03129	1970-01-01 00:00:00	0000	0000	戻る	v. (modoru)\tto return; to go back\t돌아가다; 돌아오다\tretourner; revenir\treveni
03130	1970-01-01 00:00:00	0000	0000	楽しむ	v. (tanoshimu)\tto enjoy\t즐기다\tprofiter; apprécier\tĝui
03131	1970-01-01 00:00:00	0000	0000	moteur	n.m.\tengine\t엔진\tエンジン (enjin)\tmotoro
03132	1970-01-01 00:00:00	0000	0000	galère	n.f.\tstruggle; hardship\t고생; 곤경\tトラブル (toraburu)\tmalfacilaĵo
03133	1970-01-01 00:00:00	0000	0000	ventre	n.m.\tstomach; belly\t배; 복부\tお腹 (onaka)\tventro
03134	1970-01-01 00:00:00	0000	0000	clé	n.f.\tkey\t열쇠\t鍵 (kagi)\tklavo
03135	1970-01-01 00:00:00	0000	0000	voisin	n.m.\tneighbor\t이웃\t隣人 (rinjin)\tnajbaro
03136	1970-01-01 00:00:00	0000	0000	au revoir	n.m.\tfarewell; goodbye\t작별 인사; 다시 만남\tまたね (matane)\tĝisrevido
03137	1970-01-01 00:00:00	0000	0000	vacances	n.f.pl.\tvacations; holidays\t휴가\tバカンス (bakansu)\tferioj
03138	1970-01-01 00:00:00	0000	0000	avoir des papillons dans le ventre	expr.\thave butterflies in stomach\t(설레서) 가슴이 두근거리다\t胸がワクワクする (mune ga wakuwaku suru)\thavi papiliojn en la ventro
03139	1970-01-01 00:00:00	0000	0000	finir par + inf.	expr.\tend up doing\t결국 ~하게 되다\t結局〜することになる (kekkyoku ~ suru koto ni naru)\tfinfine + inf.
03140	1970-01-01 00:00:00	0000	0000	キャンピングカー	n.\tcamper van; RV\t캠핑카\tcamping-car\tdomet-aŭto
03141	1970-01-01 00:00:00	0000	0000	荷造り	n. (nizukuri)\tpacking\t짐 싸기\tfaire les bagages\tpakado
03142	1970-01-01 00:00:00	0000	0000	鍵をかける	expr. (kagi o kakeru)\tlock the door\t문/열쇠를 잠그다\tverrouiller la porte\tŝlosi la pordon
03143	1970-01-01 00:00:00	0000	0000	留守にする	expr. (rusu ni suru)\tto be away from home\t집을 비우다\têtre absent de chez soi\testi for de la hejmo
03144	1970-01-01 00:00:00	0000	0000	お土産	n. (omiyage)\tsouvenir\t선물; 기념품\tsouvenir\tsuveniro
03145	1970-01-01 00:00:00	0000	0000	旅費	n. (ryohi)\ttravel expenses\t여행 경비\tfrais de voyage\tvojaĝkostoj
03146	1970-01-01 00:00:00	0000	0000	渋滞	n. (juutai)\ttraffic jam\t교통 체증\tembouteillage\ttrafikprokrasto
03147	1970-01-01 00:00:00	0000	0000	安全運転	n. (anzen unten)\tsafe driving\t안전 운전\tconduite sûre\tsekura veturado
03148	1970-01-01 00:00:00	0000	0000	bagage	n.m.\tluggage; baggage\t짐; 수하물\t荷物 (nimotsu)\tpakaĵo
03149	1970-01-01 00:00:00	0000	0000	carte	n.f.\tmap\t지도\t地図 (chizu)\tmapo
03150	1970-01-01 00:00:00	0000	0000	essence	n.f.\tgasoline; fuel\t휘발유; 연료\tガソリン (gasorin)\tbenzino
03151	1970-01-01 00:00:00	0000	0000	autoroute	n.f.\thighway; freeway\t고속도로\t高速道路 (kousokudouro)\taŭtovojo
03152	1970-01-01 00:00:00	0000	0000	passager	n.m.\tpassenger\t탑승객; 승객\t乗客 (jookyaku)\tpasaĝero
03153	1970-01-01 00:00:00	0000	0000	pause	n.f.\tbreak; pause\t휴식; 휴게\t休憩 (kyuukei)\tpaŭzo
03154	1970-01-01 00:00:00	0000	0000	conduire	v.\tto drive\t운전하다\t運転する (unten suru)\tveturigi
03155	1970-01-01 00:00:00	0000	0000	必要	hitsuyou\tadj.\tnecessary\t필요한\tnécessaire\tbezona
03156	1970-01-01 00:00:00	0000	0000	工具箱	kougubako\tn.\ttoolbox\t공구함\tboîte à outils\tilujo
03157	1970-01-01 00:00:00	0000	0000	毎回	maikai\tadv.\tevery time\t매번\tchaque fois\tĉiufoje
03158	1970-01-01 00:00:00	0000	0000	動く	ugoku\tv.\tto move\t움직이다\tbouger\tmoviĝi
03159	1970-01-01 00:00:00	0000	0000	直す	naosu\tv.\tto fix, repair\t고치다, 수리하다\tréparer\tripari
03160	1970-01-01 00:00:00	0000	0000	壊す	kowasu\tv.\tto break\t부수다, 고장 내다\tcasser\trompi
03161	1970-01-01 00:00:00	0000	0000	boîte	n.f.\tbox\t상자\thako (箱)\tskatolo
03162	1970-01-01 00:00:00	0000	0000	outil	n.m.\ttool\t공구, 도구\ttsuuru (ツール)\tilo
03163	1970-01-01 00:00:00	0000	0000	manquer	v.\tto be missing\t모자라다, 부족하다\ttarinai (足りない)\tmanki
03164	1970-01-01 00:00:00	0000	0000	réparer	v.\tto fix, repair\t수리하다\tnaosu (直す)\tripari
03165	1970-01-01 00:00:00	0000	0000	casser	v.\tto break\t깨뜨리다, 부수다\tkowasu (壊す)\trompi
03166	1970-01-01 00:00:00	0000	0000	toucher	v.\tto touch\t만지다\tsawaru (触る)\ttuŝi
03167	1970-01-01 00:00:00	0000	0000	remarquer	v.\tto notice\t눈치채다\tkizuku (気づく)\trimarki
03168	1970-01-01 00:00:00	0000	0000	修理	shuuri\tn.\trepair, fix\t수리\tréparation\triparo
03169	1970-01-01 00:00:00	0000	0000	ネジ	neji\tn.\tscrew\t나사\tvis\tŝraŭbo
03170	1970-01-01 00:00:00	0000	0000	ドライバー	doraibaa\tn.\tscrewdriver\t드라이버\ttournevis\tŝraŭbturnilo
03171	1970-01-01 00:00:00	0000	0000	ペンチ	penchi\tn.\tpliers\t펜치\tpince\tpinĉilo
03172	1970-01-01 00:00:00	0000	0000	作業	sagyou\tn.\twork, operation\t작업\ttravail\tlaboro
03173	1970-01-01 00:00:00	0000	0000	壊れる	kowareru\tv.\tto break, be broken\t고장 나다, 부서지다\tse casser\trompiĝi
03174	1970-01-01 00:00:00	0000	0000	散らかす	chirakasu\tv.\tto clutter, mess up\t어질러놓다\téparpiller\tsenordigi
03175	1970-01-01 00:00:00	0000	0000	紛失する	funshitsu suru\tv.\tto lose, misplace\t분실하다\tperdre\tperdi
03176	1970-01-01 00:00:00	0000	0000	分解する	bunkai suru\tv.\tto disassemble\t분해하다\tdémonter\tmalkonstrui
03177	1970-01-01 00:00:00	0000	0000	手入れ	teire\tn.\tmaintenance, care\t손질, 정비\tentretien\tprizorgo
03178	1970-01-01 00:00:00	0000	0000	marteau	n.m.\thammer\t망치\thanmaa (ハンマー)\tmartelo
03179	1970-01-01 00:00:00	0000	0000	tournevis	n.m.\tscrewdriver\t드라이버\tdoraibaa (ドライバー)\tŝraŭbturnilo
03180	1970-01-01 00:00:00	0000	0000	vis	n.f.\tscrew\t나사\tneji (ネジ)\tŝraŭbo
03181	1970-01-01 00:00:00	0000	0000	réparation	n.f.\trepair\t수리\tshuuri (修理)\triparo
03182	1970-01-01 00:00:00	0000	0000	casserole	n.f.\tpan (coll. junk)\t냄비 (잡동사니)\tnabe (鍋)\tpoto
03183	1970-01-01 00:00:00	0000	0000	entretien	n.m.\tmaintenance\t정비, 유지\tteire (手入れ)\tprizorgo
03184	1970-01-01 00:00:00	0000	0000	perdre	v.\tto lose\t잃어버리다\tnakusu (なくす)\tperdi
